2026-04-29 13:19:57,353 INFO HTTP Request: GET https://obrqnthgqczkhffbsbac.supabase.co/rest/v1/bids?select=bid_id%2Ctitle%2Cagency%2Cdue_date%2Csource&is_relevant=eq.True&due_date=lt.2026-04-29 "HTTP/2 200 OK"
2026-04-29 13:19:57,356 INFO Found 5 past-due bid(s)(dry run)
2026-04-29 13:19:57,356 INFO   [DRY] QB-26-02 — Flooring Replacement - Final Phase Bid Pack 1 (due 2026-04-24 · Quality Bidders)
2026-04-29 13:19:57,356 INFO   [DRY] QB-26-03 — Flooring Replacement Final Phase Bid Pack 2 (due 2026-04-24 · Quality Bidders)
2026-04-29 13:19:57,356 INFO   [DRY] QB-26-04 — Flooring Replacement - Final Phase Bid Pack 3 (due 2026-04-24 · Quality Bidders)
2026-04-29 13:19:57,356 INFO   [DRY] CCOP-04A7539 — IFB Security Lobby Turnstiles and Gate Barrier Arms Ins (due 2026-04-28 · Caltrans CCOP)
2026-04-29 13:19:57,356 INFO   [DRY] 443939326959 — FY Floor Coverings (Various Locations) (due 2026-04-23 · BidNet Direct)
2026-04-29 13:20:04,211 INFO HTTP Request: GET https://obrqnthgqczkhffbsbac.supabase.co/rest/v1/bids?select=bid_id%2Ctitle%2Cagency%2Cdue_date%2Csource&is_relevant=eq.True&due_date=lt.2026-04-29 "HTTP/2 200 OK"
2026-04-29 13:20:04,212 INFO Found 5 past-due bid(s)
2026-04-29 13:20:04,212 INFO   [EXPIRE] QB-26-02 — Flooring Replacement - Final Phase Bid Pack 1 (due 2026-04-24 · Quality Bidders)
2026-04-29 13:20:04,212 INFO   [EXPIRE] QB-26-03 — Flooring Replacement Final Phase Bid Pack 2 (due 2026-04-24 · Quality Bidders)
2026-04-29 13:20:04,212 INFO   [EXPIRE] QB-26-04 — Flooring Replacement - Final Phase Bid Pack 3 (due 2026-04-24 · Quality Bidders)
2026-04-29 13:20:04,212 INFO   [EXPIRE] CCOP-04A7539 — IFB Security Lobby Turnstiles and Gate Barrier Arms Ins (due 2026-04-28 · Caltrans CCOP)
2026-04-29 13:20:04,212 INFO   [EXPIRE] 443939326959 — FY Floor Coverings (Various Locations) (due 2026-04-23 · BidNet Direct)
2026-04-29 13:20:04,644 INFO HTTP Request: PATCH https://obrqnthgqczkhffbsbac.supabase.co/rest/v1/bids?bid_id=in.%28QB-26-02%2CQB-26-03%2CQB-26-04%2CCCOP-04A7539%2C443939326959%29 "HTTP/2 200 OK"
2026-04-29 13:20:04,647 INFO Expired 5 bid(s)
2026-04-29 13:21:23,572 INFO HTTP Request: GET https://obrqnthgqczkhffbsbac.supabase.co/rest/v1/bids?select=bid_id%2Ctitle%2Cagency%2Cdue_date%2Csource&is_relevant=eq.True&due_date=lt.2026-04-29 "HTTP/2 200 OK"
2026-04-29 13:21:23,573 INFO No past-due relevant bids — nothing to expire
2026-04-29 13:36:39,032 INFO HTTP Request: GET https://obrqnthgqczkhffbsbac.supabase.co/rest/v1/bids?select=bid_id%2Ctitle%2Cagency%2Cdue_date%2Csource&due_date=lt.2026-04-29&bid_status=neq.expired "HTTP/2 200 OK"
2026-04-29 13:36:39,035 INFO Found 17 past-due bid(s)(dry run)
2026-04-29 13:36:39,035 INFO   [DRY] 443956362779 — Bathroom Remodel in Los Angeles County (due 2026-04-23 · BidNet Direct)
2026-04-29 13:36:39,035 INFO   [DRY] CRISP-830 — Los Angeles USD - 2610068 Walnut Park MS (due 2026-04-23 · Crisp Plan Room)
2026-04-29 13:36:39,035 INFO   [DRY] CRISP-821 — Irvine USD - ICIA Relocatable Classrooms 2026 (due 2026-04-23 · Crisp Plan Room)
2026-04-29 13:36:39,035 INFO   [DRY] CRISP-811 — San Diego USD - CP26-0874-52-00-00 (due 2026-04-23 · Crisp Plan Room)
2026-04-29 13:36:39,035 INFO   [DRY] CRISP-833 — Los Angeles USD - 2610050 Eagle Rock HS (due 2026-04-23 · Crisp Plan Room)
2026-04-29 13:36:39,035 INFO   [DRY] 443959946290 — Band Trailers, District-Wide (due 2026-04-24 · BidNet Direct)
2026-04-29 13:36:39,035 INFO   [DRY] SOCAL-1201 — Parkview Elementary School Painting Project; 25-26-14 (due 2026-04-24 · SoCal Plan Room)
2026-04-29 13:36:39,035 INFO   [DRY] SOCAL-1200 — EO Green Junior High School Painting Project; 25-26-13 (due 2026-04-24 · SoCal Plan Room)
2026-04-29 13:36:39,035 INFO   [DRY] CRISP-834 — Los Angeles USD - 2610059 Charles Drew MS (due 2026-04-24 · Crisp Plan Room)
2026-04-29 13:36:39,035 INFO   [DRY] CRISP-769 — Los Angeles USD - 2610030 Gardena HS (due 2026-04-24 · Crisp Plan Room)
2026-04-29 13:36:39,035 INFO   [DRY] SOCAL-1202 — Williams Elementary School Painting Project; 25-26-15 (due 2026-04-24 · SoCal Plan Room)
2026-04-29 13:36:39,035 INFO   [DRY] 443967883167 — Alpine County Janitorial Service Request for Bids (Mark (due 2026-04-24 · BidNet Direct)
2026-04-29 13:36:39,035 INFO   [DRY] 443954788419 — Districtwide Fleet Vehicles and Operational Equipment (due 2026-04-27 · BidNet Direct)
2026-04-29 13:36:39,035 INFO   [DRY] CRISP-841 — Los Angeles USD - 2610056 Locke College Preparatory Aca (due 2026-04-27 · Crisp Plan Room)
2026-04-29 13:36:39,035 INFO   [DRY] 443951240895 — Janitorial Services - Santa Cruz County (due 2026-04-28 · BidNet Direct)
2026-04-29 13:36:39,035 INFO   [DRY] CRISP-825 — Irvine USD - SVMS Expansion and ME Series 4 Interior Im (due 2026-04-28 · Crisp Plan Room)
2026-04-29 13:36:39,035 INFO   [DRY] CRISP-813 — LosAngeles USD - 2610058 Hollywood HS (due 2026-04-28 · Crisp Plan Room)
2026-04-29 13:36:44,050 INFO HTTP Request: GET https://obrqnthgqczkhffbsbac.supabase.co/rest/v1/bids?select=bid_id%2Ctitle%2Cagency%2Cdue_date%2Csource&due_date=lt.2026-04-29&bid_status=neq.expired "HTTP/2 200 OK"
2026-04-29 13:36:44,052 INFO Found 17 past-due bid(s)
2026-04-29 13:36:44,052 INFO   [EXPIRE] 443956362779 — Bathroom Remodel in Los Angeles County (due 2026-04-23 · BidNet Direct)
2026-04-29 13:36:44,052 INFO   [EXPIRE] CRISP-830 — Los Angeles USD - 2610068 Walnut Park MS (due 2026-04-23 · Crisp Plan Room)
2026-04-29 13:36:44,052 INFO   [EXPIRE] CRISP-821 — Irvine USD - ICIA Relocatable Classrooms 2026 (due 2026-04-23 · Crisp Plan Room)
2026-04-29 13:36:44,052 INFO   [EXPIRE] CRISP-811 — San Diego USD - CP26-0874-52-00-00 (due 2026-04-23 · Crisp Plan Room)
2026-04-29 13:36:44,052 INFO   [EXPIRE] CRISP-833 — Los Angeles USD - 2610050 Eagle Rock HS (due 2026-04-23 · Crisp Plan Room)
2026-04-29 13:36:44,052 INFO   [EXPIRE] 443959946290 — Band Trailers, District-Wide (due 2026-04-24 · BidNet Direct)
2026-04-29 13:36:44,052 INFO   [EXPIRE] SOCAL-1201 — Parkview Elementary School Painting Project; 25-26-14 (due 2026-04-24 · SoCal Plan Room)
2026-04-29 13:36:44,052 INFO   [EXPIRE] SOCAL-1200 — EO Green Junior High School Painting Project; 25-26-13 (due 2026-04-24 · SoCal Plan Room)
2026-04-29 13:36:44,052 INFO   [EXPIRE] CRISP-834 — Los Angeles USD - 2610059 Charles Drew MS (due 2026-04-24 · Crisp Plan Room)
2026-04-29 13:36:44,052 INFO   [EXPIRE] CRISP-769 — Los Angeles USD - 2610030 Gardena HS (due 2026-04-24 · Crisp Plan Room)
2026-04-29 13:36:44,052 INFO   [EXPIRE] SOCAL-1202 — Williams Elementary School Painting Project; 25-26-15 (due 2026-04-24 · SoCal Plan Room)
2026-04-29 13:36:44,052 INFO   [EXPIRE] 443967883167 — Alpine County Janitorial Service Request for Bids (Mark (due 2026-04-24 · BidNet Direct)
2026-04-29 13:36:44,053 INFO   [EXPIRE] 443954788419 — Districtwide Fleet Vehicles and Operational Equipment (due 2026-04-27 · BidNet Direct)
2026-04-29 13:36:44,053 INFO   [EXPIRE] CRISP-841 — Los Angeles USD - 2610056 Locke College Preparatory Aca (due 2026-04-27 · Crisp Plan Room)
2026-04-29 13:36:44,053 INFO   [EXPIRE] 443951240895 — Janitorial Services - Santa Cruz County (due 2026-04-28 · BidNet Direct)
2026-04-29 13:36:44,053 INFO   [EXPIRE] CRISP-825 — Irvine USD - SVMS Expansion and ME Series 4 Interior Im (due 2026-04-28 · Crisp Plan Room)
2026-04-29 13:36:44,053 INFO   [EXPIRE] CRISP-813 — LosAngeles USD - 2610058 Hollywood HS (due 2026-04-28 · Crisp Plan Room)
2026-04-29 13:36:44,459 INFO HTTP Request: PATCH https://obrqnthgqczkhffbsbac.supabase.co/rest/v1/bids?bid_id=in.%28443956362779%2CCRISP-830%2CCRISP-821%2CCRISP-811%2CCRISP-833%2C443959946290%2CSOCAL-1201%2CSOCAL-1200%2CCRISP-834%2CCRISP-769%2CSOCAL-1202%2C443967883167%2C443954788419%2CCRISP-841%2C443951240895%2CCRISP-825%2CCRISP-813%29 "HTTP/2 200 OK"
2026-04-29 13:36:44,463 INFO Expired 17 bid(s)
2026-04-29 13:36:44,726 INFO HTTP Request: GET https://obrqnthgqczkhffbsbac.supabase.co/rest/v1/bids?select=bid_id%2Ctitle%2Cbid_status&is_relevant=eq.True&bid_status=in.%28no_bid%2Cexpired%29 "HTTP/2 200 OK"
2026-04-29 13:36:44,727 INFO No manually-closed bids to sync
2026-04-29 16:30:05,818 INFO HTTP Request: GET https://obrqnthgqczkhffbsbac.supabase.co/rest/v1/bids?select=bid_id%2Ctitle%2Cagency%2Cdue_date%2Csource&due_date=lt.2026-04-29&bid_status=neq.expired "HTTP/2 200 OK"
2026-04-29 16:30:05,818 INFO HTTP Request: GET https://obrqnthgqczkhffbsbac.supabase.co/rest/v1/bids?select=bid_id%2Ctitle%2Cagency%2Cdue_date%2Csource&due_date=lt.2026-04-29&bid_status=neq.expired "HTTP/2 200 OK"
2026-04-29 16:30:05,821 INFO No past-due relevant bids — nothing to expire
2026-04-29 16:30:05,821 INFO No past-due relevant bids — nothing to expire
✓ Nothing to expire
2026-04-29 18:30:17,290 INFO HTTP Request: GET https://obrqnthgqczkhffbsbac.supabase.co/rest/v1/bids?select=bid_id%2Ctitle%2Cagency%2Cdue_date%2Csource&due_date=lt.2026-04-29&bid_status=neq.expired "HTTP/2 200 OK"
2026-04-29 18:30:17,291 INFO No past-due relevant bids — nothing to expire
2026-04-30 16:30:04,417 INFO HTTP Request: GET https://obrqnthgqczkhffbsbac.supabase.co/rest/v1/bids?select=bid_id%2Ctitle%2Cagency%2Cdue_date%2Csource&due_date=lt.2026-04-30&bid_status=neq.expired "HTTP/2 200 OK"
2026-04-30 16:30:04,417 INFO HTTP Request: GET https://obrqnthgqczkhffbsbac.supabase.co/rest/v1/bids?select=bid_id%2Ctitle%2Cagency%2Cdue_date%2Csource&due_date=lt.2026-04-30&bid_status=neq.expired "HTTP/2 200 OK"
2026-04-30 16:30:04,420 INFO Found 4 past-due bid(s)
2026-04-30 16:30:04,420 INFO Found 4 past-due bid(s)
2026-04-30 16:30:04,420 INFO   [EXPIRE] CCOP-03A4129 — IFPQ General Building Repairs in El Dorado County (due 2026-04-29 · Caltrans CCOP)
2026-04-30 16:30:04,420 INFO   [EXPIRE] CCOP-03A4129 — IFPQ General Building Repairs in El Dorado County (due 2026-04-29 · Caltrans CCOP)
2026-04-30 16:30:04,420 INFO   [EXPIRE] 443947029990 — Appliance Decommissioning and Recycling Services (due 2026-04-29 · BidNet Direct)
2026-04-30 16:30:04,420 INFO   [EXPIRE] 443947029990 — Appliance Decommissioning and Recycling Services (due 2026-04-29 · BidNet Direct)
2026-04-30 16:30:04,420 INFO   [EXPIRE] CRISP-836 — Los Angeles USD - 2610071 Carson HS (due 2026-04-29 · Crisp Plan Room)
2026-04-30 16:30:04,420 INFO   [EXPIRE] CRISP-836 — Los Angeles USD - 2610071 Carson HS (due 2026-04-29 · Crisp Plan Room)
2026-04-30 16:30:04,421 INFO   [EXPIRE] SOCAL-1199 — SBUSD #16-25/26 Adams Elementary School Sewer Line Repl (due 2026-04-29 · SoCal Plan Room)
2026-04-30 16:30:04,421 INFO   [EXPIRE] SOCAL-1199 — SBUSD #16-25/26 Adams Elementary School Sewer Line Repl (due 2026-04-29 · SoCal Plan Room)
2026-04-30 16:30:04,737 INFO HTTP Request: PATCH https://obrqnthgqczkhffbsbac.supabase.co/rest/v1/bids?bid_id=in.%28CCOP-03A4129%2C443947029990%2CCRISP-836%2CSOCAL-1199%29 "HTTP/2 200 OK"
2026-04-30 16:30:04,737 INFO HTTP Request: PATCH https://obrqnthgqczkhffbsbac.supabase.co/rest/v1/bids?bid_id=in.%28CCOP-03A4129%2C443947029990%2CCRISP-836%2CSOCAL-1199%29 "HTTP/2 200 OK"
2026-04-30 16:30:04,740 INFO Expired 4 bid(s)
2026-04-30 16:30:04,740 INFO Expired 4 bid(s)
2026-04-30 16:30:04,950 INFO HTTP Request: GET https://obrqnthgqczkhffbsbac.supabase.co/rest/v1/bids?select=bid_id%2Ctitle%2Cbid_status&is_relevant=eq.True&bid_status=in.%28no_bid%2Cexpired%29 "HTTP/2 200 OK"
2026-04-30 16:30:04,950 INFO HTTP Request: GET https://obrqnthgqczkhffbsbac.supabase.co/rest/v1/bids?select=bid_id%2Ctitle%2Cbid_status&is_relevant=eq.True&bid_status=in.%28no_bid%2Cexpired%29 "HTTP/2 200 OK"
2026-04-30 16:30:04,952 INFO Found 16 manually-closed bid(s) still marked relevant
2026-04-30 16:30:04,952 INFO Found 16 manually-closed bid(s) still marked relevant
2026-04-30 16:30:04,952 INFO   [SYNC] SAM-W911PT26CA006 — VARIOUS BUILDING REPAIRS, FLOORING & FURNITURE RELOCATI (status: no_bid)
2026-04-30 16:30:04,952 INFO   [SYNC] SAM-W911PT26CA006 — VARIOUS BUILDING REPAIRS, FLOORING & FURNITURE RELOCATI (status: no_bid)
2026-04-30 16:30:04,952 INFO   [SYNC] SAM-W9123726QA020 — Marietta Repair Station Office Flooring; W91237-26-Q-A0 (status: no_bid)
2026-04-30 16:30:04,952 INFO   [SYNC] SAM-W9123726QA020 — Marietta Repair Station Office Flooring; W91237-26-Q-A0 (status: no_bid)
2026-04-30 16:30:04,952 INFO   [SYNC] 8770067214 — 20(25-26)FP - Renovation of Science Labs at Garey High  (status: no_bid)
2026-04-30 16:30:04,952 INFO   [SYNC] 8770067214 — 20(25-26)FP - Renovation of Science Labs at Garey High  (status: no_bid)
2026-04-30 16:30:04,952 INFO   [SYNC] 8807236670 — Acquisition, Rehabilitation, Resale Project (status: no_bid)
2026-04-30 16:30:04,952 INFO   [SYNC] 8807236670 — Acquisition, Rehabilitation, Resale Project (status: no_bid)
2026-04-30 16:30:04,952 INFO   [SYNC] SAM-W50S7526QA016 — 146 CES Install Sim Bldg Flooring B700 (status: no_bid)
2026-04-30 16:30:04,952 INFO   [SYNC] SAM-W50S7526QA016 — 146 CES Install Sim Bldg Flooring B700 (status: no_bid)
2026-04-30 16:30:04,952 INFO   [SYNC] SAM-19JA8026Q0017 — Acquisition of Wood Flooring and Adhesives (status: no_bid)
2026-04-30 16:30:04,952 INFO   [SYNC] SAM-19JA8026Q0017 — Acquisition of Wood Flooring and Adhesives (status: no_bid)
2026-04-30 16:30:04,952 INFO   [SYNC] SAM-140P4526Q0002 — S--MAVA REPLACE FIRST FLOOR CARPETING (status: no_bid)
2026-04-30 16:30:04,952 INFO   [SYNC] SAM-140P4526Q0002 — S--MAVA REPLACE FIRST FLOOR CARPETING (status: no_bid)
2026-04-30 16:30:04,952 INFO   [SYNC] SAM-36C25726P0432 — Carpet Removal and Installation of Flooring - CTXVA Tem (status: no_bid)
2026-04-30 16:30:04,952 INFO   [SYNC] SAM-36C25726P0432 — Carpet Removal and Installation of Flooring - CTXVA Tem (status: no_bid)
2026-04-30 16:30:04,952 INFO   [SYNC] SAM-3003660 — Walk Off Carpet Service - Rome NY (status: no_bid)
2026-04-30 16:30:04,952 INFO   [SYNC] SAM-3003660 — Walk Off Carpet Service - Rome NY (status: no_bid)
2026-04-30 16:30:04,953 INFO   [SYNC] SAM-FA303026R0005 — B334 Repair Kitchen Flooring (status: no_bid)
2026-04-30 16:30:04,953 INFO   [SYNC] SAM-FA303026R0005 — B334 Repair Kitchen Flooring (status: no_bid)
2026-04-30 16:30:04,953 INFO   [SYNC] SAM-FA309926Q1011 — Repair Flooring Student Pilot Housing, Multiple Facilit (status: no_bid)
2026-04-30 16:30:04,953 INFO   [SYNC] SAM-FA309926Q1011 — Repair Flooring Student Pilot Housing, Multiple Facilit (status: no_bid)
2026-04-30 16:30:04,953 INFO   [SYNC] SAM-N0040618Q0170 — 56--CARPET REPLACEMENT (status: no_bid)
2026-04-30 16:30:04,953 INFO   [SYNC] SAM-N0040618Q0170 — 56--CARPET REPLACEMENT (status: no_bid)
2026-04-30 16:30:04,953 INFO   [SYNC] SAM-W90VN926RA026 — Replace Carpet at Chapel, Bldg 260, Camp Walker (status: no_bid)
2026-04-30 16:30:04,953 INFO   [SYNC] SAM-W90VN926RA026 — Replace Carpet at Chapel, Bldg 260, Camp Walker (status: no_bid)
2026-04-30 16:30:04,953 INFO   [SYNC] SAM-W911S225U1340 — Carpet Tile (status: no_bid)
2026-04-30 16:30:04,953 INFO   [SYNC] SAM-W911S225U1340 — Carpet Tile (status: no_bid)
2026-04-30 16:30:04,953 INFO   [SYNC] SAM-W911SA25QA138 — Annual Carpet Cleaning Services for 81st RD Fort Jackso (status: no_bid)
2026-04-30 16:30:04,953 INFO   [SYNC] SAM-W911SA25QA138 — Annual Carpet Cleaning Services for 81st RD Fort Jackso (status: no_bid)
2026-04-30 16:30:04,953 INFO   [SYNC] SAM-W912CN-26-B-A00X1 — Open-End Flooring USAG-HI (8a) (status: no_bid)
2026-04-30 16:30:04,953 INFO   [SYNC] SAM-W912CN-26-B-A00X1 — Open-End Flooring USAG-HI (8a) (status: no_bid)
2026-04-30 16:30:05,185 INFO HTTP Request: PATCH https://obrqnthgqczkhffbsbac.supabase.co/rest/v1/bids?bid_id=in.%28SAM-W911PT26CA006%2CSAM-W9123726QA020%2C8770067214%2C8807236670%2CSAM-W50S7526QA016%2CSAM-19JA8026Q0017%2CSAM-140P4526Q0002%2CSAM-36C25726P0432%2CSAM-3003660%2CSAM-FA303026R0005%2CSAM-FA309926Q1011%2CSAM-N0040618Q0170%2CSAM-W90VN926RA026%2CSAM-W911S225U1340%2CSAM-W911SA25QA138%2CSAM-W912CN-26-B-A00X1%29 "HTTP/2 200 OK"
2026-04-30 16:30:05,185 INFO HTTP Request: PATCH https://obrqnthgqczkhffbsbac.supabase.co/rest/v1/bids?bid_id=in.%28SAM-W911PT26CA006%2CSAM-W9123726QA020%2C8770067214%2C8807236670%2CSAM-W50S7526QA016%2CSAM-19JA8026Q0017%2CSAM-140P4526Q0002%2CSAM-36C25726P0432%2CSAM-3003660%2CSAM-FA303026R0005%2CSAM-FA309926Q1011%2CSAM-N0040618Q0170%2CSAM-W90VN926RA026%2CSAM-W911S225U1340%2CSAM-W911SA25QA138%2CSAM-W912CN-26-B-A00X1%29 "HTTP/2 200 OK"
2026-04-30 16:30:05,188 INFO Synced 16 manually-closed bid(s)
2026-04-30 16:30:05,188 INFO Synced 16 manually-closed bid(s)
✓ Expired 4 past-due bids
✓ Synced 16 manually-closed bids (no_bid/expired → archived)
2026-05-01 16:30:03,225 INFO HTTP Request: GET https://obrqnthgqczkhffbsbac.supabase.co/rest/v1/bids?select=bid_id%2Ctitle%2Cagency%2Cdue_date%2Csource&due_date=lt.2026-05-01&bid_status=neq.expired "HTTP/2 200 OK"
2026-05-01 16:30:03,225 INFO HTTP Request: GET https://obrqnthgqczkhffbsbac.supabase.co/rest/v1/bids?select=bid_id%2Ctitle%2Cagency%2Cdue_date%2Csource&due_date=lt.2026-05-01&bid_status=neq.expired "HTTP/2 200 OK"
2026-05-01 16:30:03,229 INFO Found 11 past-due bid(s)
2026-05-01 16:30:03,229 INFO Found 11 past-due bid(s)
2026-05-01 16:30:03,229 INFO   [EXPIRE] 443966858123 — COMMUNITY CENTER FLOORING - DEMOLITION AND INSTALLATION (due 2026-04-30 · BidNet Direct)
2026-05-01 16:30:03,229 INFO   [EXPIRE] 443966858123 — COMMUNITY CENTER FLOORING - DEMOLITION AND INSTALLATION (due 2026-04-30 · BidNet Direct)
2026-05-01 16:30:03,229 INFO   [EXPIRE] CCOP-02A2499 — SB Minor B 02A2499 / Stormwater Improvement In Shasta C (due 2026-04-30 · Caltrans CCOP)
2026-05-01 16:30:03,229 INFO   [EXPIRE] CCOP-02A2499 — SB Minor B 02A2499 / Stormwater Improvement In Shasta C (due 2026-04-30 · Caltrans CCOP)
2026-05-01 16:30:03,229 INFO   [EXPIRE] 443946097658 — University-Wide Interpreting Services (due 2026-04-30 · BidNet Direct)
2026-05-01 16:30:03,229 INFO   [EXPIRE] 443946097658 — University-Wide Interpreting Services (due 2026-04-30 · BidNet Direct)
2026-05-01 16:30:03,229 INFO   [EXPIRE] 443955010126 — Redwood City Area office - Janitorial Services (due 2026-04-30 · BidNet Direct)
2026-05-01 16:30:03,229 INFO   [EXPIRE] 443955010126 — Redwood City Area office - Janitorial Services (due 2026-04-30 · BidNet Direct)
2026-05-01 16:30:03,230 INFO   [EXPIRE] 443977169740 — 1084645 - VEHICLE - 7-PASSENGER HYBRID MINIVANS [2] - S (due 2026-04-30 · BidNet Direct)
2026-05-01 16:30:03,230 INFO   [EXPIRE] 443977169740 — 1084645 - VEHICLE - 7-PASSENGER HYBRID MINIVANS [2] - S (due 2026-04-30 · BidNet Direct)
2026-05-01 16:30:03,230 INFO   [EXPIRE] 443973871070 — Tijuana River Estuary Restroom ADA Access and Plumbing  (due 2026-04-30 · BidNet Direct)
2026-05-01 16:30:03,230 INFO   [EXPIRE] 443973871070 — Tijuana River Estuary Restroom ADA Access and Plumbing  (due 2026-04-30 · BidNet Direct)
2026-05-01 16:30:03,230 INFO   [EXPIRE] 443959834708 — Central Division Special Services Command - Janitorial  (due 2026-04-30 · BidNet Direct)
2026-05-01 16:30:03,230 INFO   [EXPIRE] 443959834708 — Central Division Special Services Command - Janitorial  (due 2026-04-30 · BidNet Direct)
2026-05-01 16:30:03,230 INFO   [EXPIRE] 443959840572 — Window Replacement Project (1317 15th Street) (due 2026-04-30 · BidNet Direct)
2026-05-01 16:30:03,230 INFO   [EXPIRE] 443959840572 — Window Replacement Project (1317 15th Street) (due 2026-04-30 · BidNet Direct)
2026-05-01 16:30:03,230 INFO   [EXPIRE] 443990112356 — RAPID RESPONSE SHELTERS & KITS (due 2026-04-30 · BidNet Direct)
2026-05-01 16:30:03,230 INFO   [EXPIRE] 443990112356 — RAPID RESPONSE SHELTERS & KITS (due 2026-04-30 · BidNet Direct)
2026-05-01 16:30:03,230 INFO   [EXPIRE] 443940939325 — Window Replacement, Bishop, CA – Inyo County (due 2026-04-30 · BidNet Direct)
2026-05-01 16:30:03,230 INFO   [EXPIRE] 443940939325 — Window Replacement, Bishop, CA – Inyo County (due 2026-04-30 · BidNet Direct)
2026-05-01 16:30:03,230 INFO   [EXPIRE] CRISP-839 — San Diego USD - CP26-0893-05-00-00 (due 2026-04-30 · Crisp Plan Room)
2026-05-01 16:30:03,230 INFO   [EXPIRE] CRISP-839 — San Diego USD - CP26-0893-05-00-00 (due 2026-04-30 · Crisp Plan Room)
2026-05-01 16:30:03,634 INFO HTTP Request: PATCH https://obrqnthgqczkhffbsbac.supabase.co/rest/v1/bids?bid_id=in.%28443966858123%2CCCOP-02A2499%2C443946097658%2C443955010126%2C443977169740%2C443973871070%2C443959834708%2C443959840572%2C443990112356%2C443940939325%2CCRISP-839%29 "HTTP/2 200 OK"
2026-05-01 16:30:03,634 INFO HTTP Request: PATCH https://obrqnthgqczkhffbsbac.supabase.co/rest/v1/bids?bid_id=in.%28443966858123%2CCCOP-02A2499%2C443946097658%2C443955010126%2C443977169740%2C443973871070%2C443959834708%2C443959840572%2C443990112356%2C443940939325%2CCRISP-839%29 "HTTP/2 200 OK"
2026-05-01 16:30:03,636 INFO Expired 11 bid(s)
2026-05-01 16:30:03,636 INFO Expired 11 bid(s)
2026-05-01 16:30:04,043 INFO HTTP Request: GET https://obrqnthgqczkhffbsbac.supabase.co/rest/v1/bids?select=bid_id%2Ctitle%2Cbid_status&is_relevant=eq.True&bid_status=in.%28no_bid%2Cexpired%29 "HTTP/2 200 OK"
2026-05-01 16:30:04,043 INFO HTTP Request: GET https://obrqnthgqczkhffbsbac.supabase.co/rest/v1/bids?select=bid_id%2Ctitle%2Cbid_status&is_relevant=eq.True&bid_status=in.%28no_bid%2Cexpired%29 "HTTP/2 200 OK"
2026-05-01 16:30:04,044 INFO No manually-closed bids to sync
2026-05-01 16:30:04,044 INFO No manually-closed bids to sync
✓ Expired 11 past-due bids
2026-05-04 16:30:03,124 INFO HTTP Request: GET https://obrqnthgqczkhffbsbac.supabase.co/rest/v1/bids?select=bid_id%2Ctitle%2Cagency%2Cdue_date%2Csource&due_date=lt.2026-05-04&bid_status=neq.expired "HTTP/2 200 OK"
2026-05-04 16:30:03,124 INFO HTTP Request: GET https://obrqnthgqczkhffbsbac.supabase.co/rest/v1/bids?select=bid_id%2Ctitle%2Cagency%2Cdue_date%2Csource&due_date=lt.2026-05-04&bid_status=neq.expired "HTTP/2 200 OK"
2026-05-04 16:30:03,128 INFO Found 8 past-due bid(s)
2026-05-04 16:30:03,128 INFO Found 8 past-due bid(s)
2026-05-04 16:30:03,128 INFO   [EXPIRE] PB-21372-139636 — Purchase Agreement for Window Covering Solutions (due 2026-04-10 · PlanetBids)
2026-05-04 16:30:03,128 INFO   [EXPIRE] PB-21372-139636 — Purchase Agreement for Window Covering Solutions (due 2026-04-10 · PlanetBids)
2026-05-04 16:30:03,128 INFO   [EXPIRE] 443978827276 — 26-1111- FULL-SIZE EXT CAB BED DELETE UTILITY BODY 4X4- (due 2026-05-01 · BidNet Direct)
2026-05-04 16:30:03,128 INFO   [EXPIRE] 443978827276 — 26-1111- FULL-SIZE EXT CAB BED DELETE UTILITY BODY 4X4- (due 2026-05-01 · BidNet Direct)
2026-05-04 16:30:03,128 INFO   [EXPIRE] 443977246590 — BHC WASHERS, DRYERS, STACKING KITS (due 2026-05-01 · BidNet Direct)
2026-05-04 16:30:03,128 INFO   [EXPIRE] 443977246590 — BHC WASHERS, DRYERS, STACKING KITS (due 2026-05-01 · BidNet Direct)
2026-05-04 16:30:03,128 INFO   [EXPIRE] 443976609262 — Janitorial Services - Main Facilities & Small Facilitie (due 2026-05-01 · BidNet Direct)
2026-05-04 16:30:03,128 INFO   [EXPIRE] 443976609262 — Janitorial Services - Main Facilities & Small Facilitie (due 2026-05-01 · BidNet Direct)
2026-05-04 16:30:03,129 INFO   [EXPIRE] 443963229345 — Cleaning Service: Paul Scannell Commuter House (due 2026-05-01 · BidNet Direct)
2026-05-04 16:30:03,129 INFO   [EXPIRE] 443963229345 — Cleaning Service: Paul Scannell Commuter House (due 2026-05-01 · BidNet Direct)
2026-05-04 16:30:03,129 INFO   [EXPIRE] CRISP-827 — San Diego USD - CP26-0919-33-00-00 (due 2026-05-01 · Crisp Plan Room)
2026-05-04 16:30:03,129 INFO   [EXPIRE] CRISP-827 — San Diego USD - CP26-0919-33-00-00 (due 2026-05-01 · Crisp Plan Room)
2026-05-04 16:30:03,129 INFO   [EXPIRE] CRISP-850 — Los Angeles USD - R-26033 "All Working Hours" District  (due 2026-05-01 · Crisp Plan Room)
2026-05-04 16:30:03,129 INFO   [EXPIRE] CRISP-850 — Los Angeles USD - R-26033 "All Working Hours" District  (due 2026-05-01 · Crisp Plan Room)
2026-05-04 16:30:03,129 INFO   [EXPIRE] CRISP-822 — Los Angeles USD - 2610035 Dorsey HS (due 2026-05-01 · Crisp Plan Room)
2026-05-04 16:30:03,129 INFO   [EXPIRE] CRISP-822 — Los Angeles USD - 2610035 Dorsey HS (due 2026-05-01 · Crisp Plan Room)
2026-05-04 16:30:03,636 INFO HTTP Request: PATCH https://obrqnthgqczkhffbsbac.supabase.co/rest/v1/bids?bid_id=in.%28PB-21372-139636%2C443978827276%2C443977246590%2C443976609262%2C443963229345%2CCRISP-827%2CCRISP-850%2CCRISP-822%29 "HTTP/2 200 OK"
2026-05-04 16:30:03,636 INFO HTTP Request: PATCH https://obrqnthgqczkhffbsbac.supabase.co/rest/v1/bids?bid_id=in.%28PB-21372-139636%2C443978827276%2C443977246590%2C443976609262%2C443963229345%2CCRISP-827%2CCRISP-850%2CCRISP-822%29 "HTTP/2 200 OK"
2026-05-04 16:30:03,639 INFO Expired 8 bid(s)
2026-05-04 16:30:03,639 INFO Expired 8 bid(s)
2026-05-04 16:30:04,046 INFO HTTP Request: GET https://obrqnthgqczkhffbsbac.supabase.co/rest/v1/bids?select=bid_id%2Ctitle%2Cbid_status&is_relevant=eq.True&bid_status=in.%28no_bid%2Cexpired%29 "HTTP/2 200 OK"
2026-05-04 16:30:04,046 INFO HTTP Request: GET https://obrqnthgqczkhffbsbac.supabase.co/rest/v1/bids?select=bid_id%2Ctitle%2Cbid_status&is_relevant=eq.True&bid_status=in.%28no_bid%2Cexpired%29 "HTTP/2 200 OK"
2026-05-04 16:30:04,047 INFO No manually-closed bids to sync
2026-05-04 16:30:04,047 INFO No manually-closed bids to sync
✓ Expired 8 past-due bids
2026-05-05 16:30:07,468 INFO HTTP Request: GET https://obrqnthgqczkhffbsbac.supabase.co/rest/v1/bids?select=bid_id%2Ctitle%2Cagency%2Cdue_date%2Csource&due_date=lt.2026-05-05&bid_status=neq.expired "HTTP/2 200 OK"
2026-05-05 16:30:07,468 INFO HTTP Request: GET https://obrqnthgqczkhffbsbac.supabase.co/rest/v1/bids?select=bid_id%2Ctitle%2Cagency%2Cdue_date%2Csource&due_date=lt.2026-05-05&bid_status=neq.expired "HTTP/2 200 OK"
2026-05-05 16:30:07,471 INFO Found 2 past-due bid(s)
2026-05-05 16:30:07,471 INFO Found 2 past-due bid(s)
2026-05-05 16:30:07,471 INFO   [EXPIRE] QB-040726-1 — Foothill High School Culinary Classroom Remodel Project (due 2026-05-04 · Quality Bidders)
2026-05-05 16:30:07,471 INFO   [EXPIRE] QB-040726-1 — Foothill High School Culinary Classroom Remodel Project (due 2026-05-04 · Quality Bidders)
2026-05-05 16:30:07,471 INFO   [EXPIRE] QB-0445-416 — 0445-416  John Still K-8 Modernization (due 2026-05-04 · Quality Bidders)
2026-05-05 16:30:07,471 INFO   [EXPIRE] QB-0445-416 — 0445-416  John Still K-8 Modernization (due 2026-05-04 · Quality Bidders)
2026-05-05 16:30:08,395 INFO HTTP Request: PATCH https://obrqnthgqczkhffbsbac.supabase.co/rest/v1/bids?bid_id=in.%28QB-040726-1%2CQB-0445-416%29 "HTTP/2 200 OK"
2026-05-05 16:30:08,395 INFO HTTP Request: PATCH https://obrqnthgqczkhffbsbac.supabase.co/rest/v1/bids?bid_id=in.%28QB-040726-1%2CQB-0445-416%29 "HTTP/2 200 OK"
2026-05-05 16:30:08,397 INFO Expired 2 bid(s)
2026-05-05 16:30:08,397 INFO Expired 2 bid(s)
2026-05-05 16:30:09,107 INFO HTTP Request: GET https://obrqnthgqczkhffbsbac.supabase.co/rest/v1/bids?select=bid_id%2Ctitle%2Cbid_status&is_relevant=eq.True&bid_status=in.%28no_bid%2Cexpired%29 "HTTP/2 200 OK"
2026-05-05 16:30:09,107 INFO HTTP Request: GET https://obrqnthgqczkhffbsbac.supabase.co/rest/v1/bids?select=bid_id%2Ctitle%2Cbid_status&is_relevant=eq.True&bid_status=in.%28no_bid%2Cexpired%29 "HTTP/2 200 OK"
2026-05-05 16:30:09,109 INFO Found 2 manually-closed bid(s) still marked relevant
2026-05-05 16:30:09,109 INFO Found 2 manually-closed bid(s) still marked relevant
2026-05-05 16:30:09,109 INFO   [SYNC] 443980336005 — East Bakersfield High School: Building 200 Ceiling Abat (status: no_bid)
2026-05-05 16:30:09,109 INFO   [SYNC] 443980336005 — East Bakersfield High School: Building 200 Ceiling Abat (status: no_bid)
2026-05-05 16:30:09,109 INFO   [SYNC] 443984755803 — Re-Bid 1 Seamless Flooring Installation, Correctional C (status: no_bid)
2026-05-05 16:30:09,109 INFO   [SYNC] 443984755803 — Re-Bid 1 Seamless Flooring Installation, Correctional C (status: no_bid)
2026-05-05 16:30:09,411 INFO HTTP Request: PATCH https://obrqnthgqczkhffbsbac.supabase.co/rest/v1/bids?bid_id=in.%28443980336005%2C443984755803%29 "HTTP/2 200 OK"
2026-05-05 16:30:09,411 INFO HTTP Request: PATCH https://obrqnthgqczkhffbsbac.supabase.co/rest/v1/bids?bid_id=in.%28443980336005%2C443984755803%29 "HTTP/2 200 OK"
2026-05-05 16:30:09,412 INFO Synced 2 manually-closed bid(s)
2026-05-05 16:30:09,412 INFO Synced 2 manually-closed bid(s)
✓ Expired 2 past-due bids
✓ Synced 2 manually-closed bids (no_bid/expired → archived)
2026-05-06 16:30:04,413 INFO HTTP Request: GET https://obrqnthgqczkhffbsbac.supabase.co/rest/v1/bids?select=bid_id%2Ctitle%2Cagency%2Cdue_date%2Csource&due_date=lt.2026-05-06&bid_status=neq.expired "HTTP/2 200 OK"
2026-05-06 16:30:04,413 INFO HTTP Request: GET https://obrqnthgqczkhffbsbac.supabase.co/rest/v1/bids?select=bid_id%2Ctitle%2Cagency%2Cdue_date%2Csource&due_date=lt.2026-05-06&bid_status=neq.expired "HTTP/2 200 OK"
2026-05-06 16:30:04,417 INFO Found 10 past-due bid(s)
2026-05-06 16:30:04,417 INFO Found 10 past-due bid(s)
2026-05-06 16:30:04,417 INFO   [EXPIRE] 443946978464 — RENOVATION OF CITY FACILITY AT 800 WEST SECOND STREET (due 2026-05-05 · BidNet Direct)
2026-05-06 16:30:04,417 INFO   [EXPIRE] 443946978464 — RENOVATION OF CITY FACILITY AT 800 WEST SECOND STREET (due 2026-05-05 · BidNet Direct)
2026-05-06 16:30:04,417 INFO   [EXPIRE] CCOP-06A3268 — General Building Repair in Fresno County (due 2026-05-05 · Caltrans CCOP)
2026-05-06 16:30:04,417 INFO   [EXPIRE] CCOP-06A3268 — General Building Repair in Fresno County (due 2026-05-05 · Caltrans CCOP)
2026-05-06 16:30:04,417 INFO   [EXPIRE] QB-03-26 — TBP TK Improvements Project (due 2026-05-05 · Quality Bidders)
2026-05-06 16:30:04,417 INFO   [EXPIRE] QB-03-26 — TBP TK Improvements Project (due 2026-05-05 · Quality Bidders)
2026-05-06 16:30:04,417 INFO   [EXPIRE] QB-041526-1 — FC Joyce TK-8 School Room 12 Restroom Improvements Proj (due 2026-05-05 · Quality Bidders)
2026-05-06 16:30:04,417 INFO   [EXPIRE] QB-041526-1 — FC Joyce TK-8 School Room 12 Restroom Improvements Proj (due 2026-05-05 · Quality Bidders)
2026-05-06 16:30:04,417 INFO   [EXPIRE] CRISP-838 — Los Angeles USD - 2610055 Reseda Charter HS (due 2026-05-05 · Crisp Plan Room)
2026-05-06 16:30:04,417 INFO   [EXPIRE] CRISP-838 — Los Angeles USD - 2610055 Reseda Charter HS (due 2026-05-05 · Crisp Plan Room)
2026-05-06 16:30:04,417 INFO   [EXPIRE] 443985202910 — Microbalance for Particular Matter (PM) Gravimetric Ana (due 2026-05-05 · BidNet Direct)
2026-05-06 16:30:04,417 INFO   [EXPIRE] 443985202910 — Microbalance for Particular Matter (PM) Gravimetric Ana (due 2026-05-05 · BidNet Direct)
2026-05-06 16:30:04,417 INFO   [EXPIRE] CCOP-08A3992 — IFB Synthetic Flooring Services in San Bernardino Count (due 2026-05-05 · Caltrans CCOP)
2026-05-06 16:30:04,417 INFO   [EXPIRE] CCOP-08A3992 — IFB Synthetic Flooring Services in San Bernardino Count (due 2026-05-05 · Caltrans CCOP)
2026-05-06 16:30:04,418 INFO   [EXPIRE] CRISP-800 — San Diego USD - LB26-0737-32-00-G1 (due 2026-05-05 · Crisp Plan Room)
2026-05-06 16:30:04,418 INFO   [EXPIRE] CRISP-800 — San Diego USD - LB26-0737-32-00-G1 (due 2026-05-05 · Crisp Plan Room)
2026-05-06 16:30:04,418 INFO   [EXPIRE] CRISP-837 — Los Angeles USD - 2610061 Rodia Continuation HS (due 2026-05-05 · Crisp Plan Room)
2026-05-06 16:30:04,418 INFO   [EXPIRE] CRISP-837 — Los Angeles USD - 2610061 Rodia Continuation HS (due 2026-05-05 · Crisp Plan Room)
2026-05-06 16:30:04,418 INFO   [EXPIRE] QB-219-980016-001.2 — District-Wide Shower & Changing Stall Renovations with  (due 2026-05-05 · Quality Bidders)
2026-05-06 16:30:04,418 INFO   [EXPIRE] QB-219-980016-001.2 — District-Wide Shower & Changing Stall Renovations with  (due 2026-05-05 · Quality Bidders)
2026-05-06 16:30:04,842 INFO HTTP Request: PATCH https://obrqnthgqczkhffbsbac.supabase.co/rest/v1/bids?bid_id=in.%28443946978464%2CCCOP-06A3268%2CQB-03-26%2CQB-041526-1%2CCRISP-838%2C443985202910%2CCCOP-08A3992%2CCRISP-800%2CCRISP-837%2CQB-219-980016-001.2%29 "HTTP/2 200 OK"
2026-05-06 16:30:04,842 INFO HTTP Request: PATCH https://obrqnthgqczkhffbsbac.supabase.co/rest/v1/bids?bid_id=in.%28443946978464%2CCCOP-06A3268%2CQB-03-26%2CQB-041526-1%2CCRISP-838%2C443985202910%2CCCOP-08A3992%2CCRISP-800%2CCRISP-837%2CQB-219-980016-001.2%29 "HTTP/2 200 OK"
2026-05-06 16:30:04,845 INFO Expired 10 bid(s)
2026-05-06 16:30:04,845 INFO Expired 10 bid(s)
2026-05-06 16:30:05,072 INFO HTTP Request: GET https://obrqnthgqczkhffbsbac.supabase.co/rest/v1/bids?select=bid_id%2Ctitle%2Cbid_status&is_relevant=eq.True&bid_status=in.%28no_bid%2Cexpired%29 "HTTP/2 200 OK"
2026-05-06 16:30:05,072 INFO HTTP Request: GET https://obrqnthgqczkhffbsbac.supabase.co/rest/v1/bids?select=bid_id%2Ctitle%2Cbid_status&is_relevant=eq.True&bid_status=in.%28no_bid%2Cexpired%29 "HTTP/2 200 OK"
2026-05-06 16:30:05,073 INFO No manually-closed bids to sync
2026-05-06 16:30:05,073 INFO No manually-closed bids to sync
✓ Expired 10 past-due bids
2026-05-07 16:30:01,907 INFO HTTP Request: GET https://obrqnthgqczkhffbsbac.supabase.co/rest/v1/bids?select=bid_id%2Ctitle%2Cagency%2Cdue_date%2Csource&due_date=lt.2026-05-07&bid_status=neq.expired "HTTP/2 200 OK"
2026-05-07 16:30:01,907 INFO HTTP Request: GET https://obrqnthgqczkhffbsbac.supabase.co/rest/v1/bids?select=bid_id%2Ctitle%2Cagency%2Cdue_date%2Csource&due_date=lt.2026-05-07&bid_status=neq.expired "HTTP/2 200 OK"
2026-05-07 16:30:01,911 INFO Found 6 past-due bid(s)
2026-05-07 16:30:01,911 INFO Found 6 past-due bid(s)
2026-05-07 16:30:01,911 INFO   [EXPIRE] 443980684888 — Annex Flooring Replacements (due 2026-05-06 · BidNet Direct)
2026-05-07 16:30:01,911 INFO   [EXPIRE] 443980684888 — Annex Flooring Replacements (due 2026-05-06 · BidNet Direct)
2026-05-07 16:30:01,911 INFO   [EXPIRE] 2686425812 — ATRIUM SHADE CANOPY REPLACEMENT (due 2026-05-06 · BidNet Direct)
2026-05-07 16:30:01,911 INFO   [EXPIRE] 2686425812 — ATRIUM SHADE CANOPY REPLACEMENT (due 2026-05-06 · BidNet Direct)
2026-05-07 16:30:01,911 INFO   [EXPIRE] 443952844931 — Laguna Treatment Plant Admin Carpet Replacement (due 2026-05-06 · BidNet Direct)
2026-05-07 16:30:01,911 INFO   [EXPIRE] 443952844931 — Laguna Treatment Plant Admin Carpet Replacement (due 2026-05-06 · BidNet Direct)
2026-05-07 16:30:01,911 INFO   [EXPIRE] CRISP-844 — Los Angeles USD - 2610060 Los Angeles Center for Enrich (due 2026-05-06 · Crisp Plan Room)
2026-05-07 16:30:01,911 INFO   [EXPIRE] CRISP-844 — Los Angeles USD - 2610060 Los Angeles Center for Enrich (due 2026-05-06 · Crisp Plan Room)
2026-05-07 16:30:01,911 INFO   [EXPIRE] 443973993837 — After-hours Janitorial Services for the Corte Madera DM (due 2026-05-06 · BidNet Direct)
2026-05-07 16:30:01,911 INFO   [EXPIRE] 443973993837 — After-hours Janitorial Services for the Corte Madera DM (due 2026-05-06 · BidNet Direct)
2026-05-07 16:30:01,912 INFO   [EXPIRE] SAM-W911S226U3131 — Lowboy Haul Trailer (due 2026-05-06 · SAM.gov)
2026-05-07 16:30:01,912 INFO   [EXPIRE] SAM-W911S226U3131 — Lowboy Haul Trailer (due 2026-05-06 · SAM.gov)
2026-05-07 16:30:02,314 INFO HTTP Request: PATCH https://obrqnthgqczkhffbsbac.supabase.co/rest/v1/bids?bid_id=in.%28443980684888%2C2686425812%2C443952844931%2CCRISP-844%2C443973993837%2CSAM-W911S226U3131%29 "HTTP/2 200 OK"
2026-05-07 16:30:02,314 INFO HTTP Request: PATCH https://obrqnthgqczkhffbsbac.supabase.co/rest/v1/bids?bid_id=in.%28443980684888%2C2686425812%2C443952844931%2CCRISP-844%2C443973993837%2CSAM-W911S226U3131%29 "HTTP/2 200 OK"
2026-05-07 16:30:02,317 INFO Expired 6 bid(s)
2026-05-07 16:30:02,317 INFO Expired 6 bid(s)
2026-05-07 16:30:02,727 INFO HTTP Request: GET https://obrqnthgqczkhffbsbac.supabase.co/rest/v1/bids?select=bid_id%2Ctitle%2Cbid_status&is_relevant=eq.True&bid_status=in.%28no_bid%2Cexpired%29 "HTTP/2 200 OK"
2026-05-07 16:30:02,727 INFO HTTP Request: GET https://obrqnthgqczkhffbsbac.supabase.co/rest/v1/bids?select=bid_id%2Ctitle%2Cbid_status&is_relevant=eq.True&bid_status=in.%28no_bid%2Cexpired%29 "HTTP/2 200 OK"
2026-05-07 16:30:02,728 INFO No manually-closed bids to sync
2026-05-07 16:30:02,728 INFO No manually-closed bids to sync
✓ Expired 6 past-due bids
2026-05-08 16:30:04,799 INFO HTTP Request: GET https://obrqnthgqczkhffbsbac.supabase.co/rest/v1/bids?select=bid_id%2Ctitle%2Cagency%2Cdue_date%2Csource&due_date=lt.2026-05-08&bid_status=neq.expired "HTTP/2 200 OK"
2026-05-08 16:30:04,799 INFO HTTP Request: GET https://obrqnthgqczkhffbsbac.supabase.co/rest/v1/bids?select=bid_id%2Ctitle%2Cagency%2Cdue_date%2Csource&due_date=lt.2026-05-08&bid_status=neq.expired "HTTP/2 200 OK"
2026-05-08 16:30:04,802 INFO Found 12 past-due bid(s)
2026-05-08 16:30:04,802 INFO Found 12 past-due bid(s)
2026-05-08 16:30:04,803 INFO   [EXPIRE] QB-033026-1 — Dry Creek Elementary School SCOE TK Classroom Refresh P (due 2026-05-07 · Quality Bidders)
2026-05-08 16:30:04,803 INFO   [EXPIRE] QB-033026-1 — Dry Creek Elementary School SCOE TK Classroom Refresh P (due 2026-05-07 · Quality Bidders)
2026-05-08 16:30:04,803 INFO   [EXPIRE] 2686194272 — 4-Man Rigging Crew & Crane (due 2026-05-07 · BidNet Direct)
2026-05-08 16:30:04,803 INFO   [EXPIRE] 2686194272 — 4-Man Rigging Crew & Crane (due 2026-05-07 · BidNet Direct)
2026-05-08 16:30:04,803 INFO   [EXPIRE] 443973918852 — Weather Tower & Shelter Trailer (due 2026-05-07 · BidNet Direct)
2026-05-08 16:30:04,803 INFO   [EXPIRE] 443973918852 — Weather Tower & Shelter Trailer (due 2026-05-07 · BidNet Direct)
2026-05-08 16:30:04,803 INFO   [EXPIRE] 443984671141 — COLUMN LIFT SYSTEM (due 2026-05-07 · BidNet Direct)
2026-05-08 16:30:04,803 INFO   [EXPIRE] 443984671141 — COLUMN LIFT SYSTEM (due 2026-05-07 · BidNet Direct)
2026-05-08 16:30:04,803 INFO   [EXPIRE] 443947090924 — Dry Creek Elementary School SCOE TK Classroom Refresh P (due 2026-05-07 · BidNet Direct)
2026-05-08 16:30:04,803 INFO   [EXPIRE] 443947090924 — Dry Creek Elementary School SCOE TK Classroom Refresh P (due 2026-05-07 · BidNet Direct)
2026-05-08 16:30:04,803 INFO   [EXPIRE] QB-0151-468 — 0151-468 Leonard da Vinci TK Classrooms (due 2026-05-07 · Quality Bidders)
2026-05-08 16:30:04,803 INFO   [EXPIRE] QB-0151-468 — 0151-468 Leonard da Vinci TK Classrooms (due 2026-05-07 · Quality Bidders)
2026-05-08 16:30:04,803 INFO   [EXPIRE] QB-1187 — SCUSD Pool Upgrades Project Wilcox High School (due 2026-05-07 · Quality Bidders)
2026-05-08 16:30:04,803 INFO   [EXPIRE] QB-1187 — SCUSD Pool Upgrades Project Wilcox High School (due 2026-05-07 · Quality Bidders)
2026-05-08 16:30:04,803 INFO   [EXPIRE] QB-22-25/26 — Altadena Outdoor Learning & Campus Improvements (due 2026-05-07 · Quality Bidders)
2026-05-08 16:30:04,803 INFO   [EXPIRE] QB-22-25/26 — Altadena Outdoor Learning & Campus Improvements (due 2026-05-07 · Quality Bidders)
2026-05-08 16:30:04,803 INFO   [EXPIRE] QB-26-22 — Butterfield Flooring Replacement Project (due 2026-05-07 · Quality Bidders)
2026-05-08 16:30:04,803 INFO   [EXPIRE] QB-26-22 — Butterfield Flooring Replacement Project (due 2026-05-07 · Quality Bidders)
2026-05-08 16:30:04,804 INFO   [EXPIRE] 443984755808 — Carpet Removal, Replacement and Painting Services, Los  (due 2026-05-07 · BidNet Direct)
2026-05-08 16:30:04,804 INFO   [EXPIRE] 443984755808 — Carpet Removal, Replacement and Painting Services, Los  (due 2026-05-07 · BidNet Direct)
2026-05-08 16:30:04,804 INFO   [EXPIRE] CRISP-840 — San Bernardino City USD - F26-02 (due 2026-05-07 · Crisp Plan Room)
2026-05-08 16:30:04,804 INFO   [EXPIRE] CRISP-840 — San Bernardino City USD - F26-02 (due 2026-05-07 · Crisp Plan Room)
2026-05-08 16:30:04,804 INFO   [EXPIRE] CRISP-843 — Huntington Beach City SD - 2526-30 (due 2026-05-07 · Crisp Plan Room)
2026-05-08 16:30:04,804 INFO   [EXPIRE] CRISP-843 — Huntington Beach City SD - 2526-30 (due 2026-05-07 · Crisp Plan Room)
2026-05-08 16:30:05,206 INFO HTTP Request: PATCH https://obrqnthgqczkhffbsbac.supabase.co/rest/v1/bids?bid_id=in.%28QB-033026-1%2C2686194272%2C443973918852%2C443984671141%2C443947090924%2CQB-0151-468%2CQB-1187%2CQB-22-25%2F26%2CQB-26-22%2C443984755808%2CCRISP-840%2CCRISP-843%29 "HTTP/2 200 OK"
2026-05-08 16:30:05,206 INFO HTTP Request: PATCH https://obrqnthgqczkhffbsbac.supabase.co/rest/v1/bids?bid_id=in.%28QB-033026-1%2C2686194272%2C443973918852%2C443984671141%2C443947090924%2CQB-0151-468%2CQB-1187%2CQB-22-25%2F26%2CQB-26-22%2C443984755808%2CCRISP-840%2CCRISP-843%29 "HTTP/2 200 OK"
2026-05-08 16:30:05,209 INFO Expired 12 bid(s)
2026-05-08 16:30:05,209 INFO Expired 12 bid(s)
2026-05-08 16:30:05,513 INFO HTTP Request: GET https://obrqnthgqczkhffbsbac.supabase.co/rest/v1/bids?select=bid_id%2Ctitle%2Cbid_status&is_relevant=eq.True&bid_status=in.%28no_bid%2Cexpired%29 "HTTP/2 200 OK"
2026-05-08 16:30:05,513 INFO HTTP Request: GET https://obrqnthgqczkhffbsbac.supabase.co/rest/v1/bids?select=bid_id%2Ctitle%2Cbid_status&is_relevant=eq.True&bid_status=in.%28no_bid%2Cexpired%29 "HTTP/2 200 OK"
2026-05-08 16:30:05,516 INFO No manually-closed bids to sync
2026-05-08 16:30:05,516 INFO No manually-closed bids to sync
✓ Expired 12 past-due bids
2026-05-11 16:30:03,434 INFO HTTP Request: GET https://obrqnthgqczkhffbsbac.supabase.co/rest/v1/bids?select=bid_id%2Ctitle%2Cagency%2Cdue_date%2Csource&due_date=lt.2026-05-11&bid_status=neq.expired "HTTP/2 200 OK"
2026-05-11 16:30:03,434 INFO HTTP Request: GET https://obrqnthgqczkhffbsbac.supabase.co/rest/v1/bids?select=bid_id%2Ctitle%2Cagency%2Cdue_date%2Csource&due_date=lt.2026-05-11&bid_status=neq.expired "HTTP/2 200 OK"
2026-05-11 16:30:03,437 INFO Found 11 past-due bid(s)
2026-05-11 16:30:03,437 INFO Found 11 past-due bid(s)
2026-05-11 16:30:03,437 INFO   [EXPIRE] 443982694913 — Classroom Conversion (Room 50) at Western High School (due 2026-05-08 · BidNet Direct)
2026-05-11 16:30:03,437 INFO   [EXPIRE] 443982694913 — Classroom Conversion (Room 50) at Western High School (due 2026-05-08 · BidNet Direct)
2026-05-11 16:30:03,437 INFO   [EXPIRE] 443982694917 — Electrical Upgrades to Four Classrooms at Western High  (due 2026-05-08 · BidNet Direct)
2026-05-11 16:30:03,437 INFO   [EXPIRE] 443982694917 — Electrical Upgrades to Four Classrooms at Western High  (due 2026-05-08 · BidNet Direct)
2026-05-11 16:30:03,437 INFO   [EXPIRE] QB-1-2025-0155 — Western High School, Room 50 Conversion (due 2026-05-08 · Quality Bidders)
2026-05-11 16:30:03,437 INFO   [EXPIRE] QB-1-2025-0155 — Western High School, Room 50 Conversion (due 2026-05-08 · Quality Bidders)
2026-05-11 16:30:03,437 INFO   [EXPIRE] SAM-W912CG26PA0080001 — Request for Quotes for Electric Scissor Lift (due 2026-05-09 · SAM.gov)
2026-05-11 16:30:03,437 INFO   [EXPIRE] SAM-W912CG26PA0080001 — Request for Quotes for Electric Scissor Lift (due 2026-05-09 · SAM.gov)
2026-05-11 16:30:03,437 INFO   [EXPIRE] 443989792365 — 26-1118 COMPACT EXT CAB 4X4 PICKUP TRUCK W/FOLDING BED  (due 2026-05-08 · BidNet Direct)
2026-05-11 16:30:03,437 INFO   [EXPIRE] 443989792365 — 26-1118 COMPACT EXT CAB 4X4 PICKUP TRUCK W/FOLDING BED  (due 2026-05-08 · BidNet Direct)
2026-05-11 16:30:03,438 INFO   [EXPIRE] QB-Q7-26 — Lompoc USD - Manzanita Public Charter Modernization and (due 2026-05-08 · Quality Bidders)
2026-05-11 16:30:03,438 INFO   [EXPIRE] QB-Q7-26 — Lompoc USD - Manzanita Public Charter Modernization and (due 2026-05-08 · Quality Bidders)
2026-05-11 16:30:03,438 INFO   [EXPIRE] SAM-N0010426QBJ38 — 5-TON CHAIN HOIST (due 2026-05-08 · SAM.gov)
2026-05-11 16:30:03,438 INFO   [EXPIRE] SAM-N0010426QBJ38 — 5-TON CHAIN HOIST (due 2026-05-08 · SAM.gov)
2026-05-11 16:30:03,438 INFO   [EXPIRE] 2683447157 — Replace Carpet at USCG Base Alameda (due 2026-05-08 · BidNet Direct)
2026-05-11 16:30:03,438 INFO   [EXPIRE] 2683447157 — Replace Carpet at USCG Base Alameda (due 2026-05-08 · BidNet Direct)
2026-05-11 16:30:03,438 INFO   [EXPIRE] 443968297910 — Recreation and Aquatic Center (due 2026-05-08 · BidNet Direct)
2026-05-11 16:30:03,438 INFO   [EXPIRE] 443968297910 — Recreation and Aquatic Center (due 2026-05-08 · BidNet Direct)
2026-05-11 16:30:03,438 INFO   [EXPIRE] SAM-36C25526Q0366 — Z2DA--589A7-25-503 Prepare Site for Cath Lab Equipment (due 2026-05-08 · SAM.gov)
2026-05-11 16:30:03,438 INFO   [EXPIRE] SAM-36C25526Q0366 — Z2DA--589A7-25-503 Prepare Site for Cath Lab Equipment (due 2026-05-08 · SAM.gov)
2026-05-11 16:30:03,438 INFO   [EXPIRE] SAM-36C26226Q0759 — 7320--Commercial Conveyor Dishwasher (due 2026-05-08 · SAM.gov)
2026-05-11 16:30:03,438 INFO   [EXPIRE] SAM-36C26226Q0759 — 7320--Commercial Conveyor Dishwasher (due 2026-05-08 · SAM.gov)
2026-05-11 16:30:03,846 INFO HTTP Request: PATCH https://obrqnthgqczkhffbsbac.supabase.co/rest/v1/bids?bid_id=in.%28443982694913%2C443982694917%2CQB-1-2025-0155%2CSAM-W912CG26PA0080001%2C443989792365%2CQB-Q7-26%2CSAM-N0010426QBJ38%2C2683447157%2C443968297910%2CSAM-36C25526Q0366%2CSAM-36C26226Q0759%29 "HTTP/2 200 OK"
2026-05-11 16:30:03,846 INFO HTTP Request: PATCH https://obrqnthgqczkhffbsbac.supabase.co/rest/v1/bids?bid_id=in.%28443982694913%2C443982694917%2CQB-1-2025-0155%2CSAM-W912CG26PA0080001%2C443989792365%2CQB-Q7-26%2CSAM-N0010426QBJ38%2C2683447157%2C443968297910%2CSAM-36C25526Q0366%2CSAM-36C26226Q0759%29 "HTTP/2 200 OK"
2026-05-11 16:30:03,849 INFO Expired 11 bid(s)
2026-05-11 16:30:03,849 INFO Expired 11 bid(s)
2026-05-11 16:30:04,251 INFO HTTP Request: GET https://obrqnthgqczkhffbsbac.supabase.co/rest/v1/bids?select=bid_id%2Ctitle%2Cbid_status&is_relevant=eq.True&bid_status=in.%28no_bid%2Cexpired%29 "HTTP/2 200 OK"
2026-05-11 16:30:04,251 INFO HTTP Request: GET https://obrqnthgqczkhffbsbac.supabase.co/rest/v1/bids?select=bid_id%2Ctitle%2Cbid_status&is_relevant=eq.True&bid_status=in.%28no_bid%2Cexpired%29 "HTTP/2 200 OK"
2026-05-11 16:30:04,252 INFO No manually-closed bids to sync
2026-05-11 16:30:04,252 INFO No manually-closed bids to sync
✓ Expired 11 past-due bids
2026-05-12 16:30:06,844 INFO HTTP Request: GET https://obrqnthgqczkhffbsbac.supabase.co/rest/v1/bids?select=bid_id%2Ctitle%2Cagency%2Cdue_date%2Csource&due_date=lt.2026-05-12&bid_status=neq.expired "HTTP/2 200 OK"
2026-05-12 16:30:06,844 INFO HTTP Request: GET https://obrqnthgqczkhffbsbac.supabase.co/rest/v1/bids?select=bid_id%2Ctitle%2Cagency%2Cdue_date%2Csource&due_date=lt.2026-05-12&bid_status=neq.expired "HTTP/2 200 OK"
2026-05-12 16:30:06,848 INFO Found 12 past-due bid(s)
2026-05-12 16:30:06,848 INFO Found 12 past-due bid(s)
2026-05-12 16:30:06,848 INFO   [EXPIRE] PB-32461-141339 — COMMUNITY CENTER FLOORING - DEMOLITION AND INSTALLATION (due 2026-05-11 · PlanetBids)
2026-05-12 16:30:06,848 INFO   [EXPIRE] PB-32461-141339 — COMMUNITY CENTER FLOORING - DEMOLITION AND INSTALLATION (due 2026-05-11 · PlanetBids)
2026-05-12 16:30:06,848 INFO   [EXPIRE] 2688886307 — X1DB--New Superseding - Yuba City OPC (due 2026-05-11 · BidNet Direct)
2026-05-12 16:30:06,848 INFO   [EXPIRE] 2688886307 — X1DB--New Superseding - Yuba City OPC (due 2026-05-11 · BidNet Direct)
2026-05-12 16:30:06,848 INFO   [EXPIRE] 2686331717 — USCGC Alder Cargo Hatch Welding (due 2026-05-11 · BidNet Direct)
2026-05-12 16:30:06,848 INFO   [EXPIRE] 2686331717 — USCGC Alder Cargo Hatch Welding (due 2026-05-11 · BidNet Direct)
2026-05-12 16:30:06,848 INFO   [EXPIRE] 443974419340 — Rent Reasonableness Determinations (due 2026-05-11 · BidNet Direct)
2026-05-12 16:30:06,848 INFO   [EXPIRE] 443974419340 — Rent Reasonableness Determinations (due 2026-05-11 · BidNet Direct)
2026-05-12 16:30:06,848 INFO   [EXPIRE] 443978997179 — Janitorial Services (due 2026-05-11 · BidNet Direct)
2026-05-12 16:30:06,848 INFO   [EXPIRE] 443978997179 — Janitorial Services (due 2026-05-11 · BidNet Direct)
2026-05-12 16:30:06,848 INFO   [EXPIRE] 443989489403 — COMMUNITY CENTER FLOORING - DEMOLITION AND INSTALLATION (due 2026-05-11 · BidNet Direct)
2026-05-12 16:30:06,848 INFO   [EXPIRE] 443989489403 — COMMUNITY CENTER FLOORING - DEMOLITION AND INSTALLATION (due 2026-05-11 · BidNet Direct)
2026-05-12 16:30:06,848 INFO   [EXPIRE] 443963777347 — Modesto Area Office - Janitorial Services (due 2026-05-11 · BidNet Direct)
2026-05-12 16:30:06,848 INFO   [EXPIRE] 443963777347 — Modesto Area Office - Janitorial Services (due 2026-05-11 · BidNet Direct)
2026-05-12 16:30:06,848 INFO   [EXPIRE] 443990112397 — Flooring Services in Napa and Sonoma Counties (due 2026-05-11 · BidNet Direct)
2026-05-12 16:30:06,848 INFO   [EXPIRE] 443990112397 — Flooring Services in Napa and Sonoma Counties (due 2026-05-11 · BidNet Direct)
2026-05-12 16:30:06,849 INFO   [EXPIRE] CCOP-04A7527 — Flooring Services in Napa and Sonoma Counties. (due 2026-05-11 · Caltrans CCOP)
2026-05-12 16:30:06,849 INFO   [EXPIRE] CCOP-04A7527 — Flooring Services in Napa and Sonoma Counties. (due 2026-05-11 · Caltrans CCOP)
2026-05-12 16:30:06,849 INFO   [EXPIRE] SAM-PANMCC26P0000039984 — Building 54 McNair Chimneys Repair JBM-HH (due 2026-05-11 · SAM.gov)
2026-05-12 16:30:06,849 INFO   [EXPIRE] SAM-PANMCC26P0000039984 — Building 54 McNair Chimneys Repair JBM-HH (due 2026-05-11 · SAM.gov)
2026-05-12 16:30:06,849 INFO   [EXPIRE] SAM-PANMCC26P0000041287 — JBMHH Building 205, Rooms 207-208, 210-211, 212-213 Car (due 2026-05-11 · SAM.gov)
2026-05-12 16:30:06,849 INFO   [EXPIRE] SAM-PANMCC26P0000041287 — JBMHH Building 205, Rooms 207-208, 210-211, 212-213 Car (due 2026-05-11 · SAM.gov)
2026-05-12 16:30:06,849 INFO   [EXPIRE] SAM-N0018926QL114 — Office & Warehouse Installation (due 2026-05-11 · SAM.gov)
2026-05-12 16:30:06,849 INFO   [EXPIRE] SAM-N0018926QL114 — Office & Warehouse Installation (due 2026-05-11 · SAM.gov)
2026-05-12 16:30:07,255 INFO HTTP Request: PATCH https://obrqnthgqczkhffbsbac.supabase.co/rest/v1/bids?bid_id=in.%28PB-32461-141339%2C2688886307%2C2686331717%2C443974419340%2C443978997179%2C443989489403%2C443963777347%2C443990112397%2CCCOP-04A7527%2CSAM-PANMCC26P0000039984%2CSAM-PANMCC26P0000041287%2CSAM-N0018926QL114%29 "HTTP/2 200 OK"
2026-05-12 16:30:07,255 INFO HTTP Request: PATCH https://obrqnthgqczkhffbsbac.supabase.co/rest/v1/bids?bid_id=in.%28PB-32461-141339%2C2688886307%2C2686331717%2C443974419340%2C443978997179%2C443989489403%2C443963777347%2C443990112397%2CCCOP-04A7527%2CSAM-PANMCC26P0000039984%2CSAM-PANMCC26P0000041287%2CSAM-N0018926QL114%29 "HTTP/2 200 OK"
2026-05-12 16:30:07,258 INFO Expired 12 bid(s)
2026-05-12 16:30:07,258 INFO Expired 12 bid(s)
2026-05-12 16:30:07,968 INFO HTTP Request: GET https://obrqnthgqczkhffbsbac.supabase.co/rest/v1/bids?select=bid_id%2Ctitle%2Cbid_status&is_relevant=eq.True&bid_status=in.%28no_bid%2Cexpired%29 "HTTP/2 200 OK"
2026-05-12 16:30:07,968 INFO HTTP Request: GET https://obrqnthgqczkhffbsbac.supabase.co/rest/v1/bids?select=bid_id%2Ctitle%2Cbid_status&is_relevant=eq.True&bid_status=in.%28no_bid%2Cexpired%29 "HTTP/2 200 OK"
2026-05-12 16:30:07,969 INFO No manually-closed bids to sync
2026-05-12 16:30:07,969 INFO No manually-closed bids to sync
✓ Expired 12 past-due bids
2026-05-13 16:30:05,946 INFO HTTP Request: GET https://obrqnthgqczkhffbsbac.supabase.co/rest/v1/bids?select=bid_id%2Ctitle%2Cagency%2Cdue_date%2Csource&due_date=lt.2026-05-13&bid_status=neq.expired "HTTP/2 200 OK"
2026-05-13 16:30:05,946 INFO HTTP Request: GET https://obrqnthgqczkhffbsbac.supabase.co/rest/v1/bids?select=bid_id%2Ctitle%2Cagency%2Cdue_date%2Csource&due_date=lt.2026-05-13&bid_status=neq.expired "HTTP/2 200 OK"
2026-05-13 16:30:05,950 INFO Found 11 past-due bid(s)
2026-05-13 16:30:05,950 INFO Found 11 past-due bid(s)
2026-05-13 16:30:05,950 INFO   [EXPIRE] 443968806190 — Annual ACM-Mold-Lead Paint Abatements (due 2026-05-12 · BidNet Direct)
2026-05-13 16:30:05,950 INFO   [EXPIRE] 443968806190 — Annual ACM-Mold-Lead Paint Abatements (due 2026-05-12 · BidNet Direct)
2026-05-13 16:30:05,950 INFO   [EXPIRE] 443993725817 — 40737S/16967 - CSD/HQ - CMB/IT SMARTBOARD DS643/122326 (due 2026-05-12 · BidNet Direct)
2026-05-13 16:30:05,950 INFO   [EXPIRE] 443993725817 — 40737S/16967 - CSD/HQ - CMB/IT SMARTBOARD DS643/122326 (due 2026-05-12 · BidNet Direct)
2026-05-13 16:30:05,951 INFO   [EXPIRE] QB-03-2026-01 — Gabilan and San Vicente Elementary School Classroom Pro (due 2026-05-12 · Quality Bidders)
2026-05-13 16:30:05,951 INFO   [EXPIRE] QB-03-2026-01 — Gabilan and San Vicente Elementary School Classroom Pro (due 2026-05-12 · Quality Bidders)
2026-05-13 16:30:05,951 INFO   [EXPIRE] 443969299445 — Martinelli Center Carpet Replacement (due 2026-05-12 · BidNet Direct)
2026-05-13 16:30:05,951 INFO   [EXPIRE] 443969299445 — Martinelli Center Carpet Replacement (due 2026-05-12 · BidNet Direct)
2026-05-13 16:30:05,951 INFO   [EXPIRE] QB-26-07 — FIESTA GARDENS/TURNBULL CHILD DEVELOPMENT CENTER FIRE A (due 2026-05-12 · Quality Bidders)
2026-05-13 16:30:05,951 INFO   [EXPIRE] QB-26-07 — FIESTA GARDENS/TURNBULL CHILD DEVELOPMENT CENTER FIRE A (due 2026-05-12 · Quality Bidders)
2026-05-13 16:30:05,951 INFO   [EXPIRE] QB-2026-03 — Sunnyvale School District Office Exterior Improvements (due 2026-05-12 · Quality Bidders)
2026-05-13 16:30:05,951 INFO   [EXPIRE] QB-2026-03 — Sunnyvale School District Office Exterior Improvements (due 2026-05-12 · Quality Bidders)
2026-05-13 16:30:05,951 INFO   [EXPIRE] QB-26-RR-02 — 3500 Tamarack Portable Relocation and Parking Lot Impro (due 2026-05-12 · Quality Bidders)
2026-05-13 16:30:05,951 INFO   [EXPIRE] QB-26-RR-02 — 3500 Tamarack Portable Relocation and Parking Lot Impro (due 2026-05-12 · Quality Bidders)
2026-05-13 16:30:05,951 INFO   [EXPIRE] 443987750887 — Hawthorne Housing Rehabilitation 2026 Phase II (due 2026-05-12 · BidNet Direct)
2026-05-13 16:30:05,951 INFO   [EXPIRE] 443987750887 — Hawthorne Housing Rehabilitation 2026 Phase II (due 2026-05-12 · BidNet Direct)
2026-05-13 16:30:05,951 INFO   [EXPIRE] SAM-31110PR260000003 — USCG BASE NCR FACILITIES CARPET AND TILE REPLACEMENT (due 2026-05-12 · SAM.gov)
2026-05-13 16:30:05,951 INFO   [EXPIRE] SAM-31110PR260000003 — USCG BASE NCR FACILITIES CARPET AND TILE REPLACEMENT (due 2026-05-12 · SAM.gov)
2026-05-13 16:30:05,951 INFO   [EXPIRE] CRISP-848 — Los Angeles USD - 2610072 Muir MS (due 2026-05-12 · Crisp Plan Room)
2026-05-13 16:30:05,951 INFO   [EXPIRE] CRISP-848 — Los Angeles USD - 2610072 Muir MS (due 2026-05-12 · Crisp Plan Room)
2026-05-13 16:30:05,951 INFO   [EXPIRE] 443992070079 — CHP Cache Creek and Keene Platform Scales - Parking Lot (due 2026-05-12 · BidNet Direct)
2026-05-13 16:30:05,951 INFO   [EXPIRE] 443992070079 — CHP Cache Creek and Keene Platform Scales - Parking Lot (due 2026-05-12 · BidNet Direct)
2026-05-13 16:30:06,458 INFO HTTP Request: PATCH https://obrqnthgqczkhffbsbac.supabase.co/rest/v1/bids?bid_id=in.%28443968806190%2C443993725817%2CQB-03-2026-01%2C443969299445%2CQB-26-07%2CQB-2026-03%2CQB-26-RR-02%2C443987750887%2CSAM-31110PR260000003%2CCRISP-848%2C443992070079%29 "HTTP/2 200 OK"
2026-05-13 16:30:06,458 INFO HTTP Request: PATCH https://obrqnthgqczkhffbsbac.supabase.co/rest/v1/bids?bid_id=in.%28443968806190%2C443993725817%2CQB-03-2026-01%2C443969299445%2CQB-26-07%2CQB-2026-03%2CQB-26-RR-02%2C443987750887%2CSAM-31110PR260000003%2CCRISP-848%2C443992070079%29 "HTTP/2 200 OK"
2026-05-13 16:30:06,461 INFO Expired 11 bid(s)
2026-05-13 16:30:06,461 INFO Expired 11 bid(s)
2026-05-13 16:30:06,866 INFO HTTP Request: GET https://obrqnthgqczkhffbsbac.supabase.co/rest/v1/bids?select=bid_id%2Ctitle%2Cbid_status&is_relevant=eq.True&bid_status=in.%28no_bid%2Cexpired%29 "HTTP/2 200 OK"
2026-05-13 16:30:06,866 INFO HTTP Request: GET https://obrqnthgqczkhffbsbac.supabase.co/rest/v1/bids?select=bid_id%2Ctitle%2Cbid_status&is_relevant=eq.True&bid_status=in.%28no_bid%2Cexpired%29 "HTTP/2 200 OK"
2026-05-13 16:30:06,867 INFO No manually-closed bids to sync
2026-05-13 16:30:06,867 INFO No manually-closed bids to sync
✓ Expired 11 past-due bids
2026-05-14 16:30:04,951 INFO HTTP Request: GET https://obrqnthgqczkhffbsbac.supabase.co/rest/v1/bids?select=bid_id%2Ctitle%2Cagency%2Cdue_date%2Csource&due_date=lt.2026-05-14&bid_status=neq.expired "HTTP/2 200 OK"
2026-05-14 16:30:04,951 INFO HTTP Request: GET https://obrqnthgqczkhffbsbac.supabase.co/rest/v1/bids?select=bid_id%2Ctitle%2Cagency%2Cdue_date%2Csource&due_date=lt.2026-05-14&bid_status=neq.expired "HTTP/2 200 OK"
2026-05-14 16:30:04,955 INFO Found 15 past-due bid(s)
2026-05-14 16:30:04,955 INFO Found 15 past-due bid(s)
2026-05-14 16:30:04,955 INFO   [EXPIRE] SAM-36C24726Q0448 — Z1AA--RFQ Flooring Maintenance (VA-26-00051754) (due 2026-05-13 · SAM.gov)
2026-05-14 16:30:04,955 INFO   [EXPIRE] SAM-36C24726Q0448 — Z1AA--RFQ Flooring Maintenance (VA-26-00051754) (due 2026-05-13 · SAM.gov)
2026-05-14 16:30:04,955 INFO   [EXPIRE] 443957772609 — Lease of Relocatable Buildings (due 2026-05-13 · BidNet Direct)
2026-05-14 16:30:04,955 INFO   [EXPIRE] 443957772609 — Lease of Relocatable Buildings (due 2026-05-13 · BidNet Direct)
2026-05-14 16:30:04,955 INFO   [EXPIRE] QB-26-51 — McCardle Elementary School Playground Replacements and  (due 2026-05-13 · Quality Bidders)
2026-05-14 16:30:04,955 INFO   [EXPIRE] QB-26-51 — McCardle Elementary School Playground Replacements and  (due 2026-05-13 · Quality Bidders)
2026-05-14 16:30:04,955 INFO   [EXPIRE] 443947535257 — STAFF RESIDENCES REHABILITATION; DEPARTMENT OF DEVELOPM (due 2026-05-13 · BidNet Direct)
2026-05-14 16:30:04,955 INFO   [EXPIRE] 443947535257 — STAFF RESIDENCES REHABILITATION; DEPARTMENT OF DEVELOPM (due 2026-05-13 · BidNet Direct)
2026-05-14 16:30:04,955 INFO   [EXPIRE] QB-0445-470 — 0445-470 John Still K-8 Gymnasium Upgrades (due 2026-05-13 · Quality Bidders)
2026-05-14 16:30:04,955 INFO   [EXPIRE] QB-0445-470 — 0445-470 John Still K-8 Gymnasium Upgrades (due 2026-05-13 · Quality Bidders)
2026-05-14 16:30:04,955 INFO   [EXPIRE] QB-0151-470 & 0450-470 — 0151-470 & 0450-470 LDV & Umoja Gym Upgrades and EV Cha (due 2026-05-13 · Quality Bidders)
2026-05-14 16:30:04,955 INFO   [EXPIRE] QB-0151-470 & 0450-470 — 0151-470 & 0450-470 LDV & Umoja Gym Upgrades and EV Cha (due 2026-05-13 · Quality Bidders)
2026-05-14 16:30:04,956 INFO   [EXPIRE] 443995757550 — Purchase of Police Department 2027 Ford Expedition (due 2026-05-13 · BidNet Direct)
2026-05-14 16:30:04,956 INFO   [EXPIRE] 443995757550 — Purchase of Police Department 2027 Ford Expedition (due 2026-05-13 · BidNet Direct)
2026-05-14 16:30:04,956 INFO   [EXPIRE] 443987981550 — Halon Fire System Services (due 2026-05-13 · BidNet Direct)
2026-05-14 16:30:04,956 INFO   [EXPIRE] 443987981550 — Halon Fire System Services (due 2026-05-13 · BidNet Direct)
2026-05-14 16:30:04,956 INFO   [EXPIRE] 443973629258 — Pomona Elementary Restroom Additions (due 2026-05-13 · BidNet Direct)
2026-05-14 16:30:04,956 INFO   [EXPIRE] 443973629258 — Pomona Elementary Restroom Additions (due 2026-05-13 · BidNet Direct)
2026-05-14 16:30:04,956 INFO   [EXPIRE] SAM-042925CYCT — CJIS - Yuma Carpet Tiles (due 2026-05-13 · SAM.gov)
2026-05-14 16:30:04,956 INFO   [EXPIRE] SAM-042925CYCT — CJIS - Yuma Carpet Tiles (due 2026-05-13 · SAM.gov)
2026-05-14 16:30:04,956 INFO   [EXPIRE] 443989746148 — JOHN STILL K-8 GYMNASIUM UPGRADES (due 2026-05-13 · BidNet Direct)
2026-05-14 16:30:04,956 INFO   [EXPIRE] 443989746148 — JOHN STILL K-8 GYMNASIUM UPGRADES (due 2026-05-13 · BidNet Direct)
2026-05-14 16:30:04,956 INFO   [EXPIRE] 443980918609 — Sewer Line Replacement Services (due 2026-05-13 · BidNet Direct)
2026-05-14 16:30:04,956 INFO   [EXPIRE] 443980918609 — Sewer Line Replacement Services (due 2026-05-13 · BidNet Direct)
2026-05-14 16:30:04,956 INFO   [EXPIRE] 443989991514 — LEONARDO DA VINCI AND UMOJA GYM UPGRADES AND EV CHARGER (due 2026-05-13 · BidNet Direct)
2026-05-14 16:30:04,956 INFO   [EXPIRE] 443989991514 — LEONARDO DA VINCI AND UMOJA GYM UPGRADES AND EV CHARGER (due 2026-05-13 · BidNet Direct)
2026-05-14 16:30:04,956 INFO   [EXPIRE] SAM-36C26226Q0789 — S214--Annual Carpet Cleaning 2026-2031 (due 2026-05-13 · SAM.gov)
2026-05-14 16:30:04,956 INFO   [EXPIRE] SAM-36C26226Q0789 — S214--Annual Carpet Cleaning 2026-2031 (due 2026-05-13 · SAM.gov)
2026-05-14 16:30:04,956 INFO   [EXPIRE] SAM-70Z027-26-R-00007 — Interior Space Renovation (due 2026-05-13 · SAM.gov)
2026-05-14 16:30:04,956 INFO   [EXPIRE] SAM-70Z027-26-R-00007 — Interior Space Renovation (due 2026-05-13 · SAM.gov)
2026-05-14 16:30:05,389 INFO HTTP Request: PATCH https://obrqnthgqczkhffbsbac.supabase.co/rest/v1/bids?bid_id=in.%28SAM-36C24726Q0448%2C443957772609%2CQB-26-51%2C443947535257%2CQB-0445-470%2CQB-0151-470+%26+0450-470%2C443995757550%2C443987981550%2C443973629258%2CSAM-042925CYCT%2C443989746148%2C443980918609%2C443989991514%2CSAM-36C26226Q0789%2CSAM-70Z027-26-R-00007%29 "HTTP/2 200 OK"
2026-05-14 16:30:05,389 INFO HTTP Request: PATCH https://obrqnthgqczkhffbsbac.supabase.co/rest/v1/bids?bid_id=in.%28SAM-36C24726Q0448%2C443957772609%2CQB-26-51%2C443947535257%2CQB-0445-470%2CQB-0151-470+%26+0450-470%2C443995757550%2C443987981550%2C443973629258%2CSAM-042925CYCT%2C443989746148%2C443980918609%2C443989991514%2CSAM-36C26226Q0789%2CSAM-70Z027-26-R-00007%29 "HTTP/2 200 OK"
2026-05-14 16:30:05,394 INFO Expired 15 bid(s)
2026-05-14 16:30:05,394 INFO Expired 15 bid(s)
2026-05-14 16:30:05,666 INFO HTTP Request: GET https://obrqnthgqczkhffbsbac.supabase.co/rest/v1/bids?select=bid_id%2Ctitle%2Cbid_status&is_relevant=eq.True&bid_status=in.%28no_bid%2Cexpired%29 "HTTP/2 200 OK"
2026-05-14 16:30:05,666 INFO HTTP Request: GET https://obrqnthgqczkhffbsbac.supabase.co/rest/v1/bids?select=bid_id%2Ctitle%2Cbid_status&is_relevant=eq.True&bid_status=in.%28no_bid%2Cexpired%29 "HTTP/2 200 OK"
2026-05-14 16:30:05,667 INFO No manually-closed bids to sync
2026-05-14 16:30:05,667 INFO No manually-closed bids to sync
✓ Expired 15 past-due bids
2026-05-15 16:30:03,137 INFO HTTP Request: GET https://obrqnthgqczkhffbsbac.supabase.co/rest/v1/bids?select=bid_id%2Ctitle%2Cagency%2Cdue_date%2Csource&due_date=lt.2026-05-15&bid_status=neq.expired "HTTP/2 200 OK"
2026-05-15 16:30:03,137 INFO HTTP Request: GET https://obrqnthgqczkhffbsbac.supabase.co/rest/v1/bids?select=bid_id%2Ctitle%2Cagency%2Cdue_date%2Csource&due_date=lt.2026-05-15&bid_status=neq.expired "HTTP/2 200 OK"
2026-05-15 16:30:03,141 INFO Found 18 past-due bid(s)
2026-05-15 16:30:03,141 INFO Found 18 past-due bid(s)
2026-05-15 16:30:03,141 INFO   [EXPIRE] 443984370408 — Purchase of One (1) Replacement Vehicle (due 2026-05-14 · BidNet Direct)
2026-05-15 16:30:03,141 INFO   [EXPIRE] 443984370408 — Purchase of One (1) Replacement Vehicle (due 2026-05-14 · BidNet Direct)
2026-05-15 16:30:03,141 INFO   [EXPIRE] QB-26-49 — Fresno High School New Maintenance Building (due 2026-05-14 · Quality Bidders)
2026-05-15 16:30:03,141 INFO   [EXPIRE] QB-26-49 — Fresno High School New Maintenance Building (due 2026-05-14 · Quality Bidders)
2026-05-15 16:30:03,141 INFO   [EXPIRE] QB-2025-12 — Indianola Parking Lot Improvements (due 2026-05-14 · Quality Bidders)
2026-05-15 16:30:03,141 INFO   [EXPIRE] QB-2025-12 — Indianola Parking Lot Improvements (due 2026-05-14 · Quality Bidders)
2026-05-15 16:30:03,141 INFO   [EXPIRE] 443994164025 — Contra-Solano Septic (due 2026-05-14 · BidNet Direct)
2026-05-15 16:30:03,141 INFO   [EXPIRE] 443994164025 — Contra-Solano Septic (due 2026-05-14 · BidNet Direct)
2026-05-15 16:30:03,141 INFO   [EXPIRE] CCOP-03A4138 — IFPQ General Building Repairs, Nevada County (due 2026-05-14 · Caltrans CCOP)
2026-05-15 16:30:03,141 INFO   [EXPIRE] CCOP-03A4138 — IFPQ General Building Repairs, Nevada County (due 2026-05-14 · Caltrans CCOP)
2026-05-15 16:30:03,142 INFO   [EXPIRE] 443987039207 — Alkebu-Lan Cultural Center Office Repair (due 2026-05-14 · BidNet Direct)
2026-05-15 16:30:03,142 INFO   [EXPIRE] 443987039207 — Alkebu-Lan Cultural Center Office Repair (due 2026-05-14 · BidNet Direct)
2026-05-15 16:30:03,142 INFO   [EXPIRE] 443990047562 — Dos Palos High School Roofing (due 2026-05-14 · BidNet Direct)
2026-05-15 16:30:03,142 INFO   [EXPIRE] 443990047562 — Dos Palos High School Roofing (due 2026-05-14 · BidNet Direct)
2026-05-15 16:30:03,142 INFO   [EXPIRE] CRISP-857 — Electrical and Low Voltage Contracting Services (due 2026-05-14 · Crisp Plan Room)
2026-05-15 16:30:03,142 INFO   [EXPIRE] CRISP-857 — Electrical and Low Voltage Contracting Services (due 2026-05-14 · Crisp Plan Room)
2026-05-15 16:30:03,142 INFO   [EXPIRE] 443955010135 — Window Replacements in Sacramento County (due 2026-05-14 · BidNet Direct)
2026-05-15 16:30:03,142 INFO   [EXPIRE] 443955010135 — Window Replacements in Sacramento County (due 2026-05-14 · BidNet Direct)
2026-05-15 16:30:03,142 INFO   [EXPIRE] SAM-W15QKN26Q1BNR — Renovate Common Areas of Single Soldier Unaccompanied P (due 2026-05-14 · SAM.gov)
2026-05-15 16:30:03,142 INFO   [EXPIRE] SAM-W15QKN26Q1BNR — Renovate Common Areas of Single Soldier Unaccompanied P (due 2026-05-14 · SAM.gov)
2026-05-15 16:30:03,142 INFO   [EXPIRE] 444008556051 — PANEL - FLOOR, PHENOLIC, 33.9" X 111" X 0.71", PANEL 33 (due 2026-05-14 · BidNet Direct)
2026-05-15 16:30:03,142 INFO   [EXPIRE] 444008556051 — PANEL - FLOOR, PHENOLIC, 33.9" X 111" X 0.71", PANEL 33 (due 2026-05-14 · BidNet Direct)
2026-05-15 16:30:03,142 INFO   [EXPIRE] 443983139335 — Custodial Services for City Buildings (due 2026-05-14 · BidNet Direct)
2026-05-15 16:30:03,142 INFO   [EXPIRE] 443983139335 — Custodial Services for City Buildings (due 2026-05-14 · BidNet Direct)
2026-05-15 16:30:03,142 INFO   [EXPIRE] CRISP-847 — San Diego USD - CP26-0926-52-00-00 (due 2026-05-14 · Crisp Plan Room)
2026-05-15 16:30:03,142 INFO   [EXPIRE] CRISP-847 — San Diego USD - CP26-0926-52-00-00 (due 2026-05-14 · Crisp Plan Room)
2026-05-15 16:30:03,142 INFO   [EXPIRE] CRISP-854 — Santa Ana USD - Willard Intermediate School (due 2026-05-14 · Crisp Plan Room)
2026-05-15 16:30:03,142 INFO   [EXPIRE] CRISP-854 — Santa Ana USD - Willard Intermediate School (due 2026-05-14 · Crisp Plan Room)
2026-05-15 16:30:03,142 INFO   [EXPIRE] SAM-25192 — Carpet Rework (due 2026-05-14 · SAM.gov)
2026-05-15 16:30:03,142 INFO   [EXPIRE] SAM-25192 — Carpet Rework (due 2026-05-14 · SAM.gov)
2026-05-15 16:30:03,142 INFO   [EXPIRE] CRISP-855 — Santa Ana USD - Santa Ana HS (due 2026-05-14 · Crisp Plan Room)
2026-05-15 16:30:03,142 INFO   [EXPIRE] CRISP-855 — Santa Ana USD - Santa Ana HS (due 2026-05-14 · Crisp Plan Room)
2026-05-15 16:30:03,143 INFO   [EXPIRE] CRISP-856 — Santa Ana USD - Saddleback HS (due 2026-05-14 · Crisp Plan Room)
2026-05-15 16:30:03,143 INFO   [EXPIRE] CRISP-856 — Santa Ana USD - Saddleback HS (due 2026-05-14 · Crisp Plan Room)
2026-05-15 16:30:03,143 INFO   [EXPIRE] SOCAL-1204 — ALLAN HANCOCK COLLEGE - Bid #26-03 - Bldg. L & ARC Exte (due 2026-05-14 · SoCal Plan Room)
2026-05-15 16:30:03,143 INFO   [EXPIRE] SOCAL-1204 — ALLAN HANCOCK COLLEGE - Bid #26-03 - Bldg. L & ARC Exte (due 2026-05-14 · SoCal Plan Room)
2026-05-15 16:30:03,648 INFO HTTP Request: PATCH https://obrqnthgqczkhffbsbac.supabase.co/rest/v1/bids?bid_id=in.%28443984370408%2CQB-26-49%2CQB-2025-12%2C443994164025%2CCCOP-03A4138%2C443987039207%2C443990047562%2CCRISP-857%2C443955010135%2CSAM-W15QKN26Q1BNR%2C444008556051%2C443983139335%2CCRISP-847%2CCRISP-854%2CSAM-25192%2CCRISP-855%2CCRISP-856%2CSOCAL-1204%29 "HTTP/2 200 OK"
2026-05-15 16:30:03,648 INFO HTTP Request: PATCH https://obrqnthgqczkhffbsbac.supabase.co/rest/v1/bids?bid_id=in.%28443984370408%2CQB-26-49%2CQB-2025-12%2C443994164025%2CCCOP-03A4138%2C443987039207%2C443990047562%2CCRISP-857%2C443955010135%2CSAM-W15QKN26Q1BNR%2C444008556051%2C443983139335%2CCRISP-847%2CCRISP-854%2CSAM-25192%2CCRISP-855%2CCRISP-856%2CSOCAL-1204%29 "HTTP/2 200 OK"
2026-05-15 16:30:03,652 INFO Expired 18 bid(s)
2026-05-15 16:30:03,652 INFO Expired 18 bid(s)
2026-05-15 16:30:04,058 INFO HTTP Request: GET https://obrqnthgqczkhffbsbac.supabase.co/rest/v1/bids?select=bid_id%2Ctitle%2Cbid_status&is_relevant=eq.True&bid_status=in.%28no_bid%2Cexpired%29 "HTTP/2 200 OK"
2026-05-15 16:30:04,058 INFO HTTP Request: GET https://obrqnthgqczkhffbsbac.supabase.co/rest/v1/bids?select=bid_id%2Ctitle%2Cbid_status&is_relevant=eq.True&bid_status=in.%28no_bid%2Cexpired%29 "HTTP/2 200 OK"
2026-05-15 16:30:04,059 INFO No manually-closed bids to sync
2026-05-15 16:30:04,059 INFO No manually-closed bids to sync
✓ Expired 18 past-due bids
2026-05-18 16:30:06,649 INFO HTTP Request: GET https://obrqnthgqczkhffbsbac.supabase.co/rest/v1/bids?select=bid_id%2Ctitle%2Cagency%2Cdue_date%2Csource&due_date=lt.2026-05-18&bid_status=neq.expired "HTTP/2 200 OK"
2026-05-18 16:30:06,649 INFO HTTP Request: GET https://obrqnthgqczkhffbsbac.supabase.co/rest/v1/bids?select=bid_id%2Ctitle%2Cagency%2Cdue_date%2Csource&due_date=lt.2026-05-18&bid_status=neq.expired "HTTP/2 200 OK"
2026-05-18 16:30:06,653 INFO Found 21 past-due bid(s)
2026-05-18 16:30:06,653 INFO Found 21 past-due bid(s)
2026-05-18 16:30:06,653 INFO   [EXPIRE] 443980182363 — JOB ORDER CONTRACT (JOC) 376 C-15 FLOORING AND FLOOR CO (due 2026-05-15 · BidNet Direct)
2026-05-18 16:30:06,653 INFO   [EXPIRE] 443980182363 — JOB ORDER CONTRACT (JOC) 376 C-15 FLOORING AND FLOOR CO (due 2026-05-15 · BidNet Direct)
2026-05-18 16:30:06,653 INFO   [EXPIRE] 443989772394 — 26-2668 / TEST PREPARATION TRAININGS - SOW (due 2026-05-15 · BidNet Direct)
2026-05-18 16:30:06,653 INFO   [EXPIRE] 443989772394 — 26-2668 / TEST PREPARATION TRAININGS - SOW (due 2026-05-15 · BidNet Direct)
2026-05-18 16:30:06,653 INFO   [EXPIRE] 8770067214 — 20(25-26)FP - Renovation of Science Labs at Garey High  (due 2026-05-15 · BidNet Direct)
2026-05-18 16:30:06,653 INFO   [EXPIRE] 8770067214 — 20(25-26)FP - Renovation of Science Labs at Garey High  (due 2026-05-15 · BidNet Direct)
2026-05-18 16:30:06,653 INFO   [EXPIRE] 443977006900 — As-Needed Specialized Equity-Centered Training and Exec (due 2026-05-15 · BidNet Direct)
2026-05-18 16:30:06,653 INFO   [EXPIRE] 443977006900 — As-Needed Specialized Equity-Centered Training and Exec (due 2026-05-15 · BidNet Direct)
2026-05-18 16:30:06,653 INFO   [EXPIRE] 443976440122 — CITATION PROCESSING (due 2026-05-15 · BidNet Direct)
2026-05-18 16:30:06,653 INFO   [EXPIRE] 443976440122 — CITATION PROCESSING (due 2026-05-15 · BidNet Direct)
2026-05-18 16:30:06,653 INFO   [EXPIRE] 443973797283 — Design and Installation of Public Safety Video Wall and (due 2026-05-15 · BidNet Direct)
2026-05-18 16:30:06,653 INFO   [EXPIRE] 443973797283 — Design and Installation of Public Safety Video Wall and (due 2026-05-15 · BidNet Direct)
2026-05-18 16:30:06,653 INFO   [EXPIRE] 2684700992 — Pool Deck and Locker Room Floor Repair at Base Alameda (due 2026-05-15 · BidNet Direct)
2026-05-18 16:30:06,653 INFO   [EXPIRE] 2684700992 — Pool Deck and Locker Room Floor Repair at Base Alameda (due 2026-05-15 · BidNet Direct)
2026-05-18 16:30:06,654 INFO   [EXPIRE] 2684786162 — Install New Floor in Men’s Locker Room in Building 48 a (due 2026-05-15 · BidNet Direct)
2026-05-18 16:30:06,654 INFO   [EXPIRE] 2684786162 — Install New Floor in Men’s Locker Room in Building 48 a (due 2026-05-15 · BidNet Direct)
2026-05-18 16:30:06,654 INFO   [EXPIRE] 443984370403 — Support Vehicle Cleaning Services (due 2026-05-15 · BidNet Direct)
2026-05-18 16:30:06,654 INFO   [EXPIRE] 443984370403 — Support Vehicle Cleaning Services (due 2026-05-15 · BidNet Direct)
2026-05-18 16:30:06,654 INFO   [EXPIRE] 2681987282 — Retail Space to Lease – Santee, California (due 2026-05-15 · BidNet Direct)
2026-05-18 16:30:06,654 INFO   [EXPIRE] 2681987282 — Retail Space to Lease – Santee, California (due 2026-05-15 · BidNet Direct)
2026-05-18 16:30:06,654 INFO   [EXPIRE] QB-2526-01 — Swanston Preschool Demolition Project (due 2026-05-15 · Quality Bidders)
2026-05-18 16:30:06,654 INFO   [EXPIRE] QB-2526-01 — Swanston Preschool Demolition Project (due 2026-05-15 · Quality Bidders)
2026-05-18 16:30:06,654 INFO   [EXPIRE] 443961692093 — Carpet Replacement and Repair Services (due 2026-05-15 · BidNet Direct)
2026-05-18 16:30:06,654 INFO   [EXPIRE] 443961692093 — Carpet Replacement and Repair Services (due 2026-05-15 · BidNet Direct)
2026-05-18 16:30:06,654 INFO   [EXPIRE] CRISP-845 — Haynes Charter for Enriched Studies - Roofing (due 2026-05-15 · Crisp Plan Room)
2026-05-18 16:30:06,654 INFO   [EXPIRE] CRISP-845 — Haynes Charter for Enriched Studies - Roofing (due 2026-05-15 · Crisp Plan Room)
2026-05-18 16:30:06,654 INFO   [EXPIRE] SAM-36C24126Q0460 — K061--Test and Replace Medium Voltage Feeders at the VA (due 2026-05-15 · SAM.gov)
2026-05-18 16:30:06,654 INFO   [EXPIRE] SAM-36C24126Q0460 — K061--Test and Replace Medium Voltage Feeders at the VA (due 2026-05-15 · SAM.gov)
2026-05-18 16:30:06,654 INFO   [EXPIRE] CRISP-851 — Los Angeles USD - 2610062 Robert F. Kennedy Community S (due 2026-05-15 · Crisp Plan Room)
2026-05-18 16:30:06,654 INFO   [EXPIRE] CRISP-851 — Los Angeles USD - 2610062 Robert F. Kennedy Community S (due 2026-05-15 · Crisp Plan Room)
2026-05-18 16:30:06,654 INFO   [EXPIRE] SAM-36C24226Q0596 — 6530--EQUIPMENT - GULDMANN PATIENT CEILING LIFT SYSTEMS (due 2026-05-15 · SAM.gov)
2026-05-18 16:30:06,654 INFO   [EXPIRE] SAM-36C24226Q0596 — 6530--EQUIPMENT - GULDMANN PATIENT CEILING LIFT SYSTEMS (due 2026-05-15 · SAM.gov)
2026-05-18 16:30:06,654 INFO   [EXPIRE] SAM-FA487726QA083 — Engine Room Reflooring - Nellis Air Force Base, NV (due 2026-05-15 · SAM.gov)
2026-05-18 16:30:06,654 INFO   [EXPIRE] SAM-FA487726QA083 — Engine Room Reflooring - Nellis Air Force Base, NV (due 2026-05-15 · SAM.gov)
2026-05-18 16:30:06,654 INFO   [EXPIRE] SAM-FA500026Q0031 — JBER Flooring Project (due 2026-05-15 · SAM.gov)
2026-05-18 16:30:06,654 INFO   [EXPIRE] SAM-FA500026Q0031 — JBER Flooring Project (due 2026-05-15 · SAM.gov)
2026-05-18 16:30:06,654 INFO   [EXPIRE] 444012965426 — PANEL - FLOORING, PHENOLIC, FOR A650, 56" X 59.5" X 0.7 (due 2026-05-15 · BidNet Direct)
2026-05-18 16:30:06,654 INFO   [EXPIRE] 444012965426 — PANEL - FLOORING, PHENOLIC, FOR A650, 56" X 59.5" X 0.7 (due 2026-05-15 · BidNet Direct)
2026-05-18 16:30:06,654 INFO   [EXPIRE] SAM-F4D3F36092AW01 — Combined Presolicitation Notice/Sources Sought (due 2026-05-15 · SAM.gov)
2026-05-18 16:30:06,654 INFO   [EXPIRE] SAM-F4D3F36092AW01 — Combined Presolicitation Notice/Sources Sought (due 2026-05-15 · SAM.gov)
2026-05-18 16:30:06,654 INFO   [EXPIRE] 444012812076 — ADHESIVE - FLOOR, JOHNSONITE 996, PART A & B (due 2026-05-16 · BidNet Direct)
2026-05-18 16:30:06,654 INFO   [EXPIRE] 444012812076 — ADHESIVE - FLOOR, JOHNSONITE 996, PART A & B (due 2026-05-16 · BidNet Direct)
2026-05-18 16:30:07,626 INFO HTTP Request: PATCH https://obrqnthgqczkhffbsbac.supabase.co/rest/v1/bids?bid_id=in.%28443980182363%2C443989772394%2C8770067214%2C443977006900%2C443976440122%2C443973797283%2C2684700992%2C2684786162%2C443984370403%2C2681987282%2CQB-2526-01%2C443961692093%2CCRISP-845%2CSAM-36C24126Q0460%2CCRISP-851%2CSAM-36C24226Q0596%2CSAM-FA487726QA083%2CSAM-FA500026Q0031%2C444012965426%2CSAM-F4D3F36092AW01%2C444012812076%29 "HTTP/2 200 OK"
2026-05-18 16:30:07,626 INFO HTTP Request: PATCH https://obrqnthgqczkhffbsbac.supabase.co/rest/v1/bids?bid_id=in.%28443980182363%2C443989772394%2C8770067214%2C443977006900%2C443976440122%2C443973797283%2C2684700992%2C2684786162%2C443984370403%2C2681987282%2CQB-2526-01%2C443961692093%2CCRISP-845%2CSAM-36C24126Q0460%2CCRISP-851%2CSAM-36C24226Q0596%2CSAM-FA487726QA083%2CSAM-FA500026Q0031%2C444012965426%2CSAM-F4D3F36092AW01%2C444012812076%29 "HTTP/2 200 OK"
2026-05-18 16:30:07,630 INFO Expired 21 bid(s)
2026-05-18 16:30:07,630 INFO Expired 21 bid(s)
2026-05-18 16:30:08,027 INFO HTTP Request: GET https://obrqnthgqczkhffbsbac.supabase.co/rest/v1/bids?select=bid_id%2Ctitle%2Cbid_status&is_relevant=eq.True&bid_status=in.%28no_bid%2Cexpired%29 "HTTP/2 200 OK"
2026-05-18 16:30:08,027 INFO HTTP Request: GET https://obrqnthgqczkhffbsbac.supabase.co/rest/v1/bids?select=bid_id%2Ctitle%2Cbid_status&is_relevant=eq.True&bid_status=in.%28no_bid%2Cexpired%29 "HTTP/2 200 OK"
2026-05-18 16:30:08,028 INFO No manually-closed bids to sync
2026-05-18 16:30:08,028 INFO No manually-closed bids to sync
✓ Expired 21 past-due bids
2026-05-19 16:30:04,895 INFO HTTP Request: GET https://obrqnthgqczkhffbsbac.supabase.co/rest/v1/bids?select=bid_id%2Ctitle%2Cagency%2Cdue_date%2Csource&due_date=lt.2026-05-19&bid_status=neq.expired "HTTP/2 200 OK"
2026-05-19 16:30:04,895 INFO HTTP Request: GET https://obrqnthgqczkhffbsbac.supabase.co/rest/v1/bids?select=bid_id%2Ctitle%2Cagency%2Cdue_date%2Csource&due_date=lt.2026-05-19&bid_status=neq.expired "HTTP/2 200 OK"
2026-05-19 16:30:04,899 INFO Found 11 past-due bid(s)
2026-05-19 16:30:04,899 INFO Found 11 past-due bid(s)
2026-05-19 16:30:04,899 INFO   [EXPIRE] 443976251325 — Floor Covering Services (due 2026-05-18 · BidNet Direct)
2026-05-19 16:30:04,899 INFO   [EXPIRE] 443976251325 — Floor Covering Services (due 2026-05-18 · BidNet Direct)
2026-05-19 16:30:04,899 INFO   [EXPIRE] 444002339456 — CHP Mountain Pass Resident Post – Portable Chemical Toi (due 2026-05-18 · BidNet Direct)
2026-05-19 16:30:04,899 INFO   [EXPIRE] 444002339456 — CHP Mountain Pass Resident Post – Portable Chemical Toi (due 2026-05-18 · BidNet Direct)
2026-05-19 16:30:04,899 INFO   [EXPIRE] 2690009072 — Retail Space for Lease in Carson (due 2026-05-18 · BidNet Direct)
2026-05-19 16:30:04,899 INFO   [EXPIRE] 2690009072 — Retail Space for Lease in Carson (due 2026-05-18 · BidNet Direct)
2026-05-19 16:30:04,900 INFO   [EXPIRE] 443976285645 — Planning Services for Downtown Intermodal Center (due 2026-05-18 · BidNet Direct)
2026-05-19 16:30:04,900 INFO   [EXPIRE] 443976285645 — Planning Services for Downtown Intermodal Center (due 2026-05-18 · BidNet Direct)
2026-05-19 16:30:04,900 INFO   [EXPIRE] 444006141673 — CUPCCAA 10-Day Informal Bid Betty Reid Soskin Building  (due 2026-05-18 · BidNet Direct)
2026-05-19 16:30:04,900 INFO   [EXPIRE] 444006141673 — CUPCCAA 10-Day Informal Bid Betty Reid Soskin Building  (due 2026-05-18 · BidNet Direct)
2026-05-19 16:30:04,900 INFO   [EXPIRE] 444016384510 — 2026 Mercedes Benz Sprinter Van (due 2026-05-18 · BidNet Direct)
2026-05-19 16:30:04,900 INFO   [EXPIRE] 444016384510 — 2026 Mercedes Benz Sprinter Van (due 2026-05-18 · BidNet Direct)
2026-05-19 16:30:04,900 INFO   [EXPIRE] SAM-W912HZ26Z1BMB — Brand-name Supply Purchase Darwin Chambers Environmenta (due 2026-05-18 · SAM.gov)
2026-05-19 16:30:04,900 INFO   [EXPIRE] SAM-W912HZ26Z1BMB — Brand-name Supply Purchase Darwin Chambers Environmenta (due 2026-05-18 · SAM.gov)
2026-05-19 16:30:04,900 INFO   [EXPIRE] 443973721739 — CITY-WIDE JANITORIAL MAINTENANCE SERVICES (due 2026-05-18 · BidNet Direct)
2026-05-19 16:30:04,900 INFO   [EXPIRE] 443973721739 — CITY-WIDE JANITORIAL MAINTENANCE SERVICES (due 2026-05-18 · BidNet Direct)
2026-05-19 16:30:04,900 INFO   [EXPIRE] SAM-SPE8E526T2776 — 34--MILLING MACHINE,HOR (due 2026-05-18 · SAM.gov)
2026-05-19 16:30:04,900 INFO   [EXPIRE] SAM-SPE8E526T2776 — 34--MILLING MACHINE,HOR (due 2026-05-18 · SAM.gov)
2026-05-19 16:30:04,900 INFO   [EXPIRE] SAM-712674531 — Custodial and Janitorial Services for Defense Informati (due 2026-05-18 · SAM.gov)
2026-05-19 16:30:04,900 INFO   [EXPIRE] SAM-712674531 — Custodial and Janitorial Services for Defense Informati (due 2026-05-18 · SAM.gov)
2026-05-19 16:30:04,900 INFO   [EXPIRE] SAM-SPE8E526Q0228 — 34--MILLING MACHINE,HOR (due 2026-05-18 · SAM.gov)
2026-05-19 16:30:04,900 INFO   [EXPIRE] SAM-SPE8E526Q0228 — 34--MILLING MACHINE,HOR (due 2026-05-18 · SAM.gov)
2026-05-19 16:30:05,610 INFO HTTP Request: PATCH https://obrqnthgqczkhffbsbac.supabase.co/rest/v1/bids?bid_id=in.%28443976251325%2C444002339456%2C2690009072%2C443976285645%2C444006141673%2C444016384510%2CSAM-W912HZ26Z1BMB%2C443973721739%2CSAM-SPE8E526T2776%2CSAM-712674531%2CSAM-SPE8E526Q0228%29 "HTTP/2 200 OK"
2026-05-19 16:30:05,610 INFO HTTP Request: PATCH https://obrqnthgqczkhffbsbac.supabase.co/rest/v1/bids?bid_id=in.%28443976251325%2C444002339456%2C2690009072%2C443976285645%2C444006141673%2C444016384510%2CSAM-W912HZ26Z1BMB%2C443973721739%2CSAM-SPE8E526T2776%2CSAM-712674531%2CSAM-SPE8E526Q0228%29 "HTTP/2 200 OK"
2026-05-19 16:30:05,613 INFO Expired 11 bid(s)
2026-05-19 16:30:05,613 INFO Expired 11 bid(s)
2026-05-19 16:30:05,916 INFO HTTP Request: GET https://obrqnthgqczkhffbsbac.supabase.co/rest/v1/bids?select=bid_id%2Ctitle%2Cbid_status&is_relevant=eq.True&bid_status=in.%28no_bid%2Cexpired%29 "HTTP/2 200 OK"
2026-05-19 16:30:05,916 INFO HTTP Request: GET https://obrqnthgqczkhffbsbac.supabase.co/rest/v1/bids?select=bid_id%2Ctitle%2Cbid_status&is_relevant=eq.True&bid_status=in.%28no_bid%2Cexpired%29 "HTTP/2 200 OK"
2026-05-19 16:30:05,917 INFO No manually-closed bids to sync
2026-05-19 16:30:05,917 INFO No manually-closed bids to sync
✓ Expired 11 past-due bids
2026-05-20 16:30:06,944 INFO HTTP Request: GET https://obrqnthgqczkhffbsbac.supabase.co/rest/v1/bids?select=bid_id%2Ctitle%2Cagency%2Cdue_date%2Csource&due_date=lt.2026-05-20&bid_status=neq.expired "HTTP/2 200 OK"
2026-05-20 16:30:06,944 INFO HTTP Request: GET https://obrqnthgqczkhffbsbac.supabase.co/rest/v1/bids?select=bid_id%2Ctitle%2Cagency%2Cdue_date%2Csource&due_date=lt.2026-05-20&bid_status=neq.expired "HTTP/2 200 OK"
2026-05-20 16:30:06,947 INFO Found 5 past-due bid(s)
2026-05-20 16:30:06,947 INFO Found 5 past-due bid(s)
2026-05-20 16:30:06,947 INFO   [EXPIRE] 2689864487 — FY26 Trailers Sources Sought (due 2026-05-19 · BidNet Direct)
2026-05-20 16:30:06,947 INFO   [EXPIRE] 2689864487 — FY26 Trailers Sources Sought (due 2026-05-19 · BidNet Direct)
2026-05-20 16:30:06,947 INFO   [EXPIRE] 443990155628 — Long Valley BPS Restroom Repair (Lassen County) (due 2026-05-19 · BidNet Direct)
2026-05-20 16:30:06,947 INFO   [EXPIRE] 443990155628 — Long Valley BPS Restroom Repair (Lassen County) (due 2026-05-19 · BidNet Direct)
2026-05-20 16:30:06,948 INFO   [EXPIRE] SAM-W56ZLW-26-Q-0010 — Custodial Services for Fort Bliss (due 2026-05-19 · SAM.gov)
2026-05-20 16:30:06,948 INFO   [EXPIRE] SAM-W56ZLW-26-Q-0010 — Custodial Services for Fort Bliss (due 2026-05-19 · SAM.gov)
2026-05-20 16:30:06,948 INFO   [EXPIRE] SAM-FA468626TRAIL — FY26 Trailers Sources Sought (due 2026-05-19 · SAM.gov)
2026-05-20 16:30:06,948 INFO   [EXPIRE] SAM-FA468626TRAIL — FY26 Trailers Sources Sought (due 2026-05-19 · SAM.gov)
2026-05-20 16:30:06,948 INFO   [EXPIRE] SAM-PANMCC26P0000045456 — Notice of Intent to Sole Source-HOSA Ancillary Services (due 2026-05-19 · SAM.gov)
2026-05-20 16:30:06,948 INFO   [EXPIRE] SAM-PANMCC26P0000045456 — Notice of Intent to Sole Source-HOSA Ancillary Services (due 2026-05-19 · SAM.gov)
2026-05-20 16:30:07,351 INFO HTTP Request: PATCH https://obrqnthgqczkhffbsbac.supabase.co/rest/v1/bids?bid_id=in.%282689864487%2C443990155628%2CSAM-W56ZLW-26-Q-0010%2CSAM-FA468626TRAIL%2CSAM-PANMCC26P0000045456%29 "HTTP/2 200 OK"
2026-05-20 16:30:07,351 INFO HTTP Request: PATCH https://obrqnthgqczkhffbsbac.supabase.co/rest/v1/bids?bid_id=in.%282689864487%2C443990155628%2CSAM-W56ZLW-26-Q-0010%2CSAM-FA468626TRAIL%2CSAM-PANMCC26P0000045456%29 "HTTP/2 200 OK"
2026-05-20 16:30:07,354 INFO Expired 5 bid(s)
2026-05-20 16:30:07,354 INFO Expired 5 bid(s)
2026-05-20 16:30:08,068 INFO HTTP Request: GET https://obrqnthgqczkhffbsbac.supabase.co/rest/v1/bids?select=bid_id%2Ctitle%2Cbid_status&is_relevant=eq.True&bid_status=in.%28no_bid%2Cexpired%29 "HTTP/2 200 OK"
2026-05-20 16:30:08,068 INFO HTTP Request: GET https://obrqnthgqczkhffbsbac.supabase.co/rest/v1/bids?select=bid_id%2Ctitle%2Cbid_status&is_relevant=eq.True&bid_status=in.%28no_bid%2Cexpired%29 "HTTP/2 200 OK"
2026-05-20 16:30:08,069 INFO No manually-closed bids to sync
2026-05-20 16:30:08,069 INFO No manually-closed bids to sync
✓ Expired 5 past-due bids
2026-05-21 16:30:06,178 INFO HTTP Request: GET https://obrqnthgqczkhffbsbac.supabase.co/rest/v1/bids?select=bid_id%2Ctitle%2Cagency%2Cdue_date%2Csource&due_date=lt.2026-05-21&bid_status=neq.expired "HTTP/2 200 OK"
2026-05-21 16:30:06,178 INFO HTTP Request: GET https://obrqnthgqczkhffbsbac.supabase.co/rest/v1/bids?select=bid_id%2Ctitle%2Cagency%2Cdue_date%2Csource&due_date=lt.2026-05-21&bid_status=neq.expired "HTTP/2 200 OK"
2026-05-21 16:30:06,182 INFO Found 15 past-due bid(s)
2026-05-21 16:30:06,182 INFO Found 15 past-due bid(s)
2026-05-21 16:30:06,182 INFO   [EXPIRE] SAM-N3904026R3065 — San Diego Lodging_2 (due 2026-05-20 · SAM.gov)
2026-05-21 16:30:06,182 INFO   [EXPIRE] SAM-N3904026R3065 — San Diego Lodging_2 (due 2026-05-20 · SAM.gov)
2026-05-21 16:30:06,182 INFO   [EXPIRE] 443995865768 — Tenant Improvements for Multiple Rooms at Anaheim Campu (due 2026-05-20 · BidNet Direct)
2026-05-21 16:30:06,182 INFO   [EXPIRE] 443995865768 — Tenant Improvements for Multiple Rooms at Anaheim Campu (due 2026-05-20 · BidNet Direct)
2026-05-21 16:30:06,182 INFO   [EXPIRE] 443991591103 — Custodial Services (due 2026-05-20 · BidNet Direct)
2026-05-21 16:30:06,182 INFO   [EXPIRE] 443991591103 — Custodial Services (due 2026-05-20 · BidNet Direct)
2026-05-21 16:30:06,182 INFO   [EXPIRE] 443980336005 — East Bakersfield High School: Building 200 Ceiling Abat (due 2026-05-20 · BidNet Direct)
2026-05-21 16:30:06,182 INFO   [EXPIRE] 443980336005 — East Bakersfield High School: Building 200 Ceiling Abat (due 2026-05-20 · BidNet Direct)
2026-05-21 16:30:06,183 INFO   [EXPIRE] QB-219-980044-080 — Prospect High School Restroom Modernization (due 2026-05-20 · Quality Bidders)
2026-05-21 16:30:06,183 INFO   [EXPIRE] QB-219-980044-080 — Prospect High School Restroom Modernization (due 2026-05-20 · Quality Bidders)
2026-05-21 16:30:06,183 INFO   [EXPIRE] QB-IFB-002.2026 — Farallone View Elementary School Playground and Civil S (due 2026-05-20 · Quality Bidders)
2026-05-21 16:30:06,183 INFO   [EXPIRE] QB-IFB-002.2026 — Farallone View Elementary School Playground and Civil S (due 2026-05-20 · Quality Bidders)
2026-05-21 16:30:06,183 INFO   [EXPIRE] QB-7060 — West High School: P.E. Classroom Building (due 2026-05-20 · Quality Bidders)
2026-05-21 16:30:06,183 INFO   [EXPIRE] QB-7060 — West High School: P.E. Classroom Building (due 2026-05-20 · Quality Bidders)
2026-05-21 16:30:06,183 INFO   [EXPIRE] QB-Bid No. 7072 — East Bakersfield High School: Building 200 Ceiling Abat (due 2026-05-20 · Quality Bidders)
2026-05-21 16:30:06,183 INFO   [EXPIRE] QB-Bid No. 7072 — East Bakersfield High School: Building 200 Ceiling Abat (due 2026-05-20 · Quality Bidders)
2026-05-21 16:30:06,183 INFO   [EXPIRE] QB-26-015 — Highlands Elementary School Track & Field (due 2026-05-20 · Quality Bidders)
2026-05-21 16:30:06,183 INFO   [EXPIRE] QB-26-015 — Highlands Elementary School Track & Field (due 2026-05-20 · Quality Bidders)
2026-05-21 16:30:06,183 INFO   [EXPIRE] SAM-PANMCC26P0000045780 — Notice of Intent to Sole Source-SkillsUSA TECHSP 2026 (due 2026-05-20 · SAM.gov)
2026-05-21 16:30:06,183 INFO   [EXPIRE] SAM-PANMCC26P0000045780 — Notice of Intent to Sole Source-SkillsUSA TECHSP 2026 (due 2026-05-20 · SAM.gov)
2026-05-21 16:30:06,183 INFO   [EXPIRE] SAM-FA469026Q0024 — Refinish Basketball Courts for Building 7706, Ellsworth (due 2026-05-20 · SAM.gov)
2026-05-21 16:30:06,183 INFO   [EXPIRE] SAM-FA469026Q0024 — Refinish Basketball Courts for Building 7706, Ellsworth (due 2026-05-20 · SAM.gov)
2026-05-21 16:30:06,183 INFO   [EXPIRE] 444008297882 — 2025 OR NEWER FORD E-350 CUTAWAY WITH ELECTRICIAN BODY (due 2026-05-20 · BidNet Direct)
2026-05-21 16:30:06,183 INFO   [EXPIRE] 444008297882 — 2025 OR NEWER FORD E-350 CUTAWAY WITH ELECTRICIAN BODY (due 2026-05-20 · BidNet Direct)
2026-05-21 16:30:06,183 INFO   [EXPIRE] 443971773173 — AC Overlay Group 2521 (due 2026-05-20 · BidNet Direct)
2026-05-21 16:30:06,183 INFO   [EXPIRE] 443971773173 — AC Overlay Group 2521 (due 2026-05-20 · BidNet Direct)
2026-05-21 16:30:06,183 INFO   [EXPIRE] 443978504021 — Construction Management At Risk (CMAR) Terminal Restroo (due 2026-05-20 · BidNet Direct)
2026-05-21 16:30:06,183 INFO   [EXPIRE] 443978504021 — Construction Management At Risk (CMAR) Terminal Restroo (due 2026-05-20 · BidNet Direct)
2026-05-21 16:30:06,183 INFO   [EXPIRE] 2689017887 — San Diego Lodging_1 (due 2026-05-20 · BidNet Direct)
2026-05-21 16:30:06,183 INFO   [EXPIRE] 2689017887 — San Diego Lodging_1 (due 2026-05-20 · BidNet Direct)
2026-05-21 16:30:06,791 INFO HTTP Request: PATCH https://obrqnthgqczkhffbsbac.supabase.co/rest/v1/bids?bid_id=in.%28SAM-N3904026R3065%2C443995865768%2C443991591103%2C443980336005%2CQB-219-980044-080%2CQB-IFB-002.2026%2CQB-7060%2CQB-Bid+No.+7072%2CQB-26-015%2CSAM-PANMCC26P0000045780%2CSAM-FA469026Q0024%2C444008297882%2C443971773173%2C443978504021%2C2689017887%29 "HTTP/2 200 OK"
2026-05-21 16:30:06,791 INFO HTTP Request: PATCH https://obrqnthgqczkhffbsbac.supabase.co/rest/v1/bids?bid_id=in.%28SAM-N3904026R3065%2C443995865768%2C443991591103%2C443980336005%2CQB-219-980044-080%2CQB-IFB-002.2026%2CQB-7060%2CQB-Bid+No.+7072%2CQB-26-015%2CSAM-PANMCC26P0000045780%2CSAM-FA469026Q0024%2C444008297882%2C443971773173%2C443978504021%2C2689017887%29 "HTTP/2 200 OK"
2026-05-21 16:30:06,794 INFO Expired 15 bid(s)
2026-05-21 16:30:06,794 INFO Expired 15 bid(s)
2026-05-21 16:30:07,405 INFO HTTP Request: GET https://obrqnthgqczkhffbsbac.supabase.co/rest/v1/bids?select=bid_id%2Ctitle%2Cbid_status&is_relevant=eq.True&bid_status=in.%28no_bid%2Cexpired%29 "HTTP/2 200 OK"
2026-05-21 16:30:07,405 INFO HTTP Request: GET https://obrqnthgqczkhffbsbac.supabase.co/rest/v1/bids?select=bid_id%2Ctitle%2Cbid_status&is_relevant=eq.True&bid_status=in.%28no_bid%2Cexpired%29 "HTTP/2 200 OK"
2026-05-21 16:30:07,406 INFO No manually-closed bids to sync
2026-05-21 16:30:07,406 INFO No manually-closed bids to sync
✓ Expired 15 past-due bids
2026-05-22 16:30:07,769 INFO HTTP Request: GET https://obrqnthgqczkhffbsbac.supabase.co/rest/v1/bids?select=bid_id%2Ctitle%2Cagency%2Cdue_date%2Csource&due_date=lt.2026-05-22&bid_status=neq.expired "HTTP/2 200 OK"
2026-05-22 16:30:07,769 INFO HTTP Request: GET https://obrqnthgqczkhffbsbac.supabase.co/rest/v1/bids?select=bid_id%2Ctitle%2Cagency%2Cdue_date%2Csource&due_date=lt.2026-05-22&bid_status=neq.expired "HTTP/2 200 OK"
2026-05-22 16:30:07,772 INFO Found 13 past-due bid(s)
2026-05-22 16:30:07,772 INFO Found 13 past-due bid(s)
2026-05-22 16:30:07,772 INFO   [EXPIRE] 444008297871 — 2026 OR NEWER/UNUSED FORD MAVERICK XL AWD (RESERVED FOR (due 2026-05-21 · BidNet Direct)
2026-05-22 16:30:07,772 INFO   [EXPIRE] 444008297871 — 2026 OR NEWER/UNUSED FORD MAVERICK XL AWD (RESERVED FOR (due 2026-05-21 · BidNet Direct)
2026-05-22 16:30:07,772 INFO   [EXPIRE] 443989749731 — Fire Station 2 Tenant Improvements (due 2026-05-21 · BidNet Direct)
2026-05-22 16:30:07,772 INFO   [EXPIRE] 443989749731 — Fire Station 2 Tenant Improvements (due 2026-05-21 · BidNet Direct)
2026-05-22 16:30:07,772 INFO   [EXPIRE] 444001171586 — 890/32F District Education Center Interior Improvement (due 2026-05-21 · BidNet Direct)
2026-05-22 16:30:07,772 INFO   [EXPIRE] 444001171586 — 890/32F District Education Center Interior Improvement (due 2026-05-21 · BidNet Direct)
2026-05-22 16:30:07,772 INFO   [EXPIRE] 443963758490 — PIPING REPLACEMENT SERVICES (due 2026-05-21 · BidNet Direct)
2026-05-22 16:30:07,772 INFO   [EXPIRE] 443963758490 — PIPING REPLACEMENT SERVICES (due 2026-05-21 · BidNet Direct)
2026-05-22 16:30:07,773 INFO   [EXPIRE] 443984901290 — Facility Condition Assessment Reports, City Buildings (due 2026-05-21 · BidNet Direct)
2026-05-22 16:30:07,773 INFO   [EXPIRE] 443984901290 — Facility Condition Assessment Reports, City Buildings (due 2026-05-21 · BidNet Direct)
2026-05-22 16:30:07,773 INFO   [EXPIRE] SAM-140P8126R0002 — Y--Dellenbaugh Admin Site Fire Suppression System Rehab (due 2026-05-21 · SAM.gov)
2026-05-22 16:30:07,773 INFO   [EXPIRE] SAM-140P8126R0002 — Y--Dellenbaugh Admin Site Fire Suppression System Rehab (due 2026-05-21 · SAM.gov)
2026-05-22 16:30:07,773 INFO   [EXPIRE] 443992176522 — Drop In Vaults, Covers, and Components (due 2026-05-21 · BidNet Direct)
2026-05-22 16:30:07,773 INFO   [EXPIRE] 443992176522 — Drop In Vaults, Covers, and Components (due 2026-05-21 · BidNet Direct)
2026-05-22 16:30:07,773 INFO   [EXPIRE] CRISP-852 — Los Angeles USD - 2610073 Franklin HS (due 2026-05-21 · Crisp Plan Room)
2026-05-22 16:30:07,773 INFO   [EXPIRE] CRISP-852 — Los Angeles USD - 2610073 Franklin HS (due 2026-05-21 · Crisp Plan Room)
2026-05-22 16:30:07,773 INFO   [EXPIRE] 444021512563 — PANEL - FLOOR, PHENOLIC, 33.9" X 111" X 0.71", PANEL 33 (due 2026-05-21 · BidNet Direct)
2026-05-22 16:30:07,773 INFO   [EXPIRE] 444021512563 — PANEL - FLOOR, PHENOLIC, 33.9" X 111" X 0.71", PANEL 33 (due 2026-05-21 · BidNet Direct)
2026-05-22 16:30:07,773 INFO   [EXPIRE] 444008420223 — FREMONT HIGH SCHOOL FURNITURE INSTALLATION (due 2026-05-21 · BidNet Direct)
2026-05-22 16:30:07,773 INFO   [EXPIRE] 444008420223 — FREMONT HIGH SCHOOL FURNITURE INSTALLATION (due 2026-05-21 · BidNet Direct)
2026-05-22 16:30:07,773 INFO   [EXPIRE] 444008483164 — SNF PAINTING SERVICES (due 2026-05-21 · BidNet Direct)
2026-05-22 16:30:07,773 INFO   [EXPIRE] 444008483164 — SNF PAINTING SERVICES (due 2026-05-21 · BidNet Direct)
2026-05-22 16:30:07,773 INFO   [EXPIRE] 444011648376 — Vehicle Cleaning Service (due 2026-05-21 · BidNet Direct)
2026-05-22 16:30:07,773 INFO   [EXPIRE] 444011648376 — Vehicle Cleaning Service (due 2026-05-21 · BidNet Direct)
2026-05-22 16:30:07,773 INFO   [EXPIRE] SAM-USCGC-MAPLE-DOCKSIDE — USCGC MAPLE DOCKSIDE (due 2026-05-21 · SAM.gov)
2026-05-22 16:30:07,773 INFO   [EXPIRE] SAM-USCGC-MAPLE-DOCKSIDE — USCGC MAPLE DOCKSIDE (due 2026-05-21 · SAM.gov)
2026-05-22 16:30:08,278 INFO HTTP Request: PATCH https://obrqnthgqczkhffbsbac.supabase.co/rest/v1/bids?bid_id=in.%28444008297871%2C443989749731%2C444001171586%2C443963758490%2C443984901290%2CSAM-140P8126R0002%2C443992176522%2CCRISP-852%2C444021512563%2C444008420223%2C444008483164%2C444011648376%2CSAM-USCGC-MAPLE-DOCKSIDE%29 "HTTP/2 200 OK"
2026-05-22 16:30:08,278 INFO HTTP Request: PATCH https://obrqnthgqczkhffbsbac.supabase.co/rest/v1/bids?bid_id=in.%28444008297871%2C443989749731%2C444001171586%2C443963758490%2C443984901290%2CSAM-140P8126R0002%2C443992176522%2CCRISP-852%2C444021512563%2C444008420223%2C444008483164%2C444011648376%2CSAM-USCGC-MAPLE-DOCKSIDE%29 "HTTP/2 200 OK"
2026-05-22 16:30:08,281 INFO Expired 13 bid(s)
2026-05-22 16:30:08,281 INFO Expired 13 bid(s)
2026-05-22 16:30:08,687 INFO HTTP Request: GET https://obrqnthgqczkhffbsbac.supabase.co/rest/v1/bids?select=bid_id%2Ctitle%2Cbid_status&is_relevant=eq.True&bid_status=in.%28no_bid%2Cexpired%29 "HTTP/2 200 OK"
2026-05-22 16:30:08,687 INFO HTTP Request: GET https://obrqnthgqczkhffbsbac.supabase.co/rest/v1/bids?select=bid_id%2Ctitle%2Cbid_status&is_relevant=eq.True&bid_status=in.%28no_bid%2Cexpired%29 "HTTP/2 200 OK"
2026-05-22 16:30:08,689 INFO No manually-closed bids to sync
2026-05-22 16:30:08,689 INFO No manually-closed bids to sync
✓ Expired 13 past-due bids
2026-05-25 16:30:02,796 INFO HTTP Request: GET https://obrqnthgqczkhffbsbac.supabase.co/rest/v1/bids?select=bid_id%2Ctitle%2Cagency%2Cdue_date%2Csource&due_date=lt.2026-05-25&bid_status=neq.expired "HTTP/2 200 OK"
2026-05-25 16:30:02,796 INFO HTTP Request: GET https://obrqnthgqczkhffbsbac.supabase.co/rest/v1/bids?select=bid_id%2Ctitle%2Cagency%2Cdue_date%2Csource&due_date=lt.2026-05-25&bid_status=neq.expired "HTTP/2 200 OK"
2026-05-25 16:30:02,799 INFO Found 17 past-due bid(s)
2026-05-25 16:30:02,799 INFO Found 17 past-due bid(s)
2026-05-25 16:30:02,799 INFO   [EXPIRE] 444026020031 — PANEL - FLOORING, PHENOLIC, FOR A650, 56" X 59.5" X 0.7 (due 2026-05-22 · BidNet Direct)
2026-05-25 16:30:02,799 INFO   [EXPIRE] 444026020031 — PANEL - FLOORING, PHENOLIC, FOR A650, 56" X 59.5" X 0.7 (due 2026-05-22 · BidNet Direct)
2026-05-25 16:30:02,799 INFO   [EXPIRE] 444006906972 — Carpet Cleaning Services (due 2026-05-22 · BidNet Direct)
2026-05-25 16:30:02,799 INFO   [EXPIRE] 444006906972 — Carpet Cleaning Services (due 2026-05-22 · BidNet Direct)
2026-05-25 16:30:02,799 INFO   [EXPIRE] 444001744567 — City Hall Balcony and Exterior Rehabilitation (due 2026-05-22 · BidNet Direct)
2026-05-25 16:30:02,799 INFO   [EXPIRE] 444001744567 — City Hall Balcony and Exterior Rehabilitation (due 2026-05-22 · BidNet Direct)
2026-05-25 16:30:02,800 INFO   [EXPIRE] SAM-FA486126R0010 — Carpet Cleaning BPA (due 2026-05-22 · SAM.gov)
2026-05-25 16:30:02,800 INFO   [EXPIRE] SAM-FA486126R0010 — Carpet Cleaning BPA (due 2026-05-22 · SAM.gov)
2026-05-25 16:30:02,800 INFO   [EXPIRE] QB-052226-10 — NEW BALL WALL CJ MORRIS ELEMENTARY SCHOOL NEW BALL WALL (due 2026-05-22 · Quality Bidders)
2026-05-25 16:30:02,800 INFO   [EXPIRE] QB-052226-10 — NEW BALL WALL CJ MORRIS ELEMENTARY SCHOOL NEW BALL WALL (due 2026-05-22 · Quality Bidders)
2026-05-25 16:30:02,800 INFO   [EXPIRE] SAM-W50S8A26BA010 — OFFICE SPACE RENOVATION BLDG 145 (due 2026-05-22 · SAM.gov)
2026-05-25 16:30:02,800 INFO   [EXPIRE] SAM-W50S8A26BA010 — OFFICE SPACE RENOVATION BLDG 145 (due 2026-05-22 · SAM.gov)
2026-05-25 16:30:02,800 INFO   [EXPIRE] SAM-70Z0G126BSLIS0SL1 — MAJOR M&R MONTAUK SPRINGS HOUSING, AT USCG SECTOR LONG  (due 2026-05-22 · SAM.gov)
2026-05-25 16:30:02,800 INFO   [EXPIRE] SAM-70Z0G126BSLIS0SL1 — MAJOR M&R MONTAUK SPRINGS HOUSING, AT USCG SECTOR LONG  (due 2026-05-22 · SAM.gov)
2026-05-25 16:30:02,800 INFO   [EXPIRE] 444006906955 — Custodial Equipment Repair Services (due 2026-05-22 · BidNet Direct)
2026-05-25 16:30:02,800 INFO   [EXPIRE] 444006906955 — Custodial Equipment Repair Services (due 2026-05-22 · BidNet Direct)
2026-05-25 16:30:02,800 INFO   [EXPIRE] 444006906970 — Kitchen Freezer and Refrigerator Repairs (due 2026-05-22 · BidNet Direct)
2026-05-25 16:30:02,800 INFO   [EXPIRE] 444006906970 — Kitchen Freezer and Refrigerator Repairs (due 2026-05-22 · BidNet Direct)
2026-05-25 16:30:02,800 INFO   [EXPIRE] SAM-W912DS26RA026 — Advance Notice – Renovate B.1816 McGuire AFB, Joint-Bas (due 2026-05-22 · SAM.gov)
2026-05-25 16:30:02,800 INFO   [EXPIRE] SAM-W912DS26RA026 — Advance Notice – Renovate B.1816 McGuire AFB, Joint-Bas (due 2026-05-22 · SAM.gov)
2026-05-25 16:30:02,800 INFO   [EXPIRE] 444000466426 — Blind Cane Tapping Training Services (due 2026-05-22 · BidNet Direct)
2026-05-25 16:30:02,800 INFO   [EXPIRE] 444000466426 — Blind Cane Tapping Training Services (due 2026-05-22 · BidNet Direct)
2026-05-25 16:30:02,800 INFO   [EXPIRE] 444006979314 — Flooring Services (due 2026-05-22 · BidNet Direct)
2026-05-25 16:30:02,800 INFO   [EXPIRE] 444006979314 — Flooring Services (due 2026-05-22 · BidNet Direct)
2026-05-25 16:30:02,800 INFO   [EXPIRE] 2673328757 — Retail Space to Lease – Lemon Grove/ Le Mesa, Californi (due 2026-05-22 · BidNet Direct)
2026-05-25 16:30:02,800 INFO   [EXPIRE] 2673328757 — Retail Space to Lease – Lemon Grove/ Le Mesa, Californi (due 2026-05-22 · BidNet Direct)
2026-05-25 16:30:02,800 INFO   [EXPIRE] SAM-FA860126Q0046 — Building F20016 Furniture, Project 2026SH026 (due 2026-05-22 · SAM.gov)
2026-05-25 16:30:02,800 INFO   [EXPIRE] SAM-FA860126Q0046 — Building F20016 Furniture, Project 2026SH026 (due 2026-05-22 · SAM.gov)
2026-05-25 16:30:02,801 INFO   [EXPIRE] SAM-PR15994882 — Proposal for Construction & Finishing Works at 75, Greg (due 2026-05-22 · SAM.gov)
2026-05-25 16:30:02,801 INFO   [EXPIRE] SAM-PR15994882 — Proposal for Construction & Finishing Works at 75, Greg (due 2026-05-22 · SAM.gov)
2026-05-25 16:30:02,801 INFO   [EXPIRE] SAM-19SF2026Q0010 — Supply and Delivery of One (1) 7-Seater 4x4 SUV for U.S (due 2026-05-22 · SAM.gov)
2026-05-25 16:30:02,801 INFO   [EXPIRE] SAM-19SF2026Q0010 — Supply and Delivery of One (1) 7-Seater 4x4 SUV for U.S (due 2026-05-22 · SAM.gov)
2026-05-25 16:30:02,801 INFO   [EXPIRE] SAM-80GRC020C0007 — GRC Janitorial Services (due 2026-05-24 · SAM.gov)
2026-05-25 16:30:02,801 INFO   [EXPIRE] SAM-80GRC020C0007 — GRC Janitorial Services (due 2026-05-24 · SAM.gov)
2026-05-25 16:30:03,307 INFO HTTP Request: PATCH https://obrqnthgqczkhffbsbac.supabase.co/rest/v1/bids?bid_id=in.%28444026020031%2C444006906972%2C444001744567%2CSAM-FA486126R0010%2CQB-052226-10%2CSAM-W50S8A26BA010%2CSAM-70Z0G126BSLIS0SL1%2C444006906955%2C444006906970%2CSAM-W912DS26RA026%2C444000466426%2C444006979314%2C2673328757%2CSAM-FA860126Q0046%2CSAM-PR15994882%2CSAM-19SF2026Q0010%2CSAM-80GRC020C0007%29 "HTTP/2 200 OK"
2026-05-25 16:30:03,307 INFO HTTP Request: PATCH https://obrqnthgqczkhffbsbac.supabase.co/rest/v1/bids?bid_id=in.%28444026020031%2C444006906972%2C444001744567%2CSAM-FA486126R0010%2CQB-052226-10%2CSAM-W50S8A26BA010%2CSAM-70Z0G126BSLIS0SL1%2C444006906955%2C444006906970%2CSAM-W912DS26RA026%2C444000466426%2C444006979314%2C2673328757%2CSAM-FA860126Q0046%2CSAM-PR15994882%2CSAM-19SF2026Q0010%2CSAM-80GRC020C0007%29 "HTTP/2 200 OK"
2026-05-25 16:30:03,310 INFO Expired 17 bid(s)
2026-05-25 16:30:03,310 INFO Expired 17 bid(s)
2026-05-25 16:30:03,658 INFO HTTP Request: GET https://obrqnthgqczkhffbsbac.supabase.co/rest/v1/bids?select=bid_id%2Ctitle%2Cbid_status&is_relevant=eq.True&bid_status=in.%28no_bid%2Cexpired%29 "HTTP/2 200 OK"
2026-05-25 16:30:03,658 INFO HTTP Request: GET https://obrqnthgqczkhffbsbac.supabase.co/rest/v1/bids?select=bid_id%2Ctitle%2Cbid_status&is_relevant=eq.True&bid_status=in.%28no_bid%2Cexpired%29 "HTTP/2 200 OK"
2026-05-25 16:30:03,659 INFO No manually-closed bids to sync
2026-05-25 16:30:03,659 INFO No manually-closed bids to sync
✓ Expired 17 past-due bids
2026-05-26 16:30:03,257 INFO HTTP Request: GET https://obrqnthgqczkhffbsbac.supabase.co/rest/v1/bids?select=bid_id%2Ctitle%2Cagency%2Cdue_date%2Csource&due_date=lt.2026-05-26&bid_status=neq.expired "HTTP/2 200 OK"
2026-05-26 16:30:03,257 INFO HTTP Request: GET https://obrqnthgqczkhffbsbac.supabase.co/rest/v1/bids?select=bid_id%2Ctitle%2Cagency%2Cdue_date%2Csource&due_date=lt.2026-05-26&bid_status=neq.expired "HTTP/2 200 OK"
2026-05-26 16:30:03,260 INFO Found 2 past-due bid(s)
2026-05-26 16:30:03,260 INFO Found 2 past-due bid(s)
2026-05-26 16:30:03,260 INFO   [EXPIRE] 443989317958 — OUTFITTING OF 2025 FORD TRANSIT PRISONER TRANSPORT VANS (due 2026-05-25 · BidNet Direct)
2026-05-26 16:30:03,260 INFO   [EXPIRE] 443989317958 — OUTFITTING OF 2025 FORD TRANSIT PRISONER TRANSPORT VANS (due 2026-05-25 · BidNet Direct)
2026-05-26 16:30:03,261 INFO   [EXPIRE] 443984490461 — Toyota Camry Hybrid Sedans (due 2026-05-25 · BidNet Direct)
2026-05-26 16:30:03,261 INFO   [EXPIRE] 443984490461 — Toyota Camry Hybrid Sedans (due 2026-05-25 · BidNet Direct)
2026-05-26 16:30:03,662 INFO HTTP Request: PATCH https://obrqnthgqczkhffbsbac.supabase.co/rest/v1/bids?bid_id=in.%28443989317958%2C443984490461%29 "HTTP/2 200 OK"
2026-05-26 16:30:03,662 INFO HTTP Request: PATCH https://obrqnthgqczkhffbsbac.supabase.co/rest/v1/bids?bid_id=in.%28443989317958%2C443984490461%29 "HTTP/2 200 OK"
2026-05-26 16:30:03,664 INFO Expired 2 bid(s)
2026-05-26 16:30:03,664 INFO Expired 2 bid(s)
2026-05-26 16:30:04,072 INFO HTTP Request: GET https://obrqnthgqczkhffbsbac.supabase.co/rest/v1/bids?select=bid_id%2Ctitle%2Cbid_status&is_relevant=eq.True&bid_status=in.%28no_bid%2Cexpired%29 "HTTP/2 200 OK"
2026-05-26 16:30:04,072 INFO HTTP Request: GET https://obrqnthgqczkhffbsbac.supabase.co/rest/v1/bids?select=bid_id%2Ctitle%2Cbid_status&is_relevant=eq.True&bid_status=in.%28no_bid%2Cexpired%29 "HTTP/2 200 OK"
2026-05-26 16:30:04,073 INFO No manually-closed bids to sync
2026-05-26 16:30:04,073 INFO No manually-closed bids to sync
✓ Expired 2 past-due bids
2026-06-08 07:30:03,318 INFO HTTP Request: GET https://obrqnthgqczkhffbsbac.supabase.co/rest/v1/bids?select=bid_id%2Ctitle%2Cagency%2Cdue_date%2Csource&due_date=lt.2026-06-08&bid_status=neq.expired "HTTP/2 200 OK"
2026-06-08 07:30:03,318 INFO HTTP Request: GET https://obrqnthgqczkhffbsbac.supabase.co/rest/v1/bids?select=bid_id%2Ctitle%2Cagency%2Cdue_date%2Csource&due_date=lt.2026-06-08&bid_status=neq.expired "HTTP/2 200 OK"
2026-06-08 07:30:03,325 INFO Found 120 past-due bid(s)
2026-06-08 07:30:03,325 INFO Found 120 past-due bid(s)
2026-06-08 07:30:03,325 INFO   [EXPIRE] 2687530982 — HVAC Replacement for SH PP and SC PP (due 2026-05-26 · BidNet Direct)
2026-06-08 07:30:03,325 INFO   [EXPIRE] 2687530982 — HVAC Replacement for SH PP and SC PP (due 2026-05-26 · BidNet Direct)
2026-06-08 07:30:03,326 INFO   [EXPIRE] SAM-FA483026Q0029 — 347 OSS Carpet Replacement (due 2026-05-26 · SAM.gov)
2026-06-08 07:30:03,326 INFO   [EXPIRE] SAM-FA483026Q0029 — 347 OSS Carpet Replacement (due 2026-05-26 · SAM.gov)
2026-06-08 07:30:03,326 INFO   [EXPIRE] 443984755803 — Re-Bid 1 Seamless Flooring Installation, Correctional C (due 2026-05-26 · BidNet Direct)
2026-06-08 07:30:03,326 INFO   [EXPIRE] 443984755803 — Re-Bid 1 Seamless Flooring Installation, Correctional C (due 2026-05-26 · BidNet Direct)
2026-06-08 07:30:03,326 INFO   [EXPIRE] SAM-FA704626QRJS1 — Carpet Purchasing, Installation, and Painting (due 2026-05-26 · SAM.gov)
2026-06-08 07:30:03,326 INFO   [EXPIRE] SAM-FA704626QRJS1 — Carpet Purchasing, Installation, and Painting (due 2026-05-26 · SAM.gov)
2026-06-08 07:30:03,326 INFO   [EXPIRE] QB-26.38.MM — Webster Elementary School Relocatables Replacement (due 2026-05-26 · Quality Bidders)
2026-06-08 07:30:03,326 INFO   [EXPIRE] QB-26.38.MM — Webster Elementary School Relocatables Replacement (due 2026-05-26 · Quality Bidders)
2026-06-08 07:30:03,326 INFO   [EXPIRE] SAM-W50S9F26QA013 — Repair B424 Entrance (Project XGFG262010) (due 2026-05-26 · SAM.gov)
2026-06-08 07:30:03,326 INFO   [EXPIRE] SAM-W50S9F26QA013 — Repair B424 Entrance (Project XGFG262010) (due 2026-05-26 · SAM.gov)
2026-06-08 07:30:03,326 INFO   [EXPIRE] 443991460833 — CSUSM Housing Portfolio Turnover Cleaning Services (due 2026-05-26 · BidNet Direct)
2026-06-08 07:30:03,326 INFO   [EXPIRE] 443991460833 — CSUSM Housing Portfolio Turnover Cleaning Services (due 2026-05-26 · BidNet Direct)
2026-06-08 07:30:03,326 INFO   [EXPIRE] CRISP-860 — Stem Wall Structural Remediation (due 2026-05-26 · Crisp Plan Room)
2026-06-08 07:30:03,326 INFO   [EXPIRE] CRISP-860 — Stem Wall Structural Remediation (due 2026-05-26 · Crisp Plan Room)
2026-06-08 07:30:03,326 INFO   [EXPIRE] 444017065641 — Painting, Window and Door Replacement services (due 2026-05-26 · BidNet Direct)
2026-06-08 07:30:03,326 INFO   [EXPIRE] 444017065641 — Painting, Window and Door Replacement services (due 2026-05-26 · BidNet Direct)
2026-06-08 07:30:03,326 INFO   [EXPIRE] SAM-W50S8N26QA017 — Repair Small Arms Range Bullet Trap (due 2026-05-26 · SAM.gov)
2026-06-08 07:30:03,326 INFO   [EXPIRE] SAM-W50S8N26QA017 — Repair Small Arms Range Bullet Trap (due 2026-05-26 · SAM.gov)
2026-06-08 07:30:03,326 INFO   [EXPIRE] 444014653418 — Walker Creek Ranch Renovation Phase 2 REBID (due 2026-05-26 · BidNet Direct)
2026-06-08 07:30:03,326 INFO   [EXPIRE] 444014653418 — Walker Creek Ranch Renovation Phase 2 REBID (due 2026-05-26 · BidNet Direct)
2026-06-08 07:30:03,326 INFO   [EXPIRE] 444013222161 — Janitorial Service in Humboldt County (due 2026-05-26 · BidNet Direct)
2026-06-08 07:30:03,326 INFO   [EXPIRE] 444013222161 — Janitorial Service in Humboldt County (due 2026-05-26 · BidNet Direct)
2026-06-08 07:30:03,327 INFO   [EXPIRE] 444012895171 — Moorpark College TB-210 Electrical Data Modifications (due 2026-05-26 · BidNet Direct)
2026-06-08 07:30:03,327 INFO   [EXPIRE] 444012895171 — Moorpark College TB-210 Electrical Data Modifications (due 2026-05-26 · BidNet Direct)
2026-06-08 07:30:03,327 INFO   [EXPIRE] 444012362863 — City Hall - Galleria Floor Concrete Refinishing - Rebid (due 2026-05-26 · BidNet Direct)
2026-06-08 07:30:03,327 INFO   [EXPIRE] 444012362863 — City Hall - Galleria Floor Concrete Refinishing - Rebid (due 2026-05-26 · BidNet Direct)
2026-06-08 07:30:03,327 INFO   [EXPIRE] QB-n/a — Vichy TK-8 School Portable Classrooms Site Improvements (due 2026-05-26 · Quality Bidders)
2026-06-08 07:30:03,327 INFO   [EXPIRE] QB-n/a — Vichy TK-8 School Portable Classrooms Site Improvements (due 2026-05-26 · Quality Bidders)
2026-06-08 07:30:03,327 INFO   [EXPIRE] SAM-140PS126Q0018 — Z--Sources Sought - INTERIOR REHABILITATION - ZION (due 2026-05-26 · SAM.gov)
2026-06-08 07:30:03,327 INFO   [EXPIRE] SAM-140PS126Q0018 — Z--Sources Sought - INTERIOR REHABILITATION - ZION (due 2026-05-26 · SAM.gov)
2026-06-08 07:30:03,327 INFO   [EXPIRE] SAM-140P6226B0002 — Z--Pullman NHP - Renovation and Build-out (due 2026-05-26 · SAM.gov)
2026-06-08 07:30:03,327 INFO   [EXPIRE] SAM-140P6226B0002 — Z--Pullman NHP - Renovation and Build-out (due 2026-05-26 · SAM.gov)
2026-06-08 07:30:03,327 INFO   [EXPIRE] SAM-W50S7GQA003 — Bldg 30 Project (due 2026-05-26 · SAM.gov)
2026-06-08 07:30:03,327 INFO   [EXPIRE] SAM-W50S7GQA003 — Bldg 30 Project (due 2026-05-26 · SAM.gov)
2026-06-08 07:30:03,327 INFO   [EXPIRE] 444015171585 — Semi-Annual Preventative Fire Suppression Inspection an (due 2026-05-27 · BidNet Direct)
2026-06-08 07:30:03,327 INFO   [EXPIRE] 444015171585 — Semi-Annual Preventative Fire Suppression Inspection an (due 2026-05-27 · BidNet Direct)
2026-06-08 07:30:03,327 INFO   [EXPIRE] 444015164176 — Misc. Services - Shower Rental - CHP Central Division A (due 2026-05-27 · BidNet Direct)
2026-06-08 07:30:03,327 INFO   [EXPIRE] 444015164176 — Misc. Services - Shower Rental - CHP Central Division A (due 2026-05-27 · BidNet Direct)
2026-06-08 07:30:03,327 INFO   [EXPIRE] 444015234256 — McClatchy HS Team Room Renovation (due 2026-05-27 · BidNet Direct)
2026-06-08 07:30:03,327 INFO   [EXPIRE] 444015234256 — McClatchy HS Team Room Renovation (due 2026-05-27 · BidNet Direct)
2026-06-08 07:30:03,327 INFO   [EXPIRE] 8835753724 — Hart Park Pool House Retaining Wall Replacement REBID (due 2026-05-27 · BidNet Direct)
2026-06-08 07:30:03,327 INFO   [EXPIRE] 8835753724 — Hart Park Pool House Retaining Wall Replacement REBID (due 2026-05-27 · BidNet Direct)
2026-06-08 07:30:03,327 INFO   [EXPIRE] SAM-PANNWD26P0000029389 — Sources Sought for Renovation Work on the Challenger Do (due 2026-05-27 · SAM.gov)
2026-06-08 07:30:03,327 INFO   [EXPIRE] SAM-PANNWD26P0000029389 — Sources Sought for Renovation Work on the Challenger Do (due 2026-05-27 · SAM.gov)
2026-06-08 07:30:03,327 INFO   [EXPIRE] SAM-F4D3F36092AW012026 — Combined Presolicitation Notice Sources Sought (due 2026-05-27 · SAM.gov)
2026-06-08 07:30:03,327 INFO   [EXPIRE] SAM-F4D3F36092AW012026 — Combined Presolicitation Notice Sources Sought (due 2026-05-27 · SAM.gov)
2026-06-08 07:30:03,328 INFO   [EXPIRE] 444008420240 — Safety Training, County-wide (due 2026-05-27 · BidNet Direct)
2026-06-08 07:30:03,328 INFO   [EXPIRE] 444008420240 — Safety Training, County-wide (due 2026-05-27 · BidNet Direct)
2026-06-08 07:30:03,328 INFO   [EXPIRE] 444021433263 — Electronic Verification Services (due 2026-05-27 · BidNet Direct)
2026-06-08 07:30:03,328 INFO   [EXPIRE] 444021433263 — Electronic Verification Services (due 2026-05-27 · BidNet Direct)
2026-06-08 07:30:03,328 INFO   [EXPIRE] 444015724264 — Flooring Installation (due 2026-05-27 · BidNet Direct)
2026-06-08 07:30:03,328 INFO   [EXPIRE] 444015724264 — Flooring Installation (due 2026-05-27 · BidNet Direct)
2026-06-08 07:30:03,328 INFO   [EXPIRE] 444013010152 — ROSEMEAD HIGH SCHOOL AND EL MONTE HIGH SCHOOL FLOORING  (due 2026-05-27 · BidNet Direct)
2026-06-08 07:30:03,328 INFO   [EXPIRE] 444013010152 — ROSEMEAD HIGH SCHOOL AND EL MONTE HIGH SCHOOL FLOORING  (due 2026-05-27 · BidNet Direct)
2026-06-08 07:30:03,328 INFO   [EXPIRE] SAM-36C24526Q0517 — J045--Sources Sought / RFI ONLY - Veterans Affairs Mary (due 2026-05-27 · SAM.gov)
2026-06-08 07:30:03,328 INFO   [EXPIRE] SAM-36C24526Q0517 — J045--Sources Sought / RFI ONLY - Veterans Affairs Mary (due 2026-05-27 · SAM.gov)
2026-06-08 07:30:03,328 INFO   [EXPIRE] 8840917606 — Sewer Pump Station 8 Rehabilitation (due 2026-05-28 · BidNet Direct)
2026-06-08 07:30:03,328 INFO   [EXPIRE] 8840917606 — Sewer Pump Station 8 Rehabilitation (due 2026-05-28 · BidNet Direct)
2026-06-08 07:30:03,328 INFO   [EXPIRE] 444002339488 — CM Capital Infrastructure UT DM 3-7 Floors Supply Fan R (due 2026-05-28 · BidNet Direct)
2026-06-08 07:30:03,328 INFO   [EXPIRE] 444002339488 — CM Capital Infrastructure UT DM 3-7 Floors Supply Fan R (due 2026-05-28 · BidNet Direct)
2026-06-08 07:30:03,328 INFO   [EXPIRE] 444008395691 — CHP Mountain Pass Joint Port of Entry (JPOE) ¿ Janitori (due 2026-05-28 · BidNet Direct)
2026-06-08 07:30:03,328 INFO   [EXPIRE] 444008395691 — CHP Mountain Pass Joint Port of Entry (JPOE) ¿ Janitori (due 2026-05-28 · BidNet Direct)
2026-06-08 07:30:03,328 INFO   [EXPIRE] QB-CUPCCAA Bid F450-000-26 — District Wide Gym Floor Refinishing (due 2026-05-28 · Quality Bidders)
2026-06-08 07:30:03,328 INFO   [EXPIRE] QB-CUPCCAA Bid F450-000-26 — District Wide Gym Floor Refinishing (due 2026-05-28 · Quality Bidders)
2026-06-08 07:30:03,328 INFO   [EXPIRE] 443992243676 — Districtwide AHERA inspection (due 2026-05-28 · BidNet Direct)
2026-06-08 07:30:03,328 INFO   [EXPIRE] 443992243676 — Districtwide AHERA inspection (due 2026-05-28 · BidNet Direct)
2026-06-08 07:30:03,328 INFO   [EXPIRE] 443991591133 — ARCHITECTURAL SERVICES (due 2026-05-28 · BidNet Direct)
2026-06-08 07:30:03,328 INFO   [EXPIRE] 443991591133 — ARCHITECTURAL SERVICES (due 2026-05-28 · BidNet Direct)
2026-06-08 07:30:03,328 INFO   [EXPIRE] 444021433260 — Restroom Remodel and Repairs in Orange County (due 2026-05-28 · BidNet Direct)
2026-06-08 07:30:03,328 INFO   [EXPIRE] 444021433260 — Restroom Remodel and Repairs in Orange County (due 2026-05-28 · BidNet Direct)
2026-06-08 07:30:03,329 INFO   [EXPIRE] CCOP-12A2383 — IFPQ Restroom Remodel and Repairs, Orange County. (due 2026-05-28 · Caltrans CCOP)
2026-06-08 07:30:03,329 INFO   [EXPIRE] CCOP-12A2383 — IFPQ Restroom Remodel and Repairs, Orange County. (due 2026-05-28 · Caltrans CCOP)
2026-06-08 07:30:03,329 INFO   [EXPIRE] 444015724277 — Marin County Office of Education Flooring and Painting  (due 2026-05-28 · BidNet Direct)
2026-06-08 07:30:03,329 INFO   [EXPIRE] 444015724277 — Marin County Office of Education Flooring and Painting  (due 2026-05-28 · BidNet Direct)
2026-06-08 07:30:03,329 INFO   [EXPIRE] 444003958473 — Transitional Housing Structures (due 2026-05-28 · BidNet Direct)
2026-06-08 07:30:03,329 INFO   [EXPIRE] 444003958473 — Transitional Housing Structures (due 2026-05-28 · BidNet Direct)
2026-06-08 07:30:03,329 INFO   [EXPIRE] CRISP-858 — New Stadium Scoreboard (due 2026-05-28 · Crisp Plan Room)
2026-06-08 07:30:03,329 INFO   [EXPIRE] CRISP-858 — New Stadium Scoreboard (due 2026-05-28 · Crisp Plan Room)
2026-06-08 07:30:03,329 INFO   [EXPIRE] 444008420231 — Flooring and Painting Project (due 2026-05-28 · BidNet Direct)
2026-06-08 07:30:03,329 INFO   [EXPIRE] 444008420231 — Flooring and Painting Project (due 2026-05-28 · BidNet Direct)
2026-06-08 07:30:03,329 INFO   [EXPIRE] 444017992267 — 2026 OR NEWER/UNUSED FORD MAVERICK XL AWD (RESERVED FOR (due 2026-05-29 · BidNet Direct)
2026-06-08 07:30:03,329 INFO   [EXPIRE] 444017992267 — 2026 OR NEWER/UNUSED FORD MAVERICK XL AWD (RESERVED FOR (due 2026-05-29 · BidNet Direct)
2026-06-08 07:30:03,329 INFO   [EXPIRE] 443993898608 — Janitorial services (due 2026-05-29 · BidNet Direct)
2026-06-08 07:30:03,329 INFO   [EXPIRE] 443993898608 — Janitorial services (due 2026-05-29 · BidNet Direct)
2026-06-08 07:30:03,329 INFO   [EXPIRE] 2683378817 — DACA095260083400 Corona CA Lease (due 2026-05-29 · BidNet Direct)
2026-06-08 07:30:03,329 INFO   [EXPIRE] 2683378817 — DACA095260083400 Corona CA Lease (due 2026-05-29 · BidNet Direct)
2026-06-08 07:30:03,329 INFO   [EXPIRE] SAM-N40085-26-R-9040 — Building M457 & M458 Paint and Flooring Repairs (due 2026-05-29 · SAM.gov)
2026-06-08 07:30:03,329 INFO   [EXPIRE] SAM-N40085-26-R-9040 — Building M457 & M458 Paint and Flooring Repairs (due 2026-05-29 · SAM.gov)
2026-06-08 07:30:03,329 INFO   [EXPIRE] 8807236670 — Acquisition, Rehabilitation, Resale Project (due 2026-05-29 · BidNet Direct)
2026-06-08 07:30:03,329 INFO   [EXPIRE] 8807236670 — Acquisition, Rehabilitation, Resale Project (due 2026-05-29 · BidNet Direct)
2026-06-08 07:30:03,329 INFO   [EXPIRE] SAM-SS-Flooring-2026 — Sources Sought Notice for Flooring Services (due 2026-05-29 · SAM.gov)
2026-06-08 07:30:03,329 INFO   [EXPIRE] SAM-SS-Flooring-2026 — Sources Sought Notice for Flooring Services (due 2026-05-29 · SAM.gov)
2026-06-08 07:30:03,329 INFO   [EXPIRE] 444006303984 — AV Production Services for the Precinct Black Box Theat (due 2026-05-29 · BidNet Direct)
2026-06-08 07:30:03,329 INFO   [EXPIRE] 444006303984 — AV Production Services for the Precinct Black Box Theat (due 2026-05-29 · BidNet Direct)
2026-06-08 07:30:03,329 INFO   [EXPIRE] 2685763832 — Rehab Power and Cooling Systems, Pinnalces NP (due 2026-05-29 · BidNet Direct)
2026-06-08 07:30:03,329 INFO   [EXPIRE] 2685763832 — Rehab Power and Cooling Systems, Pinnalces NP (due 2026-05-29 · BidNet Direct)
2026-06-08 07:30:03,330 INFO   [EXPIRE] SAM-W51LL526QA003 — H2F Gym and Fitness Equipment for Camp Casey, Korea (due 2026-05-29 · SAM.gov)
2026-06-08 07:30:03,330 INFO   [EXPIRE] SAM-W51LL526QA003 — H2F Gym and Fitness Equipment for Camp Casey, Korea (due 2026-05-29 · SAM.gov)
2026-06-08 07:30:03,330 INFO   [EXPIRE] 2692305857 — Sources Sought Notice for Flooring Services (due 2026-05-29 · BidNet Direct)
2026-06-08 07:30:03,330 INFO   [EXPIRE] 2692305857 — Sources Sought Notice for Flooring Services (due 2026-05-29 · BidNet Direct)
2026-06-08 07:30:03,330 INFO   [EXPIRE] SAM-FA309926Q0010 — Repair Flooring Student Pilot Housing, Multiple Facilit (due 2026-05-29 · SAM.gov)
2026-06-08 07:30:03,330 INFO   [EXPIRE] SAM-FA309926Q0010 — Repair Flooring Student Pilot Housing, Multiple Facilit (due 2026-05-29 · SAM.gov)
2026-06-08 07:30:03,330 INFO   [EXPIRE] SAM-W912CH26R — Fuel and Lubricants Engineering Services and Support (due 2026-05-29 · SAM.gov)
2026-06-08 07:30:03,330 INFO   [EXPIRE] SAM-W912CH26R — Fuel and Lubricants Engineering Services and Support (due 2026-05-29 · SAM.gov)
2026-06-08 07:30:03,330 INFO   [EXPIRE] SAM-FA446026Q0009 — B854 Blinds and Drapes (due 2026-05-29 · SAM.gov)
2026-06-08 07:30:03,330 INFO   [EXPIRE] SAM-FA446026Q0009 — B854 Blinds and Drapes (due 2026-05-29 · SAM.gov)
2026-06-08 07:30:03,330 INFO   [EXPIRE] SAM-W912PB26X1BT8 — Request for Information - Maintenance of Family Housing (due 2026-05-29 · SAM.gov)
2026-06-08 07:30:03,330 INFO   [EXPIRE] SAM-W912PB26X1BT8 — Request for Information - Maintenance of Family Housing (due 2026-05-29 · SAM.gov)
2026-06-08 07:30:03,330 INFO   [EXPIRE] SAM-W912PL26S0026 — Renovate 4C/4D Inpatient Ward at Phoenix VA Hospital (due 2026-05-29 · SAM.gov)
2026-06-08 07:30:03,330 INFO   [EXPIRE] SAM-W912PL26S0026 — Renovate 4C/4D Inpatient Ward at Phoenix VA Hospital (due 2026-05-29 · SAM.gov)
2026-06-08 07:30:03,330 INFO   [EXPIRE] SAM-FA667526Q0002 — B1710 Office Refurbish (due 2026-05-30 · SAM.gov)
2026-06-08 07:30:03,330 INFO   [EXPIRE] SAM-FA667526Q0002 — B1710 Office Refurbish (due 2026-05-30 · SAM.gov)
2026-06-08 07:30:03,330 INFO   [EXPIRE] SAM-36C24426B0019 — N041--460-26-010|Lab and NFS Walk-in Refrigerator Refur (due 2026-05-30 · SAM.gov)
2026-06-08 07:30:03,330 INFO   [EXPIRE] SAM-36C24426B0019 — N041--460-26-010|Lab and NFS Walk-in Refrigerator Refur (due 2026-05-30 · SAM.gov)
2026-06-08 07:30:03,330 INFO   [EXPIRE] 444002134573 — Police Department Flooring Replacement Project (due 2026-06-01 · BidNet Direct)
2026-06-08 07:30:03,330 INFO   [EXPIRE] 444002134573 — Police Department Flooring Replacement Project (due 2026-06-01 · BidNet Direct)
2026-06-08 07:30:03,330 INFO   [EXPIRE] 444019142226 — 26-2652 / STRESS MANAGEMENT TRAININGS (due 2026-06-01 · BidNet Direct)
2026-06-08 07:30:03,330 INFO   [EXPIRE] 444019142226 — 26-2652 / STRESS MANAGEMENT TRAININGS (due 2026-06-01 · BidNet Direct)
2026-06-08 07:30:03,330 INFO   [EXPIRE] 443998078095 — Brea Olinda High School Gym Floor Replacement (due 2026-06-01 · BidNet Direct)
2026-06-08 07:30:03,330 INFO   [EXPIRE] 443998078095 — Brea Olinda High School Gym Floor Replacement (due 2026-06-01 · BidNet Direct)
2026-06-08 07:30:03,331 INFO   [EXPIRE] 444001171597 — High School Gym Floor Replacement Project (due 2026-06-01 · BidNet Direct)
2026-06-08 07:30:03,331 INFO   [EXPIRE] 444001171597 — High School Gym Floor Replacement Project (due 2026-06-01 · BidNet Direct)
2026-06-08 07:30:03,331 INFO   [EXPIRE] SAM-N4008526R9037 — Building FC478 and FC481 Paint and Flooring Repairs (due 2026-06-01 · SAM.gov)
2026-06-08 07:30:03,331 INFO   [EXPIRE] SAM-N4008526R9037 — Building FC478 and FC481 Paint and Flooring Repairs (due 2026-06-01 · SAM.gov)
2026-06-08 07:30:03,331 INFO   [EXPIRE] SAM-W15QKN-26-R-A054 — CSS 99142 Flooring and Wall Upgrade (due 2026-06-01 · SAM.gov)
2026-06-08 07:30:03,331 INFO   [EXPIRE] SAM-W15QKN-26-R-A054 — CSS 99142 Flooring and Wall Upgrade (due 2026-06-01 · SAM.gov)
2026-06-08 07:30:03,331 INFO   [EXPIRE] 444026213387 — Hydro Jetting Service (due 2026-06-01 · BidNet Direct)
2026-06-08 07:30:03,331 INFO   [EXPIRE] 444026213387 — Hydro Jetting Service (due 2026-06-01 · BidNet Direct)
2026-06-08 07:30:03,331 INFO   [EXPIRE] 444025524726 — City Hall Renovation Project (due 2026-06-01 · BidNet Direct)
2026-06-08 07:30:03,331 INFO   [EXPIRE] 444025524726 — City Hall Renovation Project (due 2026-06-01 · BidNet Direct)
2026-06-08 07:30:03,331 INFO   [EXPIRE] 444016384511 — Temporary Staffing Services for Registrar of Voters (due 2026-06-01 · BidNet Direct)
2026-06-08 07:30:03,331 INFO   [EXPIRE] 444016384511 — Temporary Staffing Services for Registrar of Voters (due 2026-06-01 · BidNet Direct)
2026-06-08 07:30:03,331 INFO   [EXPIRE] SAM-36C25526Q0410 — 7910--Battery Operated Micro Scrubber - Columbia VAMC 3 (due 2026-06-01 · SAM.gov)
2026-06-08 07:30:03,331 INFO   [EXPIRE] SAM-36C25526Q0410 — 7910--Battery Operated Micro Scrubber - Columbia VAMC 3 (due 2026-06-01 · SAM.gov)
2026-06-08 07:30:03,331 INFO   [EXPIRE] SAM-70Z03326Q31190045 — USCG Base Astoria 985 ALAMEDA AVE, Astoria, OR 97103 St (due 2026-06-01 · SAM.gov)
2026-06-08 07:30:03,331 INFO   [EXPIRE] SAM-70Z03326Q31190045 — USCG Base Astoria 985 ALAMEDA AVE, Astoria, OR 97103 St (due 2026-06-01 · SAM.gov)
2026-06-08 07:30:03,331 INFO   [EXPIRE] SAM-W912HNA044275 — Construction and Alteration of Polygraph Office at Ft.  (due 2026-06-01 · SAM.gov)
2026-06-08 07:30:03,331 INFO   [EXPIRE] SAM-W912HNA044275 — Construction and Alteration of Polygraph Office at Ft.  (due 2026-06-01 · SAM.gov)
2026-06-08 07:30:03,331 INFO   [EXPIRE] 444008332563 — Food Service Equipment (due 2026-06-02 · BidNet Direct)
2026-06-08 07:30:03,331 INFO   [EXPIRE] 444008332563 — Food Service Equipment (due 2026-06-02 · BidNet Direct)
2026-06-08 07:30:03,331 INFO   [EXPIRE] 443994232953 — Asbestos and Lead-Based Paint Abatement Services Contra (due 2026-06-02 · BidNet Direct)
2026-06-08 07:30:03,331 INFO   [EXPIRE] 443994232953 — Asbestos and Lead-Based Paint Abatement Services Contra (due 2026-06-02 · BidNet Direct)
2026-06-08 07:30:03,331 INFO   [EXPIRE] SAM-36C26326B0036 — Y1DA--PN: 636-26-502, Replace CLC Flooring (GI) PR: 636 (due 2026-06-02 · SAM.gov)
2026-06-08 07:30:03,331 INFO   [EXPIRE] SAM-36C26326B0036 — Y1DA--PN: 636-26-502, Replace CLC Flooring (GI) PR: 636 (due 2026-06-02 · SAM.gov)
2026-06-08 07:30:03,332 INFO   [EXPIRE] QB-040626-1 — Dry Creek Elementary School SCOE TK Exterior Site Impro (due 2026-06-02 · Quality Bidders)
2026-06-08 07:30:03,332 INFO   [EXPIRE] QB-040626-1 — Dry Creek Elementary School SCOE TK Exterior Site Impro (due 2026-06-02 · Quality Bidders)
2026-06-08 07:30:03,332 INFO   [EXPIRE] SAM-N4008526R9038 — Buildings RR139, RR140, and RR141 Paint and Flooring Re (due 2026-06-02 · SAM.gov)
2026-06-08 07:30:03,332 INFO   [EXPIRE] SAM-N4008526R9038 — Buildings RR139, RR140, and RR141 Paint and Flooring Re (due 2026-06-02 · SAM.gov)
2026-06-08 07:30:03,332 INFO   [EXPIRE] SAM-FA850126Q0041 — PZI Middle Bay Blinds (due 2026-06-02 · SAM.gov)
2026-06-08 07:30:03,332 INFO   [EXPIRE] SAM-FA850126Q0041 — PZI Middle Bay Blinds (due 2026-06-02 · SAM.gov)
2026-06-08 07:30:03,332 INFO   [EXPIRE] 444004120527 — Districtwide Carpet Cleaning Services (due 2026-06-02 · BidNet Direct)
2026-06-08 07:30:03,332 INFO   [EXPIRE] 444004120527 — Districtwide Carpet Cleaning Services (due 2026-06-02 · BidNet Direct)
2026-06-08 07:30:03,332 INFO   [EXPIRE] SAM-36C26126Q0680 — S207--Integrated Pest Management Services (due 2026-06-02 · SAM.gov)
2026-06-08 07:30:03,332 INFO   [EXPIRE] SAM-36C26126Q0680 — S207--Integrated Pest Management Services (due 2026-06-02 · SAM.gov)
2026-06-08 07:30:03,332 INFO   [EXPIRE] 8878781951 — SCLA – Center for Training, Employment & Entrepreneursh (due 2026-06-03 · BidNet Direct)
2026-06-08 07:30:03,332 INFO   [EXPIRE] 8878781951 — SCLA – Center for Training, Employment & Entrepreneursh (due 2026-06-03 · BidNet Direct)
2026-06-08 07:30:03,332 INFO   [EXPIRE] QB-050726-1 — Woodridge Elementary School Admin Office Reconfiguratio (due 2026-06-03 · Quality Bidders)
2026-06-08 07:30:03,332 INFO   [EXPIRE] QB-050726-1 — Woodridge Elementary School Admin Office Reconfiguratio (due 2026-06-03 · Quality Bidders)
2026-06-08 07:30:03,332 INFO   [EXPIRE] 444008483187 — Woodridge Elementary School Admin Office Reconfiguratio (due 2026-06-03 · BidNet Direct)
2026-06-08 07:30:03,332 INFO   [EXPIRE] 444008483187 — Woodridge Elementary School Admin Office Reconfiguratio (due 2026-06-03 · BidNet Direct)
2026-06-08 07:30:03,332 INFO   [EXPIRE] 443996623264 — Replacement Hospital Tower (California Tower) (due 2026-06-03 · BidNet Direct)
2026-06-08 07:30:03,332 INFO   [EXPIRE] 443996623264 — Replacement Hospital Tower (California Tower) (due 2026-06-03 · BidNet Direct)
2026-06-08 07:30:03,332 INFO   [EXPIRE] 444032978615 — Annual Carpet and VCT Cleaning Services (due 2026-06-03 · BidNet Direct)
2026-06-08 07:30:03,332 INFO   [EXPIRE] 444032978615 — Annual Carpet and VCT Cleaning Services (due 2026-06-03 · BidNet Direct)
2026-06-08 07:30:03,332 INFO   [EXPIRE] SAM-12RADAQ0004 — Short Term Office Rental for Southern MS (due 2026-06-03 · SAM.gov)
2026-06-08 07:30:03,332 INFO   [EXPIRE] SAM-12RADAQ0004 — Short Term Office Rental for Southern MS (due 2026-06-03 · SAM.gov)
2026-06-08 07:30:03,332 INFO   [EXPIRE] SAM-FA5682-26-Q-8013 — Basic Ordering Agreement for Aviano AF Base (due 2026-06-03 · SAM.gov)
2026-06-08 07:30:03,332 INFO   [EXPIRE] SAM-FA5682-26-Q-8013 — Basic Ordering Agreement for Aviano AF Base (due 2026-06-03 · SAM.gov)
2026-06-08 07:30:03,332 INFO   [EXPIRE] 444019046651 — Janitorial and Cleaning Services for City Parking Struc (due 2026-06-04 · BidNet Direct)
2026-06-08 07:30:03,332 INFO   [EXPIRE] 444019046651 — Janitorial and Cleaning Services for City Parking Struc (due 2026-06-04 · BidNet Direct)
2026-06-08 07:30:03,333 INFO   [EXPIRE] SAM-FA481426Q0014 — FY26 Flooring Installation Services IDIQ, MacDill AFB/A (due 2026-06-04 · SAM.gov)
2026-06-08 07:30:03,333 INFO   [EXPIRE] SAM-FA481426Q0014 — FY26 Flooring Installation Services IDIQ, MacDill AFB/A (due 2026-06-04 · SAM.gov)
2026-06-08 07:30:03,333 INFO   [EXPIRE] SAM-EEPZ255011 — B926 OSI Flooring (due 2026-06-04 · SAM.gov)
2026-06-08 07:30:03,333 INFO   [EXPIRE] SAM-EEPZ255011 — B926 OSI Flooring (due 2026-06-04 · SAM.gov)
2026-06-08 07:30:03,333 INFO   [EXPIRE] 443993898627 — Ride-on Floor Scrubbers (due 2026-06-04 · BidNet Direct)
2026-06-08 07:30:03,333 INFO   [EXPIRE] 443993898627 — Ride-on Floor Scrubbers (due 2026-06-04 · BidNet Direct)
2026-06-08 07:30:03,333 INFO   [EXPIRE] SAM-W15QKN26QA115 — DEP-29101-4P Vinyl Floor Tile Replacement Fort Devens M (due 2026-06-04 · SAM.gov)
2026-06-08 07:30:03,333 INFO   [EXPIRE] SAM-W15QKN26QA115 — DEP-29101-4P Vinyl Floor Tile Replacement Fort Devens M (due 2026-06-04 · SAM.gov)
2026-06-08 07:30:03,333 INFO   [EXPIRE] QB-Bid 1-26/27 — Dunlap Elementary School Kitchen Modernization Project (due 2026-06-04 · Quality Bidders)
2026-06-08 07:30:03,333 INFO   [EXPIRE] QB-Bid 1-26/27 — Dunlap Elementary School Kitchen Modernization Project (due 2026-06-04 · Quality Bidders)
2026-06-08 07:30:03,333 INFO   [EXPIRE] 443995805861 — Main Jail – Medical Flooring Replacement (Floor 2) (due 2026-06-04 · BidNet Direct)
2026-06-08 07:30:03,333 INFO   [EXPIRE] 443995805861 — Main Jail – Medical Flooring Replacement (Floor 2) (due 2026-06-04 · BidNet Direct)
2026-06-08 07:30:03,333 INFO   [EXPIRE] SAM-140A0926Q0017 — Flooring Replacement for BIA, Navajo Region, Build (due 2026-06-04 · SAM.gov)
2026-06-08 07:30:03,333 INFO   [EXPIRE] SAM-140A0926Q0017 — Flooring Replacement for BIA, Navajo Region, Build (due 2026-06-04 · SAM.gov)
2026-06-08 07:30:03,333 INFO   [EXPIRE] SAM-W50S7S26RA001 — Scott AFB IL Hangar Roof Repair (due 2026-06-04 · SAM.gov)
2026-06-08 07:30:03,333 INFO   [EXPIRE] SAM-W50S7S26RA001 — Scott AFB IL Hangar Roof Repair (due 2026-06-04 · SAM.gov)
2026-06-08 07:30:03,333 INFO   [EXPIRE] CRISP-859 — Old Town Academy Temporary Fencing (due 2026-06-04 · Crisp Plan Room)
2026-06-08 07:30:03,333 INFO   [EXPIRE] CRISP-859 — Old Town Academy Temporary Fencing (due 2026-06-04 · Crisp Plan Room)
2026-06-08 07:30:03,333 INFO   [EXPIRE] SAM-70Z027Q260000002 — REPAIR INTERIOR FINISHES DAWSON HALL (due 2026-06-04 · SAM.gov)
2026-06-08 07:30:03,333 INFO   [EXPIRE] SAM-70Z027Q260000002 — REPAIR INTERIOR FINISHES DAWSON HALL (due 2026-06-04 · SAM.gov)
2026-06-08 07:30:03,333 INFO   [EXPIRE] 444004153045 — 1939 Market Street 90%CD Bid Package - Polished Concret (due 2026-06-05 · BidNet Direct)
2026-06-08 07:30:03,333 INFO   [EXPIRE] 444004153045 — 1939 Market Street 90%CD Bid Package - Polished Concret (due 2026-06-05 · BidNet Direct)
2026-06-08 07:30:03,333 INFO   [EXPIRE] 444004153049 — 1939 Market Street 90%CD Bid Package - Flashing (due 2026-06-05 · BidNet Direct)
2026-06-08 07:30:03,333 INFO   [EXPIRE] 444004153049 — 1939 Market Street 90%CD Bid Package - Flashing (due 2026-06-05 · BidNet Direct)
2026-06-08 07:30:03,334 INFO   [EXPIRE] 444004219505 — 1939 Market Street 90%CD Bid Package - Flooring (due 2026-06-05 · BidNet Direct)
2026-06-08 07:30:03,334 INFO   [EXPIRE] 444004219505 — 1939 Market Street 90%CD Bid Package - Flooring (due 2026-06-05 · BidNet Direct)
2026-06-08 07:30:03,334 INFO   [EXPIRE] SAM-SPE4A726T425P — 16--CARPET,AIRCRAFT (due 2026-06-05 · SAM.gov)
2026-06-08 07:30:03,334 INFO   [EXPIRE] SAM-SPE4A726T425P — 16--CARPET,AIRCRAFT (due 2026-06-05 · SAM.gov)
2026-06-08 07:30:03,334 INFO   [EXPIRE] 444033292813 — EXERCISE EQUIPMENT FOR THE SAN DIEGO COUNTY SHERIFF'S O (due 2026-06-05 · BidNet Direct)
2026-06-08 07:30:03,334 INFO   [EXPIRE] 444033292813 — EXERCISE EQUIPMENT FOR THE SAN DIEGO COUNTY SHERIFF'S O (due 2026-06-05 · BidNet Direct)
2026-06-08 07:30:03,334 INFO   [EXPIRE] 444031827069 — GRANT HIGH SCHOOL ECE REFRESH (due 2026-06-05 · BidNet Direct)
2026-06-08 07:30:03,334 INFO   [EXPIRE] 444031827069 — GRANT HIGH SCHOOL ECE REFRESH (due 2026-06-05 · BidNet Direct)
2026-06-08 07:30:03,334 INFO   [EXPIRE] 444004219513 — 1939 Market Street 90%CD Bid Package - Window Treatment (due 2026-06-05 · BidNet Direct)
2026-06-08 07:30:03,334 INFO   [EXPIRE] 444004219513 — 1939 Market Street 90%CD Bid Package - Window Treatment (due 2026-06-05 · BidNet Direct)
2026-06-08 07:30:03,334 INFO   [EXPIRE] 444004219515 — 1939 Market Street 90%CD Bid Package - Countertops (due 2026-06-05 · BidNet Direct)
2026-06-08 07:30:03,334 INFO   [EXPIRE] 444004219515 — 1939 Market Street 90%CD Bid Package - Countertops (due 2026-06-05 · BidNet Direct)
2026-06-08 07:30:03,334 INFO   [EXPIRE] CRISP-862 — Garden Grove ES - Green Shoolyard Improvement (due 2026-06-05 · Crisp Plan Room)
2026-06-08 07:30:03,334 INFO   [EXPIRE] CRISP-862 — Garden Grove ES - Green Shoolyard Improvement (due 2026-06-05 · Crisp Plan Room)
2026-06-08 07:30:03,334 INFO   [EXPIRE] 2688321482 — Retail Space to Lease - Simi Valley (due 2026-06-05 · BidNet Direct)
2026-06-08 07:30:03,334 INFO   [EXPIRE] 2688321482 — Retail Space to Lease - Simi Valley (due 2026-06-05 · BidNet Direct)
2026-06-08 07:30:03,334 INFO   [EXPIRE] 444004219516 — 1939 Market Street 90%CD Bid Package - Site Paving (due 2026-06-05 · BidNet Direct)
2026-06-08 07:30:03,334 INFO   [EXPIRE] 444004219516 — 1939 Market Street 90%CD Bid Package - Site Paving (due 2026-06-05 · BidNet Direct)
2026-06-08 07:30:03,334 INFO   [EXPIRE] SAM-19NP4026Q0026 — FAC: BPA for Makeready Residence Painting Work (due 2026-06-05 · SAM.gov)
2026-06-08 07:30:03,334 INFO   [EXPIRE] SAM-19NP4026Q0026 — FAC: BPA for Makeready Residence Painting Work (due 2026-06-05 · SAM.gov)
2026-06-08 07:30:03,334 INFO   [EXPIRE] SAM-PR15988793 — Expression of Interest – Residential Curtain Cleaning P (due 2026-06-05 · SAM.gov)
2026-06-08 07:30:03,334 INFO   [EXPIRE] SAM-PR15988793 — Expression of Interest – Residential Curtain Cleaning P (due 2026-06-05 · SAM.gov)
2026-06-08 07:30:03,334 INFO   [EXPIRE] SAM-PANNGB-26-P-0000033323 — Sources Sought B1502 Renovation (due 2026-06-05 · SAM.gov)
2026-06-08 07:30:03,334 INFO   [EXPIRE] SAM-PANNGB-26-P-0000033323 — Sources Sought B1502 Renovation (due 2026-06-05 · SAM.gov)
2026-06-08 07:30:03,335 INFO   [EXPIRE] SAM-N4523A26R0810 — IDIQ for Preservation and Non-SUBSAFE Structural Repair (due 2026-06-05 · SAM.gov)
2026-06-08 07:30:03,335 INFO   [EXPIRE] SAM-N4523A26R0810 — IDIQ for Preservation and Non-SUBSAFE Structural Repair (due 2026-06-05 · SAM.gov)
2026-06-08 07:30:03,335 INFO   [EXPIRE] SAM-JFSD260019 — Flooring IDR Sources Sought (due 2026-06-05 · SAM.gov)
2026-06-08 07:30:03,335 INFO   [EXPIRE] SAM-JFSD260019 — Flooring IDR Sources Sought (due 2026-06-05 · SAM.gov)
2026-06-08 07:30:03,335 INFO   [EXPIRE] 444004153046 — 1939 Market Street 90%CD Bid Package - Above Grade Wate (due 2026-06-05 · BidNet Direct)
2026-06-08 07:30:03,335 INFO   [EXPIRE] 444004153046 — 1939 Market Street 90%CD Bid Package - Above Grade Wate (due 2026-06-05 · BidNet Direct)
2026-06-08 07:30:03,335 INFO   [EXPIRE] 444004153047 — 1939 Market Street 90%CD Bid Package - Building Insulat (due 2026-06-05 · BidNet Direct)
2026-06-08 07:30:03,335 INFO   [EXPIRE] 444004153047 — 1939 Market Street 90%CD Bid Package - Building Insulat (due 2026-06-05 · BidNet Direct)
2026-06-08 07:30:03,335 INFO   [EXPIRE] 444004219501 — 1939 Market Street 90%CD Bid Package - Doors Frames and (due 2026-06-05 · BidNet Direct)
2026-06-08 07:30:03,335 INFO   [EXPIRE] 444004219501 — 1939 Market Street 90%CD Bid Package - Doors Frames and (due 2026-06-05 · BidNet Direct)
2026-06-08 07:30:03,335 INFO   [EXPIRE] 444004219508 — 1939 Market Street 90%CD Bid Package - Cultured Marble  (due 2026-06-05 · BidNet Direct)
2026-06-08 07:30:03,335 INFO   [EXPIRE] 444004219508 — 1939 Market Street 90%CD Bid Package - Cultured Marble  (due 2026-06-05 · BidNet Direct)
2026-06-08 07:30:03,335 INFO   [EXPIRE] 444004219510 — 1939 Market Street 90%CD Bid Package - Postal Specialti (due 2026-06-05 · BidNet Direct)
2026-06-08 07:30:03,335 INFO   [EXPIRE] 444004219510 — 1939 Market Street 90%CD Bid Package - Postal Specialti (due 2026-06-05 · BidNet Direct)
2026-06-08 07:30:03,335 INFO   [EXPIRE] SAM-36C24526Q0546 — N055--FLOORING INSTALLATION (due 2026-06-05 · SAM.gov)
2026-06-08 07:30:03,335 INFO   [EXPIRE] SAM-36C24526Q0546 — N055--FLOORING INSTALLATION (due 2026-06-05 · SAM.gov)
2026-06-08 07:30:03,335 INFO   [EXPIRE] SAM-W9127S26RA063 — LAW ENFORCEMENT TRAINING CENTER (VA-LETC) DORM RENOVATI (due 2026-06-05 · SAM.gov)
2026-06-08 07:30:03,335 INFO   [EXPIRE] SAM-W9127S26RA063 — LAW ENFORCEMENT TRAINING CENTER (VA-LETC) DORM RENOVATI (due 2026-06-05 · SAM.gov)
2026-06-08 07:30:03,335 INFO   [EXPIRE] SAM-19GE5026R0069 — Design/Build ISF Aramoun Indoor Shooting Range, Lebanon (due 2026-06-07 · SAM.gov)
2026-06-08 07:30:03,335 INFO   [EXPIRE] SAM-19GE5026R0069 — Design/Build ISF Aramoun Indoor Shooting Range, Lebanon (due 2026-06-07 · SAM.gov)
2026-06-08 07:30:03,929 INFO HTTP Request: PATCH https://obrqnthgqczkhffbsbac.supabase.co/rest/v1/bids?bid_id=in.%282687530982%2CSAM-FA483026Q0029%2C443984755803%2CSAM-FA704626QRJS1%2CQB-26.38.MM%2CSAM-W50S9F26QA013%2C443991460833%2CCRISP-860%2C444017065641%2CSAM-W50S8N26QA017%2C444014653418%2C444013222161%2C444012895171%2C444012362863%2CQB-n%2Fa%2CSAM-140PS126Q0018%2CSAM-140P6226B0002%2CSAM-W50S7GQA003%2C444015171585%2C444015164176%2C444015234256%2C8835753724%2CSAM-PANNWD26P0000029389%2CSAM-F4D3F36092AW012026%2C444008420240%2C444021433263%2C444015724264%2C444013010152%2CSAM-36C24526Q0517%2C8840917606%2C444002339488%2C444008395691%2CQB-CUPCCAA+Bid+F450-000-26%2C443992243676%2C443991591133%2C444021433260%2CCCOP-12A2383%2C444015724277%2C444003958473%2CCRISP-858%2C444008420231%2C444017992267%2C443993898608%2C2683378817%2CSAM-N40085-26-R-9040%2C8807236670%2CSAM-SS-Flooring-2026%2C444006303984%2C2685763832%2CSAM-W51LL526QA003%2C2692305857%2CSAM-FA309926Q0010%2CSAM-W912CH26R%2CSAM-FA446026Q0009%2CSAM-W912PB26X1BT8%2CSAM-W912PL26S0026%2CSAM-FA667526Q0002%2CSAM-36C24426B0019%2C444002134573%2C444019142226%2C443998078095%2C444001171597%2CSAM-N4008526R9037%2CSAM-W15QKN-26-R-A054%2C444026213387%2C444025524726%2C444016384511%2CSAM-36C25526Q0410%2CSAM-70Z03326Q31190045%2CSAM-W912HNA044275%2C444008332563%2C443994232953%2CSAM-36C26326B0036%2CQB-040626-1%2CSAM-N4008526R9038%2CSAM-FA850126Q0041%2C444004120527%2CSAM-36C26126Q0680%2C8878781951%2CQB-050726-1%2C444008483187%2C443996623264%2C444032978615%2CSAM-12RADAQ0004%2CSAM-FA5682-26-Q-8013%2C444019046651%2CSAM-FA481426Q0014%2CSAM-EEPZ255011%2C443993898627%2CSAM-W15QKN26QA115%2CQB-Bid+1-26%2F27%2C443995805861%2CSAM-140A0926Q0017%2CSAM-W50S7S26RA001%2CCRISP-859%2CSAM-70Z027Q260000002%2C444004153045%2C444004153049%2C444004219505%2CSAM-SPE4A726T425P%29 "HTTP/2 200 OK"
2026-06-08 07:30:03,929 INFO HTTP Request: PATCH https://obrqnthgqczkhffbsbac.supabase.co/rest/v1/bids?bid_id=in.%282687530982%2CSAM-FA483026Q0029%2C443984755803%2CSAM-FA704626QRJS1%2CQB-26.38.MM%2CSAM-W50S9F26QA013%2C443991460833%2CCRISP-860%2C444017065641%2CSAM-W50S8N26QA017%2C444014653418%2C444013222161%2C444012895171%2C444012362863%2CQB-n%2Fa%2CSAM-140PS126Q0018%2CSAM-140P6226B0002%2CSAM-W50S7GQA003%2C444015171585%2C444015164176%2C444015234256%2C8835753724%2CSAM-PANNWD26P0000029389%2CSAM-F4D3F36092AW012026%2C444008420240%2C444021433263%2C444015724264%2C444013010152%2CSAM-36C24526Q0517%2C8840917606%2C444002339488%2C444008395691%2CQB-CUPCCAA+Bid+F450-000-26%2C443992243676%2C443991591133%2C444021433260%2CCCOP-12A2383%2C444015724277%2C444003958473%2CCRISP-858%2C444008420231%2C444017992267%2C443993898608%2C2683378817%2CSAM-N40085-26-R-9040%2C8807236670%2CSAM-SS-Flooring-2026%2C444006303984%2C2685763832%2CSAM-W51LL526QA003%2C2692305857%2CSAM-FA309926Q0010%2CSAM-W912CH26R%2CSAM-FA446026Q0009%2CSAM-W912PB26X1BT8%2CSAM-W912PL26S0026%2CSAM-FA667526Q0002%2CSAM-36C24426B0019%2C444002134573%2C444019142226%2C443998078095%2C444001171597%2CSAM-N4008526R9037%2CSAM-W15QKN-26-R-A054%2C444026213387%2C444025524726%2C444016384511%2CSAM-36C25526Q0410%2CSAM-70Z03326Q31190045%2CSAM-W912HNA044275%2C444008332563%2C443994232953%2CSAM-36C26326B0036%2CQB-040626-1%2CSAM-N4008526R9038%2CSAM-FA850126Q0041%2C444004120527%2CSAM-36C26126Q0680%2C8878781951%2CQB-050726-1%2C444008483187%2C443996623264%2C444032978615%2CSAM-12RADAQ0004%2CSAM-FA5682-26-Q-8013%2C444019046651%2CSAM-FA481426Q0014%2CSAM-EEPZ255011%2C443993898627%2CSAM-W15QKN26QA115%2CQB-Bid+1-26%2F27%2C443995805861%2CSAM-140A0926Q0017%2CSAM-W50S7S26RA001%2CCRISP-859%2CSAM-70Z027Q260000002%2C444004153045%2C444004153049%2C444004219505%2CSAM-SPE4A726T425P%29 "HTTP/2 200 OK"
2026-06-08 07:30:04,346 INFO HTTP Request: PATCH https://obrqnthgqczkhffbsbac.supabase.co/rest/v1/bids?bid_id=in.%28444033292813%2C444031827069%2C444004219513%2C444004219515%2CCRISP-862%2C2688321482%2C444004219516%2CSAM-19NP4026Q0026%2CSAM-PR15988793%2CSAM-PANNGB-26-P-0000033323%2CSAM-N4523A26R0810%2CSAM-JFSD260019%2C444004153046%2C444004153047%2C444004219501%2C444004219508%2C444004219510%2CSAM-36C24526Q0546%2CSAM-W9127S26RA063%2CSAM-19GE5026R0069%29 "HTTP/2 200 OK"
2026-06-08 07:30:04,346 INFO HTTP Request: PATCH https://obrqnthgqczkhffbsbac.supabase.co/rest/v1/bids?bid_id=in.%28444033292813%2C444031827069%2C444004219513%2C444004219515%2CCRISP-862%2C2688321482%2C444004219516%2CSAM-19NP4026Q0026%2CSAM-PR15988793%2CSAM-PANNGB-26-P-0000033323%2CSAM-N4523A26R0810%2CSAM-JFSD260019%2C444004153046%2C444004153047%2C444004219501%2C444004219508%2C444004219510%2CSAM-36C24526Q0546%2CSAM-W9127S26RA063%2CSAM-19GE5026R0069%29 "HTTP/2 200 OK"
2026-06-08 07:30:04,350 INFO Expired 120 bid(s)
2026-06-08 07:30:04,350 INFO Expired 120 bid(s)
2026-06-08 07:30:04,645 INFO HTTP Request: GET https://obrqnthgqczkhffbsbac.supabase.co/rest/v1/bids?select=bid_id%2Ctitle%2Cbid_status&is_relevant=eq.True&bid_status=in.%28no_bid%2Cexpired%29 "HTTP/2 200 OK"
2026-06-08 07:30:04,645 INFO HTTP Request: GET https://obrqnthgqczkhffbsbac.supabase.co/rest/v1/bids?select=bid_id%2Ctitle%2Cbid_status&is_relevant=eq.True&bid_status=in.%28no_bid%2Cexpired%29 "HTTP/2 200 OK"
2026-06-08 07:30:04,646 INFO No manually-closed bids to sync
2026-06-08 07:30:04,646 INFO No manually-closed bids to sync
✓ Expired 120 past-due bids
2026-06-09 07:30:02,745 INFO HTTP Request: GET https://obrqnthgqczkhffbsbac.supabase.co/rest/v1/bids?select=bid_id%2Ctitle%2Cagency%2Cdue_date%2Csource&due_date=lt.2026-06-09&bid_status=neq.expired "HTTP/2 200 OK"
2026-06-09 07:30:02,745 INFO HTTP Request: GET https://obrqnthgqczkhffbsbac.supabase.co/rest/v1/bids?select=bid_id%2Ctitle%2Cagency%2Cdue_date%2Csource&due_date=lt.2026-06-09&bid_status=neq.expired "HTTP/2 200 OK"
2026-06-09 07:30:02,748 INFO Found 11 past-due bid(s)
2026-06-09 07:30:02,748 INFO Found 11 past-due bid(s)
2026-06-09 07:30:02,748 INFO   [EXPIRE] 444002351947 — 101 Gough/120 Page Rehab - Flooring (due 2026-06-08 · BidNet Direct)
2026-06-09 07:30:02,748 INFO   [EXPIRE] 444002351947 — 101 Gough/120 Page Rehab - Flooring (due 2026-06-08 · BidNet Direct)
2026-06-09 07:30:02,748 INFO   [EXPIRE] 443995622584 — Janitorial Services for KCDCSS (due 2026-06-08 · BidNet Direct)
2026-06-09 07:30:02,748 INFO   [EXPIRE] 443995622584 — Janitorial Services for KCDCSS (due 2026-06-08 · BidNet Direct)
2026-06-09 07:30:02,748 INFO   [EXPIRE] 444046353239 — Annual Bid - Imperial County Cleaning & Disinfectant Su (due 2026-06-08 · BidNet Direct)
2026-06-09 07:30:02,748 INFO   [EXPIRE] 444046353239 — Annual Bid - Imperial County Cleaning & Disinfectant Su (due 2026-06-08 · BidNet Direct)
2026-06-09 07:30:02,749 INFO   [EXPIRE] SAM-FA568226R0007 — Construction Basic Ordering Agreement for Aviano Air Ba (due 2026-06-08 · SAM.gov)
2026-06-09 07:30:02,749 INFO   [EXPIRE] SAM-FA568226R0007 — Construction Basic Ordering Agreement for Aviano Air Ba (due 2026-06-08 · SAM.gov)
2026-06-09 07:30:02,749 INFO   [EXPIRE] 444032978616 — Drapery and Blinds Cleaning and Maintenance Services (due 2026-06-08 · BidNet Direct)
2026-06-09 07:30:02,749 INFO   [EXPIRE] 444032978616 — Drapery and Blinds Cleaning and Maintenance Services (due 2026-06-08 · BidNet Direct)
2026-06-09 07:30:02,749 INFO   [EXPIRE] 2693272307 — Travis AFB, CA - DeCa Commissary Roof Replacement (due 2026-06-08 · BidNet Direct)
2026-06-09 07:30:02,749 INFO   [EXPIRE] 2693272307 — Travis AFB, CA - DeCa Commissary Roof Replacement (due 2026-06-08 · BidNet Direct)
2026-06-09 07:30:02,749 INFO   [EXPIRE] SAM-W519TC26RB104 — Bldg Repair & Renovation - Garrison Consolidation (due 2026-06-08 · SAM.gov)
2026-06-09 07:30:02,749 INFO   [EXPIRE] SAM-W519TC26RB104 — Bldg Repair & Renovation - Garrison Consolidation (due 2026-06-08 · SAM.gov)
2026-06-09 07:30:02,749 INFO   [EXPIRE] SAM-36C24426R0121 — C1DA--NRM | 460-23-008 | Renovate 5 East | NCO 4 Constr (due 2026-06-08 · SAM.gov)
2026-06-09 07:30:02,749 INFO   [EXPIRE] SAM-36C24426R0121 — C1DA--NRM | 460-23-008 | Renovate 5 East | NCO 4 Constr (due 2026-06-08 · SAM.gov)
2026-06-09 07:30:02,749 INFO   [EXPIRE] 444026012920 — Janitorial Services (due 2026-06-08 · BidNet Direct)
2026-06-09 07:30:02,749 INFO   [EXPIRE] 444026012920 — Janitorial Services (due 2026-06-08 · BidNet Direct)
2026-06-09 07:30:02,749 INFO   [EXPIRE] SAM-36C24426R0118 — C1DZ--460-19-005 | Assess and Replace Bldg ONE General  (due 2026-06-08 · SAM.gov)
2026-06-09 07:30:02,749 INFO   [EXPIRE] SAM-36C24426R0118 — C1DZ--460-19-005 | Assess and Replace Bldg ONE General  (due 2026-06-08 · SAM.gov)
2026-06-09 07:30:02,749 INFO   [EXPIRE] SAM-W912EP26X1BTY — JANITORIAL SERVICES FOR ARMED FORCES RECRUITING FACILIT (due 2026-06-08 · SAM.gov)
2026-06-09 07:30:02,749 INFO   [EXPIRE] SAM-W912EP26X1BTY — JANITORIAL SERVICES FOR ARMED FORCES RECRUITING FACILIT (due 2026-06-08 · SAM.gov)
2026-06-09 07:30:03,260 INFO HTTP Request: PATCH https://obrqnthgqczkhffbsbac.supabase.co/rest/v1/bids?bid_id=in.%28444002351947%2C443995622584%2C444046353239%2CSAM-FA568226R0007%2C444032978616%2C2693272307%2CSAM-W519TC26RB104%2CSAM-36C24426R0121%2C444026012920%2CSAM-36C24426R0118%2CSAM-W912EP26X1BTY%29 "HTTP/2 200 OK"
2026-06-09 07:30:03,260 INFO HTTP Request: PATCH https://obrqnthgqczkhffbsbac.supabase.co/rest/v1/bids?bid_id=in.%28444002351947%2C443995622584%2C444046353239%2CSAM-FA568226R0007%2C444032978616%2C2693272307%2CSAM-W519TC26RB104%2CSAM-36C24426R0121%2C444026012920%2CSAM-36C24426R0118%2CSAM-W912EP26X1BTY%29 "HTTP/2 200 OK"
2026-06-09 07:30:03,263 INFO Expired 11 bid(s)
2026-06-09 07:30:03,263 INFO Expired 11 bid(s)
2026-06-09 07:30:03,667 INFO HTTP Request: GET https://obrqnthgqczkhffbsbac.supabase.co/rest/v1/bids?select=bid_id%2Ctitle%2Cbid_status&is_relevant=eq.True&bid_status=in.%28no_bid%2Cexpired%29 "HTTP/2 200 OK"
2026-06-09 07:30:03,667 INFO HTTP Request: GET https://obrqnthgqczkhffbsbac.supabase.co/rest/v1/bids?select=bid_id%2Ctitle%2Cbid_status&is_relevant=eq.True&bid_status=in.%28no_bid%2Cexpired%29 "HTTP/2 200 OK"
2026-06-09 07:30:03,668 INFO No manually-closed bids to sync
2026-06-09 07:30:03,668 INFO No manually-closed bids to sync
✓ Expired 11 past-due bids
2026-06-10 07:30:03,518 INFO HTTP Request: GET https://obrqnthgqczkhffbsbac.supabase.co/rest/v1/bids?select=bid_id%2Ctitle%2Cagency%2Cdue_date%2Csource&due_date=lt.2026-06-10&bid_status=neq.expired "HTTP/2 200 OK"
2026-06-10 07:30:03,518 INFO HTTP Request: GET https://obrqnthgqczkhffbsbac.supabase.co/rest/v1/bids?select=bid_id%2Ctitle%2Cagency%2Cdue_date%2Csource&due_date=lt.2026-06-10&bid_status=neq.expired "HTTP/2 200 OK"
2026-06-10 07:30:03,521 INFO Found 10 past-due bid(s)
2026-06-10 07:30:03,521 INFO Found 10 past-due bid(s)
2026-06-10 07:30:03,522 INFO   [EXPIRE] QB-26-030-02 — District Office Tenant Improvements Lease Leaseback (due 2026-06-09 · Quality Bidders)
2026-06-10 07:30:03,522 INFO   [EXPIRE] QB-26-030-02 — District Office Tenant Improvements Lease Leaseback (due 2026-06-09 · Quality Bidders)
2026-06-10 07:30:03,522 INFO   [EXPIRE] 444031734833 — GABRIELINO HIGH SCHOOL SMALL GYM DEMO (due 2026-06-09 · BidNet Direct)
2026-06-10 07:30:03,522 INFO   [EXPIRE] 444031734833 — GABRIELINO HIGH SCHOOL SMALL GYM DEMO (due 2026-06-09 · BidNet Direct)
2026-06-10 07:30:03,522 INFO   [EXPIRE] 444045568513 — UPFITTING OF ONE UTILITY DOZER TENDER & ONE SERVICE TRU (due 2026-06-09 · BidNet Direct)
2026-06-10 07:30:03,522 INFO   [EXPIRE] 444045568513 — UPFITTING OF ONE UTILITY DOZER TENDER & ONE SERVICE TRU (due 2026-06-09 · BidNet Direct)
2026-06-10 07:30:03,522 INFO   [EXPIRE] CRISP-842 — San Diego USD - CC27-0124-33-00-00 (due 2026-06-09 · Crisp Plan Room)
2026-06-10 07:30:03,522 INFO   [EXPIRE] CRISP-842 — San Diego USD - CC27-0124-33-00-00 (due 2026-06-09 · Crisp Plan Room)
2026-06-10 07:30:03,522 INFO   [EXPIRE] QB-008 — Tulare Union High School Gym Modernization (due 2026-06-09 · Quality Bidders)
2026-06-10 07:30:03,522 INFO   [EXPIRE] QB-008 — Tulare Union High School Gym Modernization (due 2026-06-09 · Quality Bidders)
2026-06-10 07:30:03,522 INFO   [EXPIRE] SAM-SP4703-26-Q-0042 — Defense Supply Center of Richmond (DSCR) Basketball Cou (due 2026-06-09 · SAM.gov)
2026-06-10 07:30:03,522 INFO   [EXPIRE] SAM-SP4703-26-Q-0042 — Defense Supply Center of Richmond (DSCR) Basketball Cou (due 2026-06-09 · SAM.gov)
2026-06-10 07:30:03,522 INFO   [EXPIRE] SAM-THIS — Notice of Intent to Award a BPA Call Order (due 2026-06-09 · SAM.gov)
2026-06-10 07:30:03,522 INFO   [EXPIRE] SAM-THIS — Notice of Intent to Award a BPA Call Order (due 2026-06-09 · SAM.gov)
2026-06-10 07:30:03,522 INFO   [EXPIRE] 2692076357 — Industrial Floor Scrubbers - Basic Ordering Agreement (due 2026-06-09 · BidNet Direct)
2026-06-10 07:30:03,522 INFO   [EXPIRE] 2692076357 — Industrial Floor Scrubbers - Basic Ordering Agreement (due 2026-06-09 · BidNet Direct)
2026-06-10 07:30:03,522 INFO   [EXPIRE] SAM-15B10626Q00000017 — FCC BUTNER - BUT INTERIOR REPAIRS (due 2026-06-09 · SAM.gov)
2026-06-10 07:30:03,522 INFO   [EXPIRE] SAM-15B10626Q00000017 — FCC BUTNER - BUT INTERIOR REPAIRS (due 2026-06-09 · SAM.gov)
2026-06-10 07:30:03,523 INFO   [EXPIRE] CRISP-865 — Rockdale Visual & Performing Arts Magnet ES - SEEDS (due 2026-06-09 · Crisp Plan Room)
2026-06-10 07:30:03,523 INFO   [EXPIRE] CRISP-865 — Rockdale Visual & Performing Arts Magnet ES - SEEDS (due 2026-06-09 · Crisp Plan Room)
2026-06-10 07:30:03,927 INFO HTTP Request: PATCH https://obrqnthgqczkhffbsbac.supabase.co/rest/v1/bids?bid_id=in.%28QB-26-030-02%2C444031734833%2C444045568513%2CCRISP-842%2CQB-008%2CSAM-SP4703-26-Q-0042%2CSAM-THIS%2C2692076357%2CSAM-15B10626Q00000017%2CCRISP-865%29 "HTTP/2 200 OK"
2026-06-10 07:30:03,927 INFO HTTP Request: PATCH https://obrqnthgqczkhffbsbac.supabase.co/rest/v1/bids?bid_id=in.%28QB-26-030-02%2C444031734833%2C444045568513%2CCRISP-842%2CQB-008%2CSAM-SP4703-26-Q-0042%2CSAM-THIS%2C2692076357%2CSAM-15B10626Q00000017%2CCRISP-865%29 "HTTP/2 200 OK"
2026-06-10 07:30:03,929 INFO Expired 10 bid(s)
2026-06-10 07:30:03,929 INFO Expired 10 bid(s)
2026-06-10 07:30:04,233 INFO HTTP Request: GET https://obrqnthgqczkhffbsbac.supabase.co/rest/v1/bids?select=bid_id%2Ctitle%2Cbid_status&is_relevant=eq.True&bid_status=in.%28no_bid%2Cexpired%29 "HTTP/2 200 OK"
2026-06-10 07:30:04,233 INFO HTTP Request: GET https://obrqnthgqczkhffbsbac.supabase.co/rest/v1/bids?select=bid_id%2Ctitle%2Cbid_status&is_relevant=eq.True&bid_status=in.%28no_bid%2Cexpired%29 "HTTP/2 200 OK"
2026-06-10 07:30:04,234 INFO No manually-closed bids to sync
2026-06-10 07:30:04,234 INFO No manually-closed bids to sync
✓ Expired 10 past-due bids
2026-06-11 07:30:02,957 INFO HTTP Request: GET https://obrqnthgqczkhffbsbac.supabase.co/rest/v1/bids?select=bid_id%2Ctitle%2Cagency%2Cdue_date%2Csource&due_date=lt.2026-06-11&bid_status=neq.expired "HTTP/2 200 OK"
2026-06-11 07:30:02,957 INFO HTTP Request: GET https://obrqnthgqczkhffbsbac.supabase.co/rest/v1/bids?select=bid_id%2Ctitle%2Cagency%2Cdue_date%2Csource&due_date=lt.2026-06-11&bid_status=neq.expired "HTTP/2 200 OK"
2026-06-11 07:30:02,960 INFO Found 10 past-due bid(s)
2026-06-11 07:30:02,960 INFO Found 10 past-due bid(s)
2026-06-11 07:30:02,960 INFO   [EXPIRE] 8877241953 — Madera County Riverstone Fire Station (due 2026-06-10 · BidNet Direct)
2026-06-11 07:30:02,960 INFO   [EXPIRE] 8877241953 — Madera County Riverstone Fire Station (due 2026-06-10 · BidNet Direct)
2026-06-11 07:30:02,960 INFO   [EXPIRE] 444048233353 — PANEL - FLOORING (due 2026-06-10 · BidNet Direct)
2026-06-11 07:30:02,960 INFO   [EXPIRE] 444048233353 — PANEL - FLOORING (due 2026-06-10 · BidNet Direct)
2026-06-11 07:30:02,960 INFO   [EXPIRE] 2691047432 — BEALE AFB ATRIUM SHADE CANOPY REPLACEMENT (due 2026-06-10 · BidNet Direct)
2026-06-11 07:30:02,960 INFO   [EXPIRE] 2691047432 — BEALE AFB ATRIUM SHADE CANOPY REPLACEMENT (due 2026-06-10 · BidNet Direct)
2026-06-11 07:30:02,960 INFO   [EXPIRE] 444049797572 — PANEL - FLOOR, PHENOLIC, 48" X 59.5" X 0.71", PANEL 48, (due 2026-06-10 · BidNet Direct)
2026-06-11 07:30:02,960 INFO   [EXPIRE] 444049797572 — PANEL - FLOOR, PHENOLIC, 48" X 59.5" X 0.71", PANEL 48, (due 2026-06-10 · BidNet Direct)
2026-06-11 07:30:02,960 INFO   [EXPIRE] 444028286560 — FIRE STATION 77 DORM SUBDIVISION (due 2026-06-10 · BidNet Direct)
2026-06-11 07:30:02,960 INFO   [EXPIRE] 444028286560 — FIRE STATION 77 DORM SUBDIVISION (due 2026-06-10 · BidNet Direct)
2026-06-11 07:30:02,960 INFO   [EXPIRE] 444037800201 — Canyon Crest Academy Learning Commons Flooring (due 2026-06-10 · BidNet Direct)
2026-06-11 07:30:02,960 INFO   [EXPIRE] 444037800201 — Canyon Crest Academy Learning Commons Flooring (due 2026-06-10 · BidNet Direct)
2026-06-11 07:30:02,960 INFO   [EXPIRE] SAM-36C24726Q0590 — 6515--OsmoPRO MAX Automated Osmometer (due 2026-06-10 · SAM.gov)
2026-06-11 07:30:02,960 INFO   [EXPIRE] SAM-36C24726Q0590 — 6515--OsmoPRO MAX Automated Osmometer (due 2026-06-10 · SAM.gov)
2026-06-11 07:30:02,960 INFO   [EXPIRE] 444026020024 — MB CVRI Window Repairs (due 2026-06-10 · BidNet Direct)
2026-06-11 07:30:02,960 INFO   [EXPIRE] 444026020024 — MB CVRI Window Repairs (due 2026-06-10 · BidNet Direct)
2026-06-11 07:30:02,960 INFO   [EXPIRE] SAM-36C26026Q0722 — S119--Grout Restoration and Maintenance Puget Sound VA (due 2026-06-10 · SAM.gov)
2026-06-11 07:30:02,960 INFO   [EXPIRE] SAM-36C26026Q0722 — S119--Grout Restoration and Maintenance Puget Sound VA (due 2026-06-10 · SAM.gov)
2026-06-11 07:30:02,961 INFO   [EXPIRE] CRISP-861 — Roofing (due 2026-06-10 · Crisp Plan Room)
2026-06-11 07:30:02,961 INFO   [EXPIRE] CRISP-861 — Roofing (due 2026-06-10 · Crisp Plan Room)
2026-06-11 07:30:03,570 INFO HTTP Request: PATCH https://obrqnthgqczkhffbsbac.supabase.co/rest/v1/bids?bid_id=in.%288877241953%2C444048233353%2C2691047432%2C444049797572%2C444028286560%2C444037800201%2CSAM-36C24726Q0590%2C444026020024%2CSAM-36C26026Q0722%2CCRISP-861%29 "HTTP/2 200 OK"
2026-06-11 07:30:03,570 INFO HTTP Request: PATCH https://obrqnthgqczkhffbsbac.supabase.co/rest/v1/bids?bid_id=in.%288877241953%2C444048233353%2C2691047432%2C444049797572%2C444028286560%2C444037800201%2CSAM-36C24726Q0590%2C444026020024%2CSAM-36C26026Q0722%2CCRISP-861%29 "HTTP/2 200 OK"
2026-06-11 07:30:03,573 INFO Expired 10 bid(s)
2026-06-11 07:30:03,573 INFO Expired 10 bid(s)
2026-06-11 07:30:04,184 INFO HTTP Request: GET https://obrqnthgqczkhffbsbac.supabase.co/rest/v1/bids?select=bid_id%2Ctitle%2Cbid_status&is_relevant=eq.True&bid_status=in.%28no_bid%2Cexpired%29 "HTTP/2 200 OK"
2026-06-11 07:30:04,184 INFO HTTP Request: GET https://obrqnthgqczkhffbsbac.supabase.co/rest/v1/bids?select=bid_id%2Ctitle%2Cbid_status&is_relevant=eq.True&bid_status=in.%28no_bid%2Cexpired%29 "HTTP/2 200 OK"
2026-06-11 07:30:04,185 INFO No manually-closed bids to sync
2026-06-11 07:30:04,185 INFO No manually-closed bids to sync
✓ Expired 10 past-due bids
2026-06-12 07:30:03,932 INFO HTTP Request: GET https://obrqnthgqczkhffbsbac.supabase.co/rest/v1/bids?select=bid_id%2Ctitle%2Cagency%2Cdue_date%2Csource&due_date=lt.2026-06-12&bid_status=neq.expired "HTTP/2 200 OK"
2026-06-12 07:30:03,932 INFO HTTP Request: GET https://obrqnthgqczkhffbsbac.supabase.co/rest/v1/bids?select=bid_id%2Ctitle%2Cagency%2Cdue_date%2Csource&due_date=lt.2026-06-12&bid_status=neq.expired "HTTP/2 200 OK"
2026-06-12 07:30:03,936 INFO Found 11 past-due bid(s)
2026-06-12 07:30:03,936 INFO Found 11 past-due bid(s)
2026-06-12 07:30:03,936 INFO   [EXPIRE] 444017992269 — SIGNAGE SERVICES (due 2026-06-11 · BidNet Direct)
2026-06-12 07:30:03,936 INFO   [EXPIRE] 444017992269 — SIGNAGE SERVICES (due 2026-06-11 · BidNet Direct)
2026-06-12 07:30:03,936 INFO   [EXPIRE] 8987090202 — Digester Cleaning 2026 (due 2026-06-11 · BidNet Direct)
2026-06-12 07:30:03,936 INFO   [EXPIRE] 8987090202 — Digester Cleaning 2026 (due 2026-06-11 · BidNet Direct)
2026-06-12 07:30:03,936 INFO   [EXPIRE] 444006141675 — B250023 JOC Bid Solicitation Flooring (due 2026-06-11 · BidNet Direct)
2026-06-12 07:30:03,936 INFO   [EXPIRE] 444006141675 — B250023 JOC Bid Solicitation Flooring (due 2026-06-11 · BidNet Direct)
2026-06-12 07:30:03,936 INFO   [EXPIRE] SAM-W5A11A25D0001 — NOTICE OF INTENT TO SOLE SOURCE: IDIQ CEILING INCREASE  (due 2026-06-11 · SAM.gov)
2026-06-12 07:30:03,936 INFO   [EXPIRE] SAM-W5A11A25D0001 — NOTICE OF INTENT TO SOLE SOURCE: IDIQ CEILING INCREASE  (due 2026-06-11 · SAM.gov)
2026-06-12 07:30:03,937 INFO   [EXPIRE] CRISP-863 — Wilton EEC - Outdoor Classroom (due 2026-06-11 · Crisp Plan Room)
2026-06-12 07:30:03,937 INFO   [EXPIRE] CRISP-863 — Wilton EEC - Outdoor Classroom (due 2026-06-11 · Crisp Plan Room)
2026-06-12 07:30:03,937 INFO   [EXPIRE] CRISP-849 — San Diego USD - CC27-0127-05-00-00 (due 2026-06-11 · Crisp Plan Room)
2026-06-12 07:30:03,937 INFO   [EXPIRE] CRISP-849 — San Diego USD - CC27-0127-05-00-00 (due 2026-06-11 · Crisp Plan Room)
2026-06-12 07:30:03,937 INFO   [EXPIRE] 444025570427 — Gibson Senior Center Interior Improvement Project (due 2026-06-11 · BidNet Direct)
2026-06-12 07:30:03,937 INFO   [EXPIRE] 444025570427 — Gibson Senior Center Interior Improvement Project (due 2026-06-11 · BidNet Direct)
2026-06-12 07:30:03,937 INFO   [EXPIRE] SAM-70Z0G126SNY0002NP — MAINTENANCE & REPAIR (M&R) FOR BUILDING 205 SSO LOCKER  (due 2026-06-11 · SAM.gov)
2026-06-12 07:30:03,937 INFO   [EXPIRE] SAM-70Z0G126SNY0002NP — MAINTENANCE & REPAIR (M&R) FOR BUILDING 205 SSO LOCKER  (due 2026-06-11 · SAM.gov)
2026-06-12 07:30:03,937 INFO   [EXPIRE] SAM-W9127N26QA097 — Concrete Ecology Blocks (due 2026-06-11 · SAM.gov)
2026-06-12 07:30:03,937 INFO   [EXPIRE] SAM-W9127N26QA097 — Concrete Ecology Blocks (due 2026-06-11 · SAM.gov)
2026-06-12 07:30:03,937 INFO   [EXPIRE] SAM-36C26326B0032 — Y1DA--656-26-201 Replace Carpet FY26 NRM 36C263-26-AP-2 (due 2026-06-11 · SAM.gov)
2026-06-12 07:30:03,937 INFO   [EXPIRE] SAM-36C26326B0032 — Y1DA--656-26-201 Replace Carpet FY26 NRM 36C263-26-AP-2 (due 2026-06-11 · SAM.gov)
2026-06-12 07:30:03,937 INFO   [EXPIRE] 444020883860 — On-Call General Construction Services (due 2026-06-11 · BidNet Direct)
2026-06-12 07:30:03,937 INFO   [EXPIRE] 444020883860 — On-Call General Construction Services (due 2026-06-11 · BidNet Direct)
2026-06-12 07:30:04,340 INFO HTTP Request: PATCH https://obrqnthgqczkhffbsbac.supabase.co/rest/v1/bids?bid_id=in.%28444017992269%2C8987090202%2C444006141675%2CSAM-W5A11A25D0001%2CCRISP-863%2CCRISP-849%2C444025570427%2CSAM-70Z0G126SNY0002NP%2CSAM-W9127N26QA097%2CSAM-36C26326B0032%2C444020883860%29 "HTTP/2 200 OK"
2026-06-12 07:30:04,340 INFO HTTP Request: PATCH https://obrqnthgqczkhffbsbac.supabase.co/rest/v1/bids?bid_id=in.%28444017992269%2C8987090202%2C444006141675%2CSAM-W5A11A25D0001%2CCRISP-863%2CCRISP-849%2C444025570427%2CSAM-70Z0G126SNY0002NP%2CSAM-W9127N26QA097%2CSAM-36C26326B0032%2C444020883860%29 "HTTP/2 200 OK"
2026-06-12 07:30:04,343 INFO Expired 11 bid(s)
2026-06-12 07:30:04,343 INFO Expired 11 bid(s)
2026-06-12 07:30:04,751 INFO HTTP Request: GET https://obrqnthgqczkhffbsbac.supabase.co/rest/v1/bids?select=bid_id%2Ctitle%2Cbid_status&is_relevant=eq.True&bid_status=in.%28no_bid%2Cexpired%29 "HTTP/2 200 OK"
2026-06-12 07:30:04,751 INFO HTTP Request: GET https://obrqnthgqczkhffbsbac.supabase.co/rest/v1/bids?select=bid_id%2Ctitle%2Cbid_status&is_relevant=eq.True&bid_status=in.%28no_bid%2Cexpired%29 "HTTP/2 200 OK"
2026-06-12 07:30:04,752 INFO No manually-closed bids to sync
2026-06-12 07:30:04,752 INFO No manually-closed bids to sync
✓ Expired 11 past-due bids
2026-06-15 07:30:02,040 INFO HTTP Request: GET https://obrqnthgqczkhffbsbac.supabase.co/rest/v1/bids?select=bid_id%2Ctitle%2Cagency%2Cdue_date%2Csource&due_date=lt.2026-06-15&bid_status=neq.expired "HTTP/2 200 OK"
2026-06-15 07:30:02,040 INFO HTTP Request: GET https://obrqnthgqczkhffbsbac.supabase.co/rest/v1/bids?select=bid_id%2Ctitle%2Cagency%2Cdue_date%2Csource&due_date=lt.2026-06-15&bid_status=neq.expired "HTTP/2 200 OK"
2026-06-15 07:30:02,043 INFO Found 12 past-due bid(s)
2026-06-15 07:30:02,043 INFO Found 12 past-due bid(s)
2026-06-15 07:30:02,043 INFO   [EXPIRE] 444017992268 — 2026 OR NEWER/UNUSED TOYOTA SIENNA LE (RESERVED FOR LOC (due 2026-06-12 · BidNet Direct)
2026-06-15 07:30:02,043 INFO   [EXPIRE] 444017992268 — 2026 OR NEWER/UNUSED TOYOTA SIENNA LE (RESERVED FOR LOC (due 2026-06-12 · BidNet Direct)
2026-06-15 07:30:02,043 INFO   [EXPIRE] SAM-140P6026Q0019 — S--Purchase and Install Visitor Center Carpet - ULSG (due 2026-06-12 · SAM.gov)
2026-06-15 07:30:02,043 INFO   [EXPIRE] SAM-140P6026Q0019 — S--Purchase and Install Visitor Center Carpet - ULSG (due 2026-06-12 · SAM.gov)
2026-06-15 07:30:02,043 INFO   [EXPIRE] SAM-140A2326Q0168 — Carpet Replacement for Red Rock Day School (due 2026-06-12 · SAM.gov)
2026-06-15 07:30:02,043 INFO   [EXPIRE] SAM-140A2326Q0168 — Carpet Replacement for Red Rock Day School (due 2026-06-12 · SAM.gov)
2026-06-15 07:30:02,043 INFO   [EXPIRE] 2692288262 — Replace Flooring Bldg 102 & Bldg 110 (due 2026-06-12 · BidNet Direct)
2026-06-15 07:30:02,043 INFO   [EXPIRE] 2692288262 — Replace Flooring Bldg 102 & Bldg 110 (due 2026-06-12 · BidNet Direct)
2026-06-15 07:30:02,043 INFO   [EXPIRE] SAM-FA460826QC066 — 2 MUNS - B7306 Carpet Replacement (due 2026-06-12 · SAM.gov)
2026-06-15 07:30:02,043 INFO   [EXPIRE] SAM-FA460826QC066 — 2 MUNS - B7306 Carpet Replacement (due 2026-06-12 · SAM.gov)
2026-06-15 07:30:02,044 INFO   [EXPIRE] QB-2025-4 — Tenaya Middle School Sports Field Renovation (due 2026-06-12 · Quality Bidders)
2026-06-15 07:30:02,044 INFO   [EXPIRE] QB-2025-4 — Tenaya Middle School Sports Field Renovation (due 2026-06-12 · Quality Bidders)
2026-06-15 07:30:02,044 INFO   [EXPIRE] 444047928505 — Tennant Floor Scrubbers - Equipment repairs and mainten (due 2026-06-12 · BidNet Direct)
2026-06-15 07:30:02,044 INFO   [EXPIRE] 444047928505 — Tennant Floor Scrubbers - Equipment repairs and mainten (due 2026-06-12 · BidNet Direct)
2026-06-15 07:30:02,044 INFO   [EXPIRE] 8933620770 — CCCFPD On-Call District-Wide Masonry Wall Installation  (due 2026-06-12 · BidNet Direct)
2026-06-15 07:30:02,044 INFO   [EXPIRE] 8933620770 — CCCFPD On-Call District-Wide Masonry Wall Installation  (due 2026-06-12 · BidNet Direct)
2026-06-15 07:30:02,044 INFO   [EXPIRE] SAM-W50S6T26QA021 — Replace Flooring Bldg 102 & Bldg 110 (due 2026-06-12 · SAM.gov)
2026-06-15 07:30:02,044 INFO   [EXPIRE] SAM-W50S6T26QA021 — Replace Flooring Bldg 102 & Bldg 110 (due 2026-06-12 · SAM.gov)
2026-06-15 07:30:02,044 INFO   [EXPIRE] SAM-36C25526R0142 — Z2DA--589A7-25-503 Prepare Site for Cath Lab Equipment  (due 2026-06-12 · SAM.gov)
2026-06-15 07:30:02,044 INFO   [EXPIRE] SAM-36C25526R0142 — Z2DA--589A7-25-503 Prepare Site for Cath Lab Equipment  (due 2026-06-12 · SAM.gov)
2026-06-15 07:30:02,044 INFO   [EXPIRE] SAM-Project2026SH026 — Intent to Sole Source_Office Furniture_Facility F20016 (due 2026-06-12 · SAM.gov)
2026-06-15 07:30:02,044 INFO   [EXPIRE] SAM-Project2026SH026 — Intent to Sole Source_Office Furniture_Facility F20016 (due 2026-06-12 · SAM.gov)
2026-06-15 07:30:02,044 INFO   [EXPIRE] SAM-SP4703-26-Q-0043 — Defense Supply Center Of Richmond (DSCR) HVAC Packaging (due 2026-06-13 · SAM.gov)
2026-06-15 07:30:02,044 INFO   [EXPIRE] SAM-SP4703-26-Q-0043 — Defense Supply Center Of Richmond (DSCR) HVAC Packaging (due 2026-06-13 · SAM.gov)
2026-06-15 07:30:04,907 INFO HTTP Request: PATCH https://obrqnthgqczkhffbsbac.supabase.co/rest/v1/bids?bid_id=in.%28444017992268%2CSAM-140P6026Q0019%2CSAM-140A2326Q0168%2C2692288262%2CSAM-FA460826QC066%2CQB-2025-4%2C444047928505%2C8933620770%2CSAM-W50S6T26QA021%2CSAM-36C25526R0142%2CSAM-Project2026SH026%2CSAM-SP4703-26-Q-0043%29 "HTTP/2 200 OK"
2026-06-15 07:30:04,907 INFO HTTP Request: PATCH https://obrqnthgqczkhffbsbac.supabase.co/rest/v1/bids?bid_id=in.%28444017992268%2CSAM-140P6026Q0019%2CSAM-140A2326Q0168%2C2692288262%2CSAM-FA460826QC066%2CQB-2025-4%2C444047928505%2C8933620770%2CSAM-W50S6T26QA021%2CSAM-36C25526R0142%2CSAM-Project2026SH026%2CSAM-SP4703-26-Q-0043%29 "HTTP/2 200 OK"
2026-06-15 07:30:04,910 INFO Expired 12 bid(s)
2026-06-15 07:30:04,910 INFO Expired 12 bid(s)
2026-06-15 07:30:05,418 INFO HTTP Request: GET https://obrqnthgqczkhffbsbac.supabase.co/rest/v1/bids?select=bid_id%2Ctitle%2Cbid_status&is_relevant=eq.True&bid_status=in.%28no_bid%2Cexpired%29 "HTTP/2 200 OK"
2026-06-15 07:30:05,418 INFO HTTP Request: GET https://obrqnthgqczkhffbsbac.supabase.co/rest/v1/bids?select=bid_id%2Ctitle%2Cbid_status&is_relevant=eq.True&bid_status=in.%28no_bid%2Cexpired%29 "HTTP/2 200 OK"
2026-06-15 07:30:05,419 INFO No manually-closed bids to sync
2026-06-15 07:30:05,419 INFO No manually-closed bids to sync
✓ Expired 12 past-due bids
2026-06-16 07:30:04,657 INFO HTTP Request: GET https://obrqnthgqczkhffbsbac.supabase.co/rest/v1/bids?select=bid_id%2Ctitle%2Cagency%2Cdue_date%2Csource&due_date=lt.2026-06-16&bid_status=neq.expired "HTTP/2 200 OK"
2026-06-16 07:30:04,657 INFO HTTP Request: GET https://obrqnthgqczkhffbsbac.supabase.co/rest/v1/bids?select=bid_id%2Ctitle%2Cagency%2Cdue_date%2Csource&due_date=lt.2026-06-16&bid_status=neq.expired "HTTP/2 200 OK"
2026-06-16 07:30:04,661 INFO Found 28 past-due bid(s)
2026-06-16 07:30:04,661 INFO Found 28 past-due bid(s)
2026-06-16 07:30:04,661 INFO   [EXPIRE] 2691088232 — Z1DA--Solicitation No. 36C26126R0049 Project No. 570-23 (due 2026-06-15 · BidNet Direct)
2026-06-16 07:30:04,661 INFO   [EXPIRE] 2691088232 — Z1DA--Solicitation No. 36C26126R0049 Project No. 570-23 (due 2026-06-15 · BidNet Direct)
2026-06-16 07:30:04,661 INFO   [EXPIRE] SAM-70US0926Q70092737 — Hunting Blinds (due 2026-06-15 · SAM.gov)
2026-06-16 07:30:04,661 INFO   [EXPIRE] SAM-70US0926Q70092737 — Hunting Blinds (due 2026-06-15 · SAM.gov)
2026-06-16 07:30:04,661 INFO   [EXPIRE] SAM-042075 — Carpet Rework (due 2026-06-15 · SAM.gov)
2026-06-16 07:30:04,661 INFO   [EXPIRE] SAM-042075 — Carpet Rework (due 2026-06-15 · SAM.gov)
2026-06-16 07:30:04,661 INFO   [EXPIRE] 444016845050 — EXT MOH | Treasure Island BHB GMP Bid - Bird Control, I (due 2026-06-15 · BidNet Direct)
2026-06-16 07:30:04,661 INFO   [EXPIRE] 444016845050 — EXT MOH | Treasure Island BHB GMP Bid - Bird Control, I (due 2026-06-15 · BidNet Direct)
2026-06-16 07:30:04,661 INFO   [EXPIRE] 444033202261 — Animal Control Facility Improvements (due 2026-06-15 · BidNet Direct)
2026-06-16 07:30:04,661 INFO   [EXPIRE] 444033202261 — Animal Control Facility Improvements (due 2026-06-15 · BidNet Direct)
2026-06-16 07:30:04,661 INFO   [EXPIRE] 444016876504 — EXT MOH | Treasure Island BHB GMP Bid - Food Service Eq (due 2026-06-15 · BidNet Direct)
2026-06-16 07:30:04,661 INFO   [EXPIRE] 444016876504 — EXT MOH | Treasure Island BHB GMP Bid - Food Service Eq (due 2026-06-15 · BidNet Direct)
2026-06-16 07:30:04,662 INFO   [EXPIRE] 444031376261 — Carpet Cleaning Service (due 2026-06-15 · BidNet Direct)
2026-06-16 07:30:04,662 INFO   [EXPIRE] 444031376261 — Carpet Cleaning Service (due 2026-06-15 · BidNet Direct)
2026-06-16 07:30:04,662 INFO   [EXPIRE] SAM-36C26026Q0727 — 531-26-2-5408-0065 Asbestos Removal Bldg. 67 (due 2026-06-15 · SAM.gov)
2026-06-16 07:30:04,662 INFO   [EXPIRE] SAM-36C26026Q0727 — 531-26-2-5408-0065 Asbestos Removal Bldg. 67 (due 2026-06-15 · SAM.gov)
2026-06-16 07:30:04,662 INFO   [EXPIRE] 2690396672 — Z1DB--Replace Dietetics and Cath Lab Flooring, Building (due 2026-06-15 · BidNet Direct)
2026-06-16 07:30:04,662 INFO   [EXPIRE] 2690396672 — Z1DB--Replace Dietetics and Cath Lab Flooring, Building (due 2026-06-15 · BidNet Direct)
2026-06-16 07:30:04,662 INFO   [EXPIRE] 444016845045 — EXT MOH | Treasure Island BHB GMP Bid - Flooring (due 2026-06-15 · BidNet Direct)
2026-06-16 07:30:04,662 INFO   [EXPIRE] 444016845045 — EXT MOH | Treasure Island BHB GMP Bid - Flooring (due 2026-06-15 · BidNet Direct)
2026-06-16 07:30:04,662 INFO   [EXPIRE] SAM-FA282326R0016 — Flooring Removal and Installation Services (due 2026-06-15 · SAM.gov)
2026-06-16 07:30:04,662 INFO   [EXPIRE] SAM-FA282326R0016 — Flooring Removal and Installation Services (due 2026-06-15 · SAM.gov)
2026-06-16 07:30:04,662 INFO   [EXPIRE] 444016876515 — EXT MOH | Treasure Island BHB GMP Bid - Site Security (due 2026-06-15 · BidNet Direct)
2026-06-16 07:30:04,662 INFO   [EXPIRE] 444016876515 — EXT MOH | Treasure Island BHB GMP Bid - Site Security (due 2026-06-15 · BidNet Direct)
2026-06-16 07:30:04,662 INFO   [EXPIRE] 444016876512 — EXT MOH | Treasure Island BHB GMP Bid - Personnel Hoist (due 2026-06-15 · BidNet Direct)
2026-06-16 07:30:04,662 INFO   [EXPIRE] 444016876512 — EXT MOH | Treasure Island BHB GMP Bid - Personnel Hoist (due 2026-06-15 · BidNet Direct)
2026-06-16 07:30:04,662 INFO   [EXPIRE] 444016876510 — EXT MOH | Treasure Island BHB GMP Bid - Landscape (due 2026-06-15 · BidNet Direct)
2026-06-16 07:30:04,662 INFO   [EXPIRE] 444016876510 — EXT MOH | Treasure Island BHB GMP Bid - Landscape (due 2026-06-15 · BidNet Direct)
2026-06-16 07:30:04,662 INFO   [EXPIRE] 444016876508 — EXT MOH | Treasure Island BHB GMP Bid - Asphalt Paving (due 2026-06-15 · BidNet Direct)
2026-06-16 07:30:04,662 INFO   [EXPIRE] 444016876508 — EXT MOH | Treasure Island BHB GMP Bid - Asphalt Paving (due 2026-06-15 · BidNet Direct)
2026-06-16 07:30:04,662 INFO   [EXPIRE] 444016845048 — EXT MOH | Treasure Island BHB GMP Bid - Misc. Specialti (due 2026-06-15 · BidNet Direct)
2026-06-16 07:30:04,662 INFO   [EXPIRE] 444016845048 — EXT MOH | Treasure Island BHB GMP Bid - Misc. Specialti (due 2026-06-15 · BidNet Direct)
2026-06-16 07:30:04,662 INFO   [EXPIRE] 444016845040 — EXT MOH | Treasure Island BHB GMP Bid - Overhead Coilin (due 2026-06-15 · BidNet Direct)
2026-06-16 07:30:04,662 INFO   [EXPIRE] 444016845040 — EXT MOH | Treasure Island BHB GMP Bid - Overhead Coilin (due 2026-06-15 · BidNet Direct)
2026-06-16 07:30:04,662 INFO   [EXPIRE] 444016876509 — EXT MOH | Treasure Island BHB GMP Bid - Site Concrete (due 2026-06-15 · BidNet Direct)
2026-06-16 07:30:04,662 INFO   [EXPIRE] 444016876509 — EXT MOH | Treasure Island BHB GMP Bid - Site Concrete (due 2026-06-15 · BidNet Direct)
2026-06-16 07:30:04,663 INFO   [EXPIRE] 2691379442 — Z1JZ--570-26-227 - Halls and Walls, Building 1 5th and  (due 2026-06-15 · BidNet Direct)
2026-06-16 07:30:04,663 INFO   [EXPIRE] 2691379442 — Z1JZ--570-26-227 - Halls and Walls, Building 1 5th and  (due 2026-06-15 · BidNet Direct)
2026-06-16 07:30:04,663 INFO   [EXPIRE] 444016845037 — EXT MOH | Treasure Island BHB GMP Bid - Quartz & Cultur (due 2026-06-15 · BidNet Direct)
2026-06-16 07:30:04,663 INFO   [EXPIRE] 444016845037 — EXT MOH | Treasure Island BHB GMP Bid - Quartz & Cultur (due 2026-06-15 · BidNet Direct)
2026-06-16 07:30:04,663 INFO   [EXPIRE] 444016845035 — EXT MOH | Treasure Island BHB GMP Bid - Finish Carpentr (due 2026-06-15 · BidNet Direct)
2026-06-16 07:30:04,663 INFO   [EXPIRE] 444016845035 — EXT MOH | Treasure Island BHB GMP Bid - Finish Carpentr (due 2026-06-15 · BidNet Direct)
2026-06-16 07:30:04,663 INFO   [EXPIRE] 444016845029 — EXT MOH | Treasure Island BHB GMP Bid - Sealants & Caul (due 2026-06-15 · BidNet Direct)
2026-06-16 07:30:04,663 INFO   [EXPIRE] 444016845029 — EXT MOH | Treasure Island BHB GMP Bid - Sealants & Caul (due 2026-06-15 · BidNet Direct)
2026-06-16 07:30:04,663 INFO   [EXPIRE] 444016845027 — EXT MOH | Treasure Island BHB GMP Bid - Sheet Metal (due 2026-06-15 · BidNet Direct)
2026-06-16 07:30:04,663 INFO   [EXPIRE] 444016845027 — EXT MOH | Treasure Island BHB GMP Bid - Sheet Metal (due 2026-06-15 · BidNet Direct)
2026-06-16 07:30:04,663 INFO   [EXPIRE] 444016845026 — EXT MOH | Treasure Island BHB GMP Bid - (due 2026-06-15 · BidNet Direct)
2026-06-16 07:30:04,663 INFO   [EXPIRE] 444016845026 — EXT MOH | Treasure Island BHB GMP Bid - (due 2026-06-15 · BidNet Direct)
2026-06-16 07:30:04,663 INFO   [EXPIRE] 444016845019 — EXT MOH | Treasure Island BHB GMP Bid - Exterior Glazin (due 2026-06-15 · BidNet Direct)
2026-06-16 07:30:04,663 INFO   [EXPIRE] 444016845019 — EXT MOH | Treasure Island BHB GMP Bid - Exterior Glazin (due 2026-06-15 · BidNet Direct)
2026-06-16 07:30:04,663 INFO   [EXPIRE] 444016845014 — EXT MOH | Treasure Island BHB GMP Bid - Masonry (due 2026-06-15 · BidNet Direct)
2026-06-16 07:30:04,663 INFO   [EXPIRE] 444016845014 — EXT MOH | Treasure Island BHB GMP Bid - Masonry (due 2026-06-15 · BidNet Direct)
2026-06-16 07:30:04,663 INFO   [EXPIRE] SAM-FA486126R0004 — 732 OG Heritage Room Renovation (due 2026-06-15 · SAM.gov)
2026-06-16 07:30:04,663 INFO   [EXPIRE] SAM-FA486126R0004 — 732 OG Heritage Room Renovation (due 2026-06-15 · SAM.gov)
2026-06-16 07:30:04,663 INFO   [EXPIRE] 444053368601 — SOLENOID ASM (due 2026-06-15 · BidNet Direct)
2026-06-16 07:30:04,663 INFO   [EXPIRE] 444053368601 — SOLENOID ASM (due 2026-06-15 · BidNet Direct)
2026-06-16 07:30:05,474 INFO HTTP Request: PATCH https://obrqnthgqczkhffbsbac.supabase.co/rest/v1/bids?bid_id=in.%282691088232%2CSAM-70US0926Q70092737%2CSAM-042075%2C444016845050%2C444033202261%2C444016876504%2C444031376261%2CSAM-36C26026Q0727%2C2690396672%2C444016845045%2CSAM-FA282326R0016%2C444016876515%2C444016876512%2C444016876510%2C444016876508%2C444016845048%2C444016845040%2C444016876509%2C2691379442%2C444016845037%2C444016845035%2C444016845029%2C444016845027%2C444016845026%2C444016845019%2C444016845014%2CSAM-FA486126R0004%2C444053368601%29 "HTTP/2 200 OK"
2026-06-16 07:30:05,474 INFO HTTP Request: PATCH https://obrqnthgqczkhffbsbac.supabase.co/rest/v1/bids?bid_id=in.%282691088232%2CSAM-70US0926Q70092737%2CSAM-042075%2C444016845050%2C444033202261%2C444016876504%2C444031376261%2CSAM-36C26026Q0727%2C2690396672%2C444016845045%2CSAM-FA282326R0016%2C444016876515%2C444016876512%2C444016876510%2C444016876508%2C444016845048%2C444016845040%2C444016876509%2C2691379442%2C444016845037%2C444016845035%2C444016845029%2C444016845027%2C444016845026%2C444016845019%2C444016845014%2CSAM-FA486126R0004%2C444053368601%29 "HTTP/2 200 OK"
2026-06-16 07:30:05,479 INFO Expired 28 bid(s)
2026-06-16 07:30:05,479 INFO Expired 28 bid(s)
2026-06-16 07:30:05,882 INFO HTTP Request: GET https://obrqnthgqczkhffbsbac.supabase.co/rest/v1/bids?select=bid_id%2Ctitle%2Cbid_status&is_relevant=eq.True&bid_status=in.%28no_bid%2Cexpired%29 "HTTP/2 200 OK"
2026-06-16 07:30:05,882 INFO HTTP Request: GET https://obrqnthgqczkhffbsbac.supabase.co/rest/v1/bids?select=bid_id%2Ctitle%2Cbid_status&is_relevant=eq.True&bid_status=in.%28no_bid%2Cexpired%29 "HTTP/2 200 OK"
2026-06-16 07:30:05,883 INFO No manually-closed bids to sync
2026-06-16 07:30:05,883 INFO No manually-closed bids to sync
✓ Expired 28 past-due bids
2026-07-06 07:30:01,983 INFO HTTP Request: GET https://obrqnthgqczkhffbsbac.supabase.co/rest/v1/bids?select=bid_id%2Ctitle%2Cagency%2Cdue_date%2Csource&due_date=lt.2026-07-06&bid_status=neq.expired "HTTP/2 200 OK"
2026-07-06 07:30:01,983 INFO HTTP Request: GET https://obrqnthgqczkhffbsbac.supabase.co/rest/v1/bids?select=bid_id%2Ctitle%2Cagency%2Cdue_date%2Csource&due_date=lt.2026-07-06&bid_status=neq.expired "HTTP/2 200 OK"
2026-07-06 07:30:01,991 INFO Found 121 past-due bid(s)
2026-07-06 07:30:01,991 INFO Found 121 past-due bid(s)
2026-07-06 07:30:01,991 INFO   [EXPIRE] SAM-PANNGB-26-P-0000-036589 — ACE Trailer (due 2026-06-16 · SAM.gov)
2026-07-06 07:30:01,991 INFO   [EXPIRE] SAM-PANNGB-26-P-0000-036589 — ACE Trailer (due 2026-06-16 · SAM.gov)
2026-07-06 07:30:01,991 INFO   [EXPIRE] SAM-36C24126Q0572 — J073--Commercial Ice Machine Preventative Maintenance a (due 2026-06-16 · SAM.gov)
2026-07-06 07:30:01,991 INFO   [EXPIRE] SAM-36C24126Q0572 — J073--Commercial Ice Machine Preventative Maintenance a (due 2026-06-16 · SAM.gov)
2026-07-06 07:30:01,991 INFO   [EXPIRE] QB-PHS2026-#001 — Parlier High School Stadium Replacement (due 2026-06-16 · Quality Bidders)
2026-07-06 07:30:01,991 INFO   [EXPIRE] QB-PHS2026-#001 — Parlier High School Stadium Replacement (due 2026-06-16 · Quality Bidders)
2026-07-06 07:30:01,991 INFO   [EXPIRE] 2695153697 — United States Department of Agriculture Seek to Leased  (due 2026-06-16 · BidNet Direct)
2026-07-06 07:30:01,991 INFO   [EXPIRE] 2695153697 — United States Department of Agriculture Seek to Leased  (due 2026-06-16 · BidNet Direct)
2026-07-06 07:30:01,992 INFO   [EXPIRE] SAM-W50S9A26SA011 — Raised Access Computer Floor Tiles (due 2026-06-16 · SAM.gov)
2026-07-06 07:30:01,992 INFO   [EXPIRE] SAM-W50S9A26SA011 — Raised Access Computer Floor Tiles (due 2026-06-16 · SAM.gov)
2026-07-06 07:30:01,992 INFO   [EXPIRE] SAM-19AR2026Q0027 — FAC - Exterior flooring replacement (due 2026-06-16 · SAM.gov)
2026-07-06 07:30:01,992 INFO   [EXPIRE] SAM-19AR2026Q0027 — FAC - Exterior flooring replacement (due 2026-06-16 · SAM.gov)
2026-07-06 07:30:01,992 INFO   [EXPIRE] CRISP-870 — Greening Improvements, Slope Repair, POT, and ADA RR (due 2026-06-16 · Crisp Plan Room)
2026-07-06 07:30:01,992 INFO   [EXPIRE] CRISP-870 — Greening Improvements, Slope Repair, POT, and ADA RR (due 2026-06-16 · Crisp Plan Room)
2026-07-06 07:30:01,992 INFO   [EXPIRE] 444056087081 — Fire Extinguisher Service (due 2026-06-16 · BidNet Direct)
2026-07-06 07:30:01,992 INFO   [EXPIRE] 444056087081 — Fire Extinguisher Service (due 2026-06-16 · BidNet Direct)
2026-07-06 07:30:01,992 INFO   [EXPIRE] 444028217346 — FS Zellerbach Hall Mezzanine Flooring Replacement (due 2026-06-16 · BidNet Direct)
2026-07-06 07:30:01,992 INFO   [EXPIRE] 444028217346 — FS Zellerbach Hall Mezzanine Flooring Replacement (due 2026-06-16 · BidNet Direct)
2026-07-06 07:30:01,992 INFO   [EXPIRE] 444028582344 — LA SIERRA AND ARLANZA LIBRARIES CARPET INSTALLATION (due 2026-06-16 · BidNet Direct)
2026-07-06 07:30:01,992 INFO   [EXPIRE] 444028582344 — LA SIERRA AND ARLANZA LIBRARIES CARPET INSTALLATION (due 2026-06-16 · BidNet Direct)
2026-07-06 07:30:01,992 INFO   [EXPIRE] 444038967853 — On-Call General Contractor Services (due 2026-06-16 · BidNet Direct)
2026-07-06 07:30:01,992 INFO   [EXPIRE] 444038967853 — On-Call General Contractor Services (due 2026-06-16 · BidNet Direct)
2026-07-06 07:30:01,992 INFO   [EXPIRE] SAM-36C24626Q0647 — S201--VAMC HAMPTON EVS CLEANING CONTRACT SDVOSB set-asi (due 2026-06-17 · SAM.gov)
2026-07-06 07:30:01,992 INFO   [EXPIRE] SAM-36C24626Q0647 — S201--VAMC HAMPTON EVS CLEANING CONTRACT SDVOSB set-asi (due 2026-06-17 · SAM.gov)
2026-07-06 07:30:01,992 INFO   [EXPIRE] 444057776370 — FLOOR ASM - FLEXIBLE, ATG LIMBO II/PEI 12030 BELLOWS AR (due 2026-06-17 · BidNet Direct)
2026-07-06 07:30:01,992 INFO   [EXPIRE] 444057776370 — FLOOR ASM - FLEXIBLE, ATG LIMBO II/PEI 12030 BELLOWS AR (due 2026-06-17 · BidNet Direct)
2026-07-06 07:30:01,992 INFO   [EXPIRE] SAM-FA527026PKA02 — Gym Floor Covers (due 2026-06-17 · SAM.gov)
2026-07-06 07:30:01,992 INFO   [EXPIRE] SAM-FA527026PKA02 — Gym Floor Covers (due 2026-06-17 · SAM.gov)
2026-07-06 07:30:01,992 INFO   [EXPIRE] CRISP-868 — Restroom Modification (due 2026-06-17 · Crisp Plan Room)
2026-07-06 07:30:01,992 INFO   [EXPIRE] CRISP-868 — Restroom Modification (due 2026-06-17 · Crisp Plan Room)
2026-07-06 07:30:01,993 INFO   [EXPIRE] 444047038306 — "As Needed" Janitorial Services (due 2026-06-17 · BidNet Direct)
2026-07-06 07:30:01,993 INFO   [EXPIRE] 444047038306 — "As Needed" Janitorial Services (due 2026-06-17 · BidNet Direct)
2026-07-06 07:30:01,993 INFO   [EXPIRE] SAM-Bern — Tenting Services for Independence Day Celebration - U.S (due 2026-06-17 · SAM.gov)
2026-07-06 07:30:01,993 INFO   [EXPIRE] SAM-Bern — Tenting Services for Independence Day Celebration - U.S (due 2026-06-17 · SAM.gov)
2026-07-06 07:30:01,993 INFO   [EXPIRE] 444056346493 — OSHA COMPLIANT 16' BUMPER TOW DECONTAMINATION TRAILER (due 2026-06-17 · BidNet Direct)
2026-07-06 07:30:01,993 INFO   [EXPIRE] 444056346493 — OSHA COMPLIANT 16' BUMPER TOW DECONTAMINATION TRAILER (due 2026-06-17 · BidNet Direct)
2026-07-06 07:30:01,993 INFO   [EXPIRE] 2693238902 — Demolition of Buildings 13140 and 13143 (Thor Dormitori (due 2026-06-17 · BidNet Direct)
2026-07-06 07:30:01,993 INFO   [EXPIRE] 2693238902 — Demolition of Buildings 13140 and 13143 (Thor Dormitori (due 2026-06-17 · BidNet Direct)
2026-07-06 07:30:01,993 INFO   [EXPIRE] 444021433255 — Janitorial Services (due 2026-06-17 · BidNet Direct)
2026-07-06 07:30:01,993 INFO   [EXPIRE] 444021433255 — Janitorial Services (due 2026-06-17 · BidNet Direct)
2026-07-06 07:30:01,993 INFO   [EXPIRE] SAM-W911SG26RA011 — Remove and Install Vinyl Composite Tile (VCT) Flooring  (due 2026-06-17 · SAM.gov)
2026-07-06 07:30:01,993 INFO   [EXPIRE] SAM-W911SG26RA011 — Remove and Install Vinyl Composite Tile (VCT) Flooring  (due 2026-06-17 · SAM.gov)
2026-07-06 07:30:01,993 INFO   [EXPIRE] 444033276385 — PROJECT NO.: 1636 Mills Park Site Improvements & PROJEC (due 2026-06-18 · BidNet Direct)
2026-07-06 07:30:01,993 INFO   [EXPIRE] 444033276385 — PROJECT NO.: 1636 Mills Park Site Improvements & PROJEC (due 2026-06-18 · BidNet Direct)
2026-07-06 07:30:01,993 INFO   [EXPIRE] 444006625444 — Meeting Planning & Logistics Services for CIRM EDUC1 Pr (due 2026-06-18 · BidNet Direct)
2026-07-06 07:30:01,993 INFO   [EXPIRE] 444006625444 — Meeting Planning & Logistics Services for CIRM EDUC1 Pr (due 2026-06-18 · BidNet Direct)
2026-07-06 07:30:01,993 INFO   [EXPIRE] SAM-FP1020977 — Refurbish Wash Rack Floor - F129, Vance AFB, OK (due 2026-06-18 · SAM.gov)
2026-07-06 07:30:01,993 INFO   [EXPIRE] SAM-FP1020977 — Refurbish Wash Rack Floor - F129, Vance AFB, OK (due 2026-06-18 · SAM.gov)
2026-07-06 07:30:01,993 INFO   [EXPIRE] CRISP-867 — Roofing (due 2026-06-18 · Crisp Plan Room)
2026-07-06 07:30:01,993 INFO   [EXPIRE] CRISP-867 — Roofing (due 2026-06-18 · Crisp Plan Room)
2026-07-06 07:30:01,993 INFO   [EXPIRE] 444056064148 — Waste Recycling - Pumping Services for Used Oil and Rel (due 2026-06-18 · BidNet Direct)
2026-07-06 07:30:01,993 INFO   [EXPIRE] 444056064148 — Waste Recycling - Pumping Services for Used Oil and Rel (due 2026-06-18 · BidNet Direct)
2026-07-06 07:30:01,993 INFO   [EXPIRE] SOCAL-1205 — ALLAN HANCOCK COLLEGE BID NO. 26-04 LVC ROAD AND PARKIN (due 2026-06-18 · SoCal Plan Room)
2026-07-06 07:30:01,993 INFO   [EXPIRE] SOCAL-1205 — ALLAN HANCOCK COLLEGE BID NO. 26-04 LVC ROAD AND PARKIN (due 2026-06-18 · SoCal Plan Room)
2026-07-06 07:30:01,994 INFO   [EXPIRE] 444036648327 — Janitorial Cleaning Services (due 2026-06-18 · BidNet Direct)
2026-07-06 07:30:01,994 INFO   [EXPIRE] 444036648327 — Janitorial Cleaning Services (due 2026-06-18 · BidNet Direct)
2026-07-06 07:30:01,994 INFO   [EXPIRE] SAM-FA469026Q0029 — Dorm Carpet Cleaning (due 2026-06-18 · SAM.gov)
2026-07-06 07:30:01,994 INFO   [EXPIRE] SAM-FA469026Q0029 — Dorm Carpet Cleaning (due 2026-06-18 · SAM.gov)
2026-07-06 07:30:01,994 INFO   [EXPIRE] SAM-70Z03326QSEAT0006 — USCG Base Astoria Hanger Carpet and Flooring Project (due 2026-06-18 · SAM.gov)
2026-07-06 07:30:01,994 INFO   [EXPIRE] SAM-70Z03326QSEAT0006 — USCG Base Astoria Hanger Carpet and Flooring Project (due 2026-06-18 · SAM.gov)
2026-07-06 07:30:01,994 INFO   [EXPIRE] 444002617579 — Janitorial Services (due 2026-06-18 · BidNet Direct)
2026-07-06 07:30:01,994 INFO   [EXPIRE] 444002617579 — Janitorial Services (due 2026-06-18 · BidNet Direct)
2026-07-06 07:30:01,994 INFO   [EXPIRE] 444029924074 — Fire Restoration (due 2026-06-18 · BidNet Direct)
2026-07-06 07:30:01,994 INFO   [EXPIRE] 444029924074 — Fire Restoration (due 2026-06-18 · BidNet Direct)
2026-07-06 07:30:01,994 INFO   [EXPIRE] 444033108737 — Building and Site Demolition for 817 West Capitol Avenu (due 2026-06-18 · BidNet Direct)
2026-07-06 07:30:01,994 INFO   [EXPIRE] 444033108737 — Building and Site Demolition for 817 West Capitol Avenu (due 2026-06-18 · BidNet Direct)
2026-07-06 07:30:01,994 INFO   [EXPIRE] SAM-N0017826Q6793 — ACOUSTIC TILES PROFESSIONAL SERVICES (due 2026-06-18 · SAM.gov)
2026-07-06 07:30:01,994 INFO   [EXPIRE] SAM-N0017826Q6793 — ACOUSTIC TILES PROFESSIONAL SERVICES (due 2026-06-18 · SAM.gov)
2026-07-06 07:30:01,994 INFO   [EXPIRE] SAM-36C24826Q0574 — 7320--Conveyor Pizza Oven (due 2026-06-19 · SAM.gov)
2026-07-06 07:30:01,994 INFO   [EXPIRE] SAM-36C24826Q0574 — 7320--Conveyor Pizza Oven (due 2026-06-19 · SAM.gov)
2026-07-06 07:30:01,994 INFO   [EXPIRE] 444055064351 — CONSTRUCTION WASTE REMOVAL - MOJAVE (due 2026-06-19 · BidNet Direct)
2026-07-06 07:30:01,994 INFO   [EXPIRE] 444055064351 — CONSTRUCTION WASTE REMOVAL - MOJAVE (due 2026-06-19 · BidNet Direct)
2026-07-06 07:30:01,994 INFO   [EXPIRE] SAM-FA480026Q0056 — BLDG 1302 Carpet Replacement (due 2026-06-19 · SAM.gov)
2026-07-06 07:30:01,994 INFO   [EXPIRE] SAM-FA480026Q0056 — BLDG 1302 Carpet Replacement (due 2026-06-19 · SAM.gov)
2026-07-06 07:30:01,994 INFO   [EXPIRE] 444055021607 — CHAIRS, ERGONOMIC OFFICE (due 2026-06-19 · BidNet Direct)
2026-07-06 07:30:01,994 INFO   [EXPIRE] 444055021607 — CHAIRS, ERGONOMIC OFFICE (due 2026-06-19 · BidNet Direct)
2026-07-06 07:30:01,994 INFO   [EXPIRE] SAM-W911S226U3425 — ECO Blocks (due 2026-06-19 · SAM.gov)
2026-07-06 07:30:01,994 INFO   [EXPIRE] SAM-W911S226U3425 — ECO Blocks (due 2026-06-19 · SAM.gov)
2026-07-06 07:30:01,994 INFO   [EXPIRE] SAM-36C25026Q0468 — Z2DA--Install Compressor for SPS Cabinets 552-25-501 (due 2026-06-19 · SAM.gov)
2026-07-06 07:30:01,994 INFO   [EXPIRE] SAM-36C25026Q0468 — Z2DA--Install Compressor for SPS Cabinets 552-25-501 (due 2026-06-19 · SAM.gov)
2026-07-06 07:30:01,994 INFO   [EXPIRE] 444029729380 — Alameda Hospital 2030 Seismic and Operational Upgrades  (due 2026-06-19 · BidNet Direct)
2026-07-06 07:30:01,994 INFO   [EXPIRE] 444029729380 — Alameda Hospital 2030 Seismic and Operational Upgrades  (due 2026-06-19 · BidNet Direct)
2026-07-06 07:30:01,994 INFO   [EXPIRE] 444029729357 — Alameda Hospital 2030 Seismic and Operational Upgrades  (due 2026-06-19 · BidNet Direct)
2026-07-06 07:30:01,994 INFO   [EXPIRE] 444029729357 — Alameda Hospital 2030 Seismic and Operational Upgrades  (due 2026-06-19 · BidNet Direct)
2026-07-06 07:30:01,994 INFO   [EXPIRE] 444053099516 — Vehicle Conversion and Upfitting Services (due 2026-06-19 · BidNet Direct)
2026-07-06 07:30:01,994 INFO   [EXPIRE] 444053099516 — Vehicle Conversion and Upfitting Services (due 2026-06-19 · BidNet Direct)
2026-07-06 07:30:01,994 INFO   [EXPIRE] SAM-FY265281014 — Refurbish 138 KV OCB Breaker (due 2026-06-19 · SAM.gov)
2026-07-06 07:30:01,994 INFO   [EXPIRE] SAM-FY265281014 — Refurbish 138 KV OCB Breaker (due 2026-06-19 · SAM.gov)
2026-07-06 07:30:01,994 INFO   [EXPIRE] SAM-W911RX26BA005 — Ft. Bliss Kitchenette Remodeling (due 2026-06-19 · SAM.gov)
2026-07-06 07:30:01,994 INFO   [EXPIRE] SAM-W911RX26BA005 — Ft. Bliss Kitchenette Remodeling (due 2026-06-19 · SAM.gov)
2026-07-06 07:30:01,995 INFO   [EXPIRE] SAM-140A2326Q0174 — REPLACE WINDOW BLINDS - NENAHNEZAD (due 2026-06-20 · SAM.gov)
2026-07-06 07:30:01,995 INFO   [EXPIRE] SAM-140A2326Q0174 — REPLACE WINDOW BLINDS - NENAHNEZAD (due 2026-06-20 · SAM.gov)
2026-07-06 07:30:01,995 INFO   [EXPIRE] SAM-832674426 — Flooring Tile Epoxy Application Services (due 2026-06-22 · SAM.gov)
2026-07-06 07:30:01,995 INFO   [EXPIRE] SAM-832674426 — Flooring Tile Epoxy Application Services (due 2026-06-22 · SAM.gov)
2026-07-06 07:30:01,995 INFO   [EXPIRE] 444053399522 — Halon Fire System Services (due 2026-06-22 · BidNet Direct)
2026-07-06 07:30:01,995 INFO   [EXPIRE] 444053399522 — Halon Fire System Services (due 2026-06-22 · BidNet Direct)
2026-07-06 07:30:01,995 INFO   [EXPIRE] 444045730132 — Fire Station #2 Paint & Water Damage Remediation (due 2026-06-22 · BidNet Direct)
2026-07-06 07:30:01,995 INFO   [EXPIRE] 444045730132 — Fire Station #2 Paint & Water Damage Remediation (due 2026-06-22 · BidNet Direct)
2026-07-06 07:30:01,995 INFO   [EXPIRE] 444051317522 — MB GH HVAC Optimization (due 2026-06-22 · BidNet Direct)
2026-07-06 07:30:01,995 INFO   [EXPIRE] 444051317522 — MB GH HVAC Optimization (due 2026-06-22 · BidNet Direct)
2026-07-06 07:30:01,995 INFO   [EXPIRE] SAM-19SP5026Q0016 — SUPPLY AND INSTALLATION OF HARDWOOD FLOORS INCHIEF OF M (due 2026-06-22 · SAM.gov)
2026-07-06 07:30:01,995 INFO   [EXPIRE] SAM-19SP5026Q0016 — SUPPLY AND INSTALLATION OF HARDWOOD FLOORS INCHIEF OF M (due 2026-06-22 · SAM.gov)
2026-07-06 07:30:01,995 INFO   [EXPIRE] 444059197896 — Senior Grant Program Construction Rehabilitation Servic (due 2026-06-22 · BidNet Direct)
2026-07-06 07:30:01,995 INFO   [EXPIRE] 444059197896 — Senior Grant Program Construction Rehabilitation Servic (due 2026-06-22 · BidNet Direct)
2026-07-06 07:30:01,995 INFO   [EXPIRE] SAM-19SP5026Q0016QUESTIONSANDANSWERS1AMENDMENT1 — SUPPLY AND INSTALLATION OF HARDWOOD FLOORS IN CHIEF OF  (due 2026-06-22 · SAM.gov)
2026-07-06 07:30:01,995 INFO   [EXPIRE] SAM-19SP5026Q0016QUESTIONSANDANSWERS1AMENDMENT1 — SUPPLY AND INSTALLATION OF HARDWOOD FLOORS IN CHIEF OF  (due 2026-06-22 · SAM.gov)
2026-07-06 07:30:01,995 INFO   [EXPIRE] 2695968167 — Replace Halon System Control Panel, SAFR (due 2026-06-22 · BidNet Direct)
2026-07-06 07:30:01,995 INFO   [EXPIRE] 2695968167 — Replace Halon System Control Panel, SAFR (due 2026-06-22 · BidNet Direct)
2026-07-06 07:30:01,995 INFO   [EXPIRE] SAM-FA483026Q0038 — 38 RQS Dive Trailer (due 2026-06-22 · SAM.gov)
2026-07-06 07:30:01,995 INFO   [EXPIRE] SAM-FA483026Q0038 — 38 RQS Dive Trailer (due 2026-06-22 · SAM.gov)
2026-07-06 07:30:01,995 INFO   [EXPIRE] 444042531169 — Contra-Solano Septic (due 2026-06-23 · BidNet Direct)
2026-07-06 07:30:01,995 INFO   [EXPIRE] 444042531169 — Contra-Solano Septic (due 2026-06-23 · BidNet Direct)
2026-07-06 07:30:01,995 INFO   [EXPIRE] 444047971515 — Asbestos & Lead Paint Abatement Service (due 2026-06-23 · BidNet Direct)
2026-07-06 07:30:01,995 INFO   [EXPIRE] 444047971515 — Asbestos & Lead Paint Abatement Service (due 2026-06-23 · BidNet Direct)
2026-07-06 07:30:01,995 INFO   [EXPIRE] 444021460614 — Flooring Services (due 2026-06-23 · BidNet Direct)
2026-07-06 07:30:01,995 INFO   [EXPIRE] 444021460614 — Flooring Services (due 2026-06-23 · BidNet Direct)
2026-07-06 07:30:01,995 INFO   [EXPIRE] 444031270985 — LA SIERRA AND ARLANZA LIBRARIES CARPET INSTALLATION (due 2026-06-23 · BidNet Direct)
2026-07-06 07:30:01,995 INFO   [EXPIRE] 444031270985 — LA SIERRA AND ARLANZA LIBRARIES CARPET INSTALLATION (due 2026-06-23 · BidNet Direct)
2026-07-06 07:30:01,995 INFO   [EXPIRE] 444050760627 — Probation Department Vehicle (Chevrolet) (due 2026-06-23 · BidNet Direct)
2026-07-06 07:30:01,995 INFO   [EXPIRE] 444050760627 — Probation Department Vehicle (Chevrolet) (due 2026-06-23 · BidNet Direct)
2026-07-06 07:30:01,995 INFO   [EXPIRE] 443978751596 — Alameda Hospital 2030 Seismic and Operational Upgrades  (due 2026-06-24 · BidNet Direct)
2026-07-06 07:30:01,995 INFO   [EXPIRE] 443978751596 — Alameda Hospital 2030 Seismic and Operational Upgrades  (due 2026-06-24 · BidNet Direct)
2026-07-06 07:30:01,995 INFO   [EXPIRE] 2698119092 — SOURCES SOUGHT for Renovation of Community Living Cente (due 2026-06-24 · BidNet Direct)
2026-07-06 07:30:01,995 INFO   [EXPIRE] 2698119092 — SOURCES SOUGHT for Renovation of Community Living Cente (due 2026-06-24 · BidNet Direct)
2026-07-06 07:30:01,995 INFO   [EXPIRE] 444027631253 — Eagle Mountain Pumping Plant Interim Employee Housing R (due 2026-06-24 · BidNet Direct)
2026-07-06 07:30:01,995 INFO   [EXPIRE] 444027631253 — Eagle Mountain Pumping Plant Interim Employee Housing R (due 2026-06-24 · BidNet Direct)
2026-07-06 07:30:01,995 INFO   [EXPIRE] 444027631256 — Julian Hinds Pumping Plant Interim Employee Housing Reh (due 2026-06-24 · BidNet Direct)
2026-07-06 07:30:01,995 INFO   [EXPIRE] 444027631256 — Julian Hinds Pumping Plant Interim Employee Housing Reh (due 2026-06-24 · BidNet Direct)
2026-07-06 07:30:01,995 INFO   [EXPIRE] 444027631254 — Iron Mountain Pumping Plant Interim Employee Housing Re (due 2026-06-24 · BidNet Direct)
2026-07-06 07:30:01,995 INFO   [EXPIRE] 444027631254 — Iron Mountain Pumping Plant Interim Employee Housing Re (due 2026-06-24 · BidNet Direct)
2026-07-06 07:30:01,995 INFO   [EXPIRE] 444027535224 — Gene Pumping Plant Interim Employee Housing Rehabilitat (due 2026-06-24 · BidNet Direct)
2026-07-06 07:30:01,995 INFO   [EXPIRE] 444027535224 — Gene Pumping Plant Interim Employee Housing Rehabilitat (due 2026-06-24 · BidNet Direct)
2026-07-06 07:30:01,996 INFO   [EXPIRE] SAM-7571PS26Q00002 — Power Washing and Window Cleaning – National Institute  (due 2026-06-24 · SAM.gov)
2026-07-06 07:30:01,996 INFO   [EXPIRE] SAM-7571PS26Q00002 — Power Washing and Window Cleaning – National Institute  (due 2026-06-24 · SAM.gov)
2026-07-06 07:30:01,996 INFO   [EXPIRE] 444042228982 — Flooring Materials and Installation (due 2026-06-25 · BidNet Direct)
2026-07-06 07:30:01,996 INFO   [EXPIRE] 444042228982 — Flooring Materials and Installation (due 2026-06-25 · BidNet Direct)
2026-07-06 07:30:01,996 INFO   [EXPIRE] 444018425719 — McKee Fisk Anthropology Research Lab Retrofit Project (due 2026-06-25 · BidNet Direct)
2026-07-06 07:30:01,996 INFO   [EXPIRE] 444018425719 — McKee Fisk Anthropology Research Lab Retrofit Project (due 2026-06-25 · BidNet Direct)
2026-07-06 07:30:01,996 INFO   [EXPIRE] 444051322507 — Hyde Hospital Behavioral Health Renovation (due 2026-06-25 · BidNet Direct)
2026-07-06 07:30:01,996 INFO   [EXPIRE] 444051322507 — Hyde Hospital Behavioral Health Renovation (due 2026-06-25 · BidNet Direct)
2026-07-06 07:30:01,996 INFO   [EXPIRE] CRISP-869 — Outdoor Classroom and Campus Upgrade (due 2026-06-25 · Crisp Plan Room)
2026-07-06 07:30:01,996 INFO   [EXPIRE] CRISP-869 — Outdoor Classroom and Campus Upgrade (due 2026-06-25 · Crisp Plan Room)
2026-07-06 07:30:01,996 INFO   [EXPIRE] 444059197872 — METAL BUILDING, COLD FORMED (due 2026-06-25 · BidNet Direct)
2026-07-06 07:30:01,996 INFO   [EXPIRE] 444059197872 — METAL BUILDING, COLD FORMED (due 2026-06-25 · BidNet Direct)
2026-07-06 07:30:01,996 INFO   [EXPIRE] 444033202257 — Moving Services (due 2026-06-25 · BidNet Direct)
2026-07-06 07:30:01,996 INFO   [EXPIRE] 444033202257 — Moving Services (due 2026-06-25 · BidNet Direct)
2026-07-06 07:30:01,996 INFO   [EXPIRE] SAM-RFP-ACT-SACT-26-62 — NATO Business Opportunity: Custodial Services (due 2026-06-25 · SAM.gov)
2026-07-06 07:30:01,996 INFO   [EXPIRE] SAM-RFP-ACT-SACT-26-62 — NATO Business Opportunity: Custodial Services (due 2026-06-25 · SAM.gov)
2026-07-06 07:30:01,996 INFO   [EXPIRE] CRISP-873 — Westchester ESM - Softball Athletic Field Upgrade,Westc (due 2026-06-25 · Crisp Plan Room)
2026-07-06 07:30:01,996 INFO   [EXPIRE] CRISP-873 — Westchester ESM - Softball Athletic Field Upgrade,Westc (due 2026-06-25 · Crisp Plan Room)
2026-07-06 07:30:01,996 INFO   [EXPIRE] SAM-TPSRenovation — Renovation of the Thomas P. Stafford Building at the Mi (due 2026-06-25 · SAM.gov)
2026-07-06 07:30:01,996 INFO   [EXPIRE] SAM-TPSRenovation — Renovation of the Thomas P. Stafford Building at the Mi (due 2026-06-25 · SAM.gov)
2026-07-06 07:30:01,996 INFO   [EXPIRE] SAM-W911S226U3437 — Updated carpet squares/broadloom (due 2026-06-25 · SAM.gov)
2026-07-06 07:30:01,996 INFO   [EXPIRE] SAM-W911S226U3437 — Updated carpet squares/broadloom (due 2026-06-25 · SAM.gov)
2026-07-06 07:30:01,996 INFO   [EXPIRE] SAM-SS-Paintingsandcoatings-2026 — Sources Sought - Paintings & Coatings IDIQ - Edwards AF (due 2026-06-26 · SAM.gov)
2026-07-06 07:30:01,996 INFO   [EXPIRE] SAM-SS-Paintingsandcoatings-2026 — Sources Sought - Paintings & Coatings IDIQ - Edwards AF (due 2026-06-26 · SAM.gov)
2026-07-06 07:30:01,996 INFO   [EXPIRE] QB-2026-MOT-4 — Carpet and LVT Installation at Various Sites (due 2026-06-26 · Quality Bidders)
2026-07-06 07:30:01,996 INFO   [EXPIRE] QB-2026-MOT-4 — Carpet and LVT Installation at Various Sites (due 2026-06-26 · Quality Bidders)
2026-07-06 07:30:01,996 INFO   [EXPIRE] 444039035300 — Blinds for 200 W. Pontiac Way (due 2026-06-26 · BidNet Direct)
2026-07-06 07:30:01,996 INFO   [EXPIRE] 444039035300 — Blinds for 200 W. Pontiac Way (due 2026-06-26 · BidNet Direct)
2026-07-06 07:30:01,996 INFO   [EXPIRE] 444040689895 — Janitorial Services (due 2026-06-26 · BidNet Direct)
2026-07-06 07:30:01,996 INFO   [EXPIRE] 444040689895 — Janitorial Services (due 2026-06-26 · BidNet Direct)
2026-07-06 07:30:01,996 INFO   [EXPIRE] 2698948862 — Sources Sought - Paintings & Coatings IDIQ - Edwards AF (due 2026-06-26 · BidNet Direct)
2026-07-06 07:30:01,996 INFO   [EXPIRE] 2698948862 — Sources Sought - Paintings & Coatings IDIQ - Edwards AF (due 2026-06-26 · BidNet Direct)
2026-07-06 07:30:01,996 INFO   [EXPIRE] CRISP-872 — Alta Loma ES - Green Schoolyard Improvement (due 2026-06-26 · Crisp Plan Room)
2026-07-06 07:30:01,996 INFO   [EXPIRE] CRISP-872 — Alta Loma ES - Green Schoolyard Improvement (due 2026-06-26 · Crisp Plan Room)
2026-07-06 07:30:01,996 INFO   [EXPIRE] SAM-FA251726QA024 — SS - Airfield and Weather Flight Carpet Replacement (due 2026-06-26 · SAM.gov)
2026-07-06 07:30:01,996 INFO   [EXPIRE] SAM-FA251726QA024 — SS - Airfield and Weather Flight Carpet Replacement (due 2026-06-26 · SAM.gov)
2026-07-06 07:30:01,996 INFO   [EXPIRE] SAM-36C10D26Q0133 — 7110--Waco VR&E Office Furniture (due 2026-06-26 · SAM.gov)
2026-07-06 07:30:01,996 INFO   [EXPIRE] SAM-36C10D26Q0133 — 7110--Waco VR&E Office Furniture (due 2026-06-26 · SAM.gov)
2026-07-06 07:30:01,997 INFO   [EXPIRE] SAM-36C25026Q0657 — J045--Boiler Tuning Services at the Chalmers P Wylie VA (due 2026-06-26 · SAM.gov)
2026-07-06 07:30:01,997 INFO   [EXPIRE] SAM-36C25026Q0657 — J045--Boiler Tuning Services at the Chalmers P Wylie VA (due 2026-06-26 · SAM.gov)
2026-07-06 07:30:01,997 INFO   [EXPIRE] 444040630706 — Sage Crest Elevator Structural Repair Project (due 2026-06-27 · BidNet Direct)
2026-07-06 07:30:01,997 INFO   [EXPIRE] 444040630706 — Sage Crest Elevator Structural Repair Project (due 2026-06-27 · BidNet Direct)
2026-07-06 07:30:01,997 INFO   [EXPIRE] 444040630709 — Flooring Procurement and Installation (due 2026-06-27 · BidNet Direct)
2026-07-06 07:30:01,997 INFO   [EXPIRE] 444040630709 — Flooring Procurement and Installation (due 2026-06-27 · BidNet Direct)
2026-07-06 07:30:01,997 INFO   [EXPIRE] SAM-19NL80-26-Q-0015 — Carpet Removal and Parquet Installation Residential Pro (due 2026-06-29 · SAM.gov)
2026-07-06 07:30:01,997 INFO   [EXPIRE] SAM-19NL80-26-Q-0015 — Carpet Removal and Parquet Installation Residential Pro (due 2026-06-29 · SAM.gov)
2026-07-06 07:30:01,997 INFO   [EXPIRE] SAM-W50S9H26QA018 — VOLK FIELD BILLETING BLIND REPLACEMENT - MULTIPLE BUILD (due 2026-06-29 · SAM.gov)
2026-07-06 07:30:01,997 INFO   [EXPIRE] SAM-W50S9H26QA018 — VOLK FIELD BILLETING BLIND REPLACEMENT - MULTIPLE BUILD (due 2026-06-29 · SAM.gov)
2026-07-06 07:30:01,997 INFO   [EXPIRE] 2695054757 — Z2DB--Renovate Imaging and Catheterization Lab 570 21 2 (due 2026-06-29 · BidNet Direct)
2026-07-06 07:30:01,997 INFO   [EXPIRE] 2695054757 — Z2DB--Renovate Imaging and Catheterization Lab 570 21 2 (due 2026-06-29 · BidNet Direct)
2026-07-06 07:30:01,997 INFO   [EXPIRE] 2698083902 — Z2DA--Replacement of Ceiling Kitchen Area, Building 1,  (due 2026-06-29 · BidNet Direct)
2026-07-06 07:30:01,997 INFO   [EXPIRE] 2698083902 — Z2DA--Replacement of Ceiling Kitchen Area, Building 1,  (due 2026-06-29 · BidNet Direct)
2026-07-06 07:30:01,997 INFO   [EXPIRE] SAM-36C25526R0151 — Z1NZ--657A5-26-111, Triennial Electrical l MA FY27 NRM (due 2026-06-29 · SAM.gov)
2026-07-06 07:30:01,997 INFO   [EXPIRE] SAM-36C25526R0151 — Z1NZ--657A5-26-111, Triennial Electrical l MA FY27 NRM (due 2026-06-29 · SAM.gov)
2026-07-06 07:30:01,997 INFO   [EXPIRE] SAM-36C26226Q0763 — S214--Annual Carpet Cleaning Services (due 2026-06-30 · SAM.gov)
2026-07-06 07:30:01,997 INFO   [EXPIRE] SAM-36C26226Q0763 — S214--Annual Carpet Cleaning Services (due 2026-06-30 · SAM.gov)
2026-07-06 07:30:01,997 INFO   [EXPIRE] SAM-36C25926Q0486 — Z1DA--Demo, Remove, Replace Flooring 8N Mental Health (due 2026-06-30 · SAM.gov)
2026-07-06 07:30:01,997 INFO   [EXPIRE] SAM-36C25926Q0486 — Z1DA--Demo, Remove, Replace Flooring 8N Mental Health (due 2026-06-30 · SAM.gov)
2026-07-06 07:30:01,997 INFO   [EXPIRE] SAM-H9225726RE017 — Carpet Cleaning Services (due 2026-06-30 · SAM.gov)
2026-07-06 07:30:01,997 INFO   [EXPIRE] SAM-H9225726RE017 — Carpet Cleaning Services (due 2026-06-30 · SAM.gov)
2026-07-06 07:30:01,997 INFO   [EXPIRE] SAM-FY26R3161009 — Admin Building Janitorial Services (due 2026-06-30 · SAM.gov)
2026-07-06 07:30:01,997 INFO   [EXPIRE] SAM-FY26R3161009 — Admin Building Janitorial Services (due 2026-06-30 · SAM.gov)
2026-07-06 07:30:01,997 INFO   [EXPIRE] SOCAL-1152 — City of Oxnard Fiscal Year 25/26 Contractor’s Letter of (due 2026-06-30 · SoCal Plan Room)
2026-07-06 07:30:01,997 INFO   [EXPIRE] SOCAL-1152 — City of Oxnard Fiscal Year 25/26 Contractor’s Letter of (due 2026-06-30 · SoCal Plan Room)
2026-07-06 07:30:01,997 INFO   [EXPIRE] SAM-N40084-26-Q-4017 — REPLACEMENT OF WOOD PLASTIC COMPOSITE DECK FOR ALL FAMI (due 2026-06-30 · SAM.gov)
2026-07-06 07:30:01,997 INFO   [EXPIRE] SAM-N40084-26-Q-4017 — REPLACEMENT OF WOOD PLASTIC COMPOSITE DECK FOR ALL FAMI (due 2026-06-30 · SAM.gov)
2026-07-06 07:30:01,997 INFO   [EXPIRE] SAM-140P5326Q0025 — S--MACA - REPLACEMENT OF VC EXHIBIT CARPET (due 2026-06-30 · SAM.gov)
2026-07-06 07:30:01,997 INFO   [EXPIRE] SAM-140P5326Q0025 — S--MACA - REPLACEMENT OF VC EXHIBIT CARPET (due 2026-06-30 · SAM.gov)
2026-07-06 07:30:01,997 INFO   [EXPIRE] 444045730122 — On-Call General Maintenance Repair and Specialty Trade  (due 2026-06-30 · BidNet Direct)
2026-07-06 07:30:01,997 INFO   [EXPIRE] 444045730122 — On-Call General Maintenance Repair and Specialty Trade  (due 2026-06-30 · BidNet Direct)
2026-07-06 07:30:01,997 INFO   [EXPIRE] SAM-PAN047362 — FY26 State Funeral & Inauguration Tents (due 2026-06-30 · SAM.gov)
2026-07-06 07:30:01,997 INFO   [EXPIRE] SAM-PAN047362 — FY26 State Funeral & Inauguration Tents (due 2026-06-30 · SAM.gov)
2026-07-06 07:30:01,997 INFO   [EXPIRE] SAM-36C25726Q0476 — 6515--OR 2 LIGHTS CEILING-MOUNTED (due 2026-06-30 · SAM.gov)
2026-07-06 07:30:01,997 INFO   [EXPIRE] SAM-36C25726Q0476 — 6515--OR 2 LIGHTS CEILING-MOUNTED (due 2026-06-30 · SAM.gov)
2026-07-06 07:30:01,997 INFO   [EXPIRE] SAM-W91QF426Paint — Synopsis Paint Requirement Fort Leavenworth (due 2026-06-30 · SAM.gov)
2026-07-06 07:30:01,997 INFO   [EXPIRE] SAM-W91QF426Paint — Synopsis Paint Requirement Fort Leavenworth (due 2026-06-30 · SAM.gov)
2026-07-06 07:30:01,997 INFO   [EXPIRE] 444061198155 — DESIGN BUILD : VMC Small Animal Hospital (due 2026-07-01 · BidNet Direct)
2026-07-06 07:30:01,997 INFO   [EXPIRE] 444061198155 — DESIGN BUILD : VMC Small Animal Hospital (due 2026-07-01 · BidNet Direct)
2026-07-06 07:30:01,998 INFO   [EXPIRE] SAM-W50S8G26BA002 — Repair Building 1064 - Kirtland Air Force Base, New Mex (due 2026-07-01 · SAM.gov)
2026-07-06 07:30:01,998 INFO   [EXPIRE] SAM-W50S8G26BA002 — Repair Building 1064 - Kirtland Air Force Base, New Mex (due 2026-07-01 · SAM.gov)
2026-07-06 07:30:01,998 INFO   [EXPIRE] 444053344498 — Alpha & Bravo Boilers Maintenance (due 2026-07-01 · BidNet Direct)
2026-07-06 07:30:01,998 INFO   [EXPIRE] 444053344498 — Alpha & Bravo Boilers Maintenance (due 2026-07-01 · BidNet Direct)
2026-07-06 07:30:01,998 INFO   [EXPIRE] 444046475658 — EDHWWTP Anaerobic Digester #1 Cleaning Services (due 2026-07-01 · BidNet Direct)
2026-07-06 07:30:01,998 INFO   [EXPIRE] 444046475658 — EDHWWTP Anaerobic Digester #1 Cleaning Services (due 2026-07-01 · BidNet Direct)
2026-07-06 07:30:01,998 INFO   [EXPIRE] 444054899892 — Carpet Replacement and Installation Services (due 2026-07-01 · BidNet Direct)
2026-07-06 07:30:01,998 INFO   [EXPIRE] 444054899892 — Carpet Replacement and Installation Services (due 2026-07-01 · BidNet Direct)
2026-07-06 07:30:01,998 INFO   [EXPIRE] 444057881711 — Flooring Installation (due 2026-07-01 · BidNet Direct)
2026-07-06 07:30:01,998 INFO   [EXPIRE] 444057881711 — Flooring Installation (due 2026-07-01 · BidNet Direct)
2026-07-06 07:30:01,998 INFO   [EXPIRE] SAM-1232SA26Q0770 — Bldg. 89 Lab Renovations, Miami, FL (due 2026-07-02 · SAM.gov)
2026-07-06 07:30:01,998 INFO   [EXPIRE] SAM-1232SA26Q0770 — Bldg. 89 Lab Renovations, Miami, FL (due 2026-07-02 · SAM.gov)
2026-07-06 07:30:01,998 INFO   [EXPIRE] 444055079711 — City Council Chambers Renovation Improvements (due 2026-07-02 · BidNet Direct)
2026-07-06 07:30:01,998 INFO   [EXPIRE] 444055079711 — City Council Chambers Renovation Improvements (due 2026-07-02 · BidNet Direct)
2026-07-06 07:30:01,998 INFO   [EXPIRE] SAM-697DCK-26-R-00267 — Underground Utilities Improvement, Minneapolis Air Rout (due 2026-07-02 · SAM.gov)
2026-07-06 07:30:01,998 INFO   [EXPIRE] SAM-697DCK-26-R-00267 — Underground Utilities Improvement, Minneapolis Air Rout (due 2026-07-02 · SAM.gov)
2026-07-06 07:30:01,998 INFO   [EXPIRE] 444046484313 — City Hall Improvements – Building 4 Front Counter Remod (due 2026-07-02 · BidNet Direct)
2026-07-06 07:30:01,998 INFO   [EXPIRE] 444046484313 — City Hall Improvements – Building 4 Front Counter Remod (due 2026-07-02 · BidNet Direct)
2026-07-06 07:30:01,998 INFO   [EXPIRE] SAM-SLAC — SLAC FEH Optics Lab Construction Project (due 2026-07-02 · SAM.gov)
2026-07-06 07:30:01,998 INFO   [EXPIRE] SAM-SLAC — SLAC FEH Optics Lab Construction Project (due 2026-07-02 · SAM.gov)
2026-07-06 07:30:01,998 INFO   [EXPIRE] SAM-6010026003 — Change out leaking shower flooring (due 2026-07-02 · SAM.gov)
2026-07-06 07:30:01,998 INFO   [EXPIRE] SAM-6010026003 — Change out leaking shower flooring (due 2026-07-02 · SAM.gov)
2026-07-06 07:30:01,998 INFO   [EXPIRE] 2667361247 — Retail Space to Lease - Los Angeles (due 2026-07-03 · BidNet Direct)
2026-07-06 07:30:01,998 INFO   [EXPIRE] 2667361247 — Retail Space to Lease - Los Angeles (due 2026-07-03 · BidNet Direct)
2026-07-06 07:30:01,998 INFO   [EXPIRE] SAM-36C25626R0074 — Z1DA--586-22-703 EHRM TASS Construction (due 2026-07-03 · SAM.gov)
2026-07-06 07:30:01,998 INFO   [EXPIRE] SAM-36C25626R0074 — Z1DA--586-22-703 EHRM TASS Construction (due 2026-07-03 · SAM.gov)
2026-07-06 07:30:01,998 INFO   [EXPIRE] SAM-PANMCC25P0000016028 — IDIQ FLOORING (due 2026-07-03 · SAM.gov)
2026-07-06 07:30:01,998 INFO   [EXPIRE] SAM-PANMCC25P0000016028 — IDIQ FLOORING (due 2026-07-03 · SAM.gov)
2026-07-06 07:30:01,998 INFO   [EXPIRE] SAM-36C26226Q1028 — 7320--Replacement Conveyor Dishwasher (due 2026-07-03 · SAM.gov)
2026-07-06 07:30:01,998 INFO   [EXPIRE] SAM-36C26226Q1028 — 7320--Replacement Conveyor Dishwasher (due 2026-07-03 · SAM.gov)
2026-07-06 07:30:01,998 INFO   [EXPIRE] SAM-DACA095260083000 — Retail Space to Lease - Los Angeles (due 2026-07-04 · SAM.gov)
2026-07-06 07:30:01,998 INFO   [EXPIRE] SAM-DACA095260083000 — Retail Space to Lease - Los Angeles (due 2026-07-04 · SAM.gov)
2026-07-06 07:30:02,492 INFO HTTP Request: PATCH https://obrqnthgqczkhffbsbac.supabase.co/rest/v1/bids?bid_id=in.%28SAM-PANNGB-26-P-0000-036589%2CSAM-36C24126Q0572%2CQB-PHS2026-%23001%2C2695153697%2CSAM-W50S9A26SA011%2CSAM-19AR2026Q0027%2CCRISP-870%2C444056087081%2C444028217346%2C444028582344%2C444038967853%2CSAM-36C24626Q0647%2C444057776370%2CSAM-FA527026PKA02%2CCRISP-868%2C444047038306%2CSAM-Bern%2C444056346493%2C2693238902%2C444021433255%2CSAM-W911SG26RA011%2C444033276385%2C444006625444%2CSAM-FP1020977%2CCRISP-867%2C444056064148%2CSOCAL-1205%2C444036648327%2CSAM-FA469026Q0029%2CSAM-70Z03326QSEAT0006%2C444002617579%2C444029924074%2C444033108737%2CSAM-N0017826Q6793%2CSAM-36C24826Q0574%2C444055064351%2CSAM-FA480026Q0056%2C444055021607%2CSAM-W911S226U3425%2CSAM-36C25026Q0468%2C444029729380%2C444029729357%2C444053099516%2CSAM-FY265281014%2CSAM-W911RX26BA005%2CSAM-140A2326Q0174%2CSAM-832674426%2C444053399522%2C444045730132%2C444051317522%2CSAM-19SP5026Q0016%2C444059197896%2CSAM-19SP5026Q0016QUESTIONSANDANSWERS1AMENDMENT1%2C2695968167%2CSAM-FA483026Q0038%2C444042531169%2C444047971515%2C444021460614%2C444031270985%2C444050760627%2C443978751596%2C2698119092%2C444027631253%2C444027631256%2C444027631254%2C444027535224%2CSAM-7571PS26Q00002%2C444042228982%2C444018425719%2C444051322507%2CCRISP-869%2C444059197872%2C444033202257%2CSAM-RFP-ACT-SACT-26-62%2CCRISP-873%2CSAM-TPSRenovation%2CSAM-W911S226U3437%2CSAM-SS-Paintingsandcoatings-2026%2CQB-2026-MOT-4%2C444039035300%2C444040689895%2C2698948862%2CCRISP-872%2CSAM-FA251726QA024%2CSAM-36C10D26Q0133%2CSAM-36C25026Q0657%2C444040630706%2C444040630709%2CSAM-19NL80-26-Q-0015%2CSAM-W50S9H26QA018%2C2695054757%2C2698083902%2CSAM-36C25526R0151%2CSAM-36C26226Q0763%2CSAM-36C25926Q0486%2CSAM-H9225726RE017%2CSAM-FY26R3161009%2CSOCAL-1152%2CSAM-N40084-26-Q-4017%2CSAM-140P5326Q0025%29 "HTTP/2 200 OK"
2026-07-06 07:30:02,492 INFO HTTP Request: PATCH https://obrqnthgqczkhffbsbac.supabase.co/rest/v1/bids?bid_id=in.%28SAM-PANNGB-26-P-0000-036589%2CSAM-36C24126Q0572%2CQB-PHS2026-%23001%2C2695153697%2CSAM-W50S9A26SA011%2CSAM-19AR2026Q0027%2CCRISP-870%2C444056087081%2C444028217346%2C444028582344%2C444038967853%2CSAM-36C24626Q0647%2C444057776370%2CSAM-FA527026PKA02%2CCRISP-868%2C444047038306%2CSAM-Bern%2C444056346493%2C2693238902%2C444021433255%2CSAM-W911SG26RA011%2C444033276385%2C444006625444%2CSAM-FP1020977%2CCRISP-867%2C444056064148%2CSOCAL-1205%2C444036648327%2CSAM-FA469026Q0029%2CSAM-70Z03326QSEAT0006%2C444002617579%2C444029924074%2C444033108737%2CSAM-N0017826Q6793%2CSAM-36C24826Q0574%2C444055064351%2CSAM-FA480026Q0056%2C444055021607%2CSAM-W911S226U3425%2CSAM-36C25026Q0468%2C444029729380%2C444029729357%2C444053099516%2CSAM-FY265281014%2CSAM-W911RX26BA005%2CSAM-140A2326Q0174%2CSAM-832674426%2C444053399522%2C444045730132%2C444051317522%2CSAM-19SP5026Q0016%2C444059197896%2CSAM-19SP5026Q0016QUESTIONSANDANSWERS1AMENDMENT1%2C2695968167%2CSAM-FA483026Q0038%2C444042531169%2C444047971515%2C444021460614%2C444031270985%2C444050760627%2C443978751596%2C2698119092%2C444027631253%2C444027631256%2C444027631254%2C444027535224%2CSAM-7571PS26Q00002%2C444042228982%2C444018425719%2C444051322507%2CCRISP-869%2C444059197872%2C444033202257%2CSAM-RFP-ACT-SACT-26-62%2CCRISP-873%2CSAM-TPSRenovation%2CSAM-W911S226U3437%2CSAM-SS-Paintingsandcoatings-2026%2CQB-2026-MOT-4%2C444039035300%2C444040689895%2C2698948862%2CCRISP-872%2CSAM-FA251726QA024%2CSAM-36C10D26Q0133%2CSAM-36C25026Q0657%2C444040630706%2C444040630709%2CSAM-19NL80-26-Q-0015%2CSAM-W50S9H26QA018%2C2695054757%2C2698083902%2CSAM-36C25526R0151%2CSAM-36C26226Q0763%2CSAM-36C25926Q0486%2CSAM-H9225726RE017%2CSAM-FY26R3161009%2CSOCAL-1152%2CSAM-N40084-26-Q-4017%2CSAM-140P5326Q0025%29 "HTTP/2 200 OK"
2026-07-06 07:30:02,902 INFO HTTP Request: PATCH https://obrqnthgqczkhffbsbac.supabase.co/rest/v1/bids?bid_id=in.%28444045730122%2CSAM-PAN047362%2CSAM-36C25726Q0476%2CSAM-W91QF426Paint%2C444061198155%2CSAM-W50S8G26BA002%2C444053344498%2C444046475658%2C444054899892%2C444057881711%2CSAM-1232SA26Q0770%2C444055079711%2CSAM-697DCK-26-R-00267%2C444046484313%2CSAM-SLAC%2CSAM-6010026003%2C2667361247%2CSAM-36C25626R0074%2CSAM-PANMCC25P0000016028%2CSAM-36C26226Q1028%2CSAM-DACA095260083000%29 "HTTP/2 200 OK"
2026-07-06 07:30:02,902 INFO HTTP Request: PATCH https://obrqnthgqczkhffbsbac.supabase.co/rest/v1/bids?bid_id=in.%28444045730122%2CSAM-PAN047362%2CSAM-36C25726Q0476%2CSAM-W91QF426Paint%2C444061198155%2CSAM-W50S8G26BA002%2C444053344498%2C444046475658%2C444054899892%2C444057881711%2CSAM-1232SA26Q0770%2C444055079711%2CSAM-697DCK-26-R-00267%2C444046484313%2CSAM-SLAC%2CSAM-6010026003%2C2667361247%2CSAM-36C25626R0074%2CSAM-PANMCC25P0000016028%2CSAM-36C26226Q1028%2CSAM-DACA095260083000%29 "HTTP/2 200 OK"
2026-07-06 07:30:02,906 INFO Expired 121 bid(s)
2026-07-06 07:30:02,906 INFO Expired 121 bid(s)
2026-07-06 07:30:03,721 INFO HTTP Request: GET https://obrqnthgqczkhffbsbac.supabase.co/rest/v1/bids?select=bid_id%2Ctitle%2Cbid_status&is_relevant=eq.True&bid_status=in.%28no_bid%2Cexpired%29 "HTTP/2 200 OK"
2026-07-06 07:30:03,721 INFO HTTP Request: GET https://obrqnthgqczkhffbsbac.supabase.co/rest/v1/bids?select=bid_id%2Ctitle%2Cbid_status&is_relevant=eq.True&bid_status=in.%28no_bid%2Cexpired%29 "HTTP/2 200 OK"
2026-07-06 07:30:03,722 INFO No manually-closed bids to sync
2026-07-06 07:30:03,722 INFO No manually-closed bids to sync
✓ Expired 121 past-due bids
2026-07-07 07:30:03,358 INFO HTTP Request: GET https://obrqnthgqczkhffbsbac.supabase.co/rest/v1/bids?select=bid_id%2Ctitle%2Cagency%2Cdue_date%2Csource&due_date=lt.2026-07-07&bid_status=neq.expired "HTTP/2 200 OK"
2026-07-07 07:30:03,358 INFO HTTP Request: GET https://obrqnthgqczkhffbsbac.supabase.co/rest/v1/bids?select=bid_id%2Ctitle%2Cagency%2Cdue_date%2Csource&due_date=lt.2026-07-07&bid_status=neq.expired "HTTP/2 200 OK"
2026-07-07 07:30:03,361 INFO Found 7 past-due bid(s)
2026-07-07 07:30:03,361 INFO Found 7 past-due bid(s)
2026-07-07 07:30:03,362 INFO   [EXPIRE] 444059163451 — Floor Repair, Inspection, and Replacement Services (due 2026-07-06 · BidNet Direct)
2026-07-07 07:30:03,362 INFO   [EXPIRE] 444059163451 — Floor Repair, Inspection, and Replacement Services (due 2026-07-06 · BidNet Direct)
2026-07-07 07:30:03,362 INFO   [EXPIRE] 444052858727 — CITYWIDE JANITORIAL SERVICES (due 2026-07-06 · BidNet Direct)
2026-07-07 07:30:03,362 INFO   [EXPIRE] 444052858727 — CITYWIDE JANITORIAL SERVICES (due 2026-07-06 · BidNet Direct)
2026-07-07 07:30:03,362 INFO   [EXPIRE] SAM-FA452826R0001 — Minot AFB Flooring MACC FY26 (due 2026-07-06 · SAM.gov)
2026-07-07 07:30:03,362 INFO   [EXPIRE] SAM-FA452826R0001 — Minot AFB Flooring MACC FY26 (due 2026-07-06 · SAM.gov)
2026-07-07 07:30:03,362 INFO   [EXPIRE] SAM-70Z03326QSEAT0008 — Station Chetco River Replacement Flooring (due 2026-07-06 · SAM.gov)
2026-07-07 07:30:03,362 INFO   [EXPIRE] SAM-70Z03326QSEAT0008 — Station Chetco River Replacement Flooring (due 2026-07-06 · SAM.gov)
2026-07-07 07:30:03,362 INFO   [EXPIRE] 444049416354 — Construction of the Temporary Animal Shelter (due 2026-07-06 · BidNet Direct)
2026-07-07 07:30:03,362 INFO   [EXPIRE] 444049416354 — Construction of the Temporary Animal Shelter (due 2026-07-06 · BidNet Direct)
2026-07-07 07:30:03,362 INFO   [EXPIRE] SAM-246-26-Q-0027 — Desktop Power Centers & Modular Room Dividers (due 2026-07-06 · SAM.gov)
2026-07-07 07:30:03,362 INFO   [EXPIRE] SAM-246-26-Q-0027 — Desktop Power Centers & Modular Room Dividers (due 2026-07-06 · SAM.gov)
2026-07-07 07:30:03,362 INFO   [EXPIRE] SAM-36C25626Q0974 — 6515--NOI SS Overhead Patient Ceiling Lifts (due 2026-07-06 · SAM.gov)
2026-07-07 07:30:03,362 INFO   [EXPIRE] SAM-36C25626Q0974 — 6515--NOI SS Overhead Patient Ceiling Lifts (due 2026-07-06 · SAM.gov)
2026-07-07 07:30:03,867 INFO HTTP Request: PATCH https://obrqnthgqczkhffbsbac.supabase.co/rest/v1/bids?bid_id=in.%28444059163451%2C444052858727%2CSAM-FA452826R0001%2CSAM-70Z03326QSEAT0008%2C444049416354%2CSAM-246-26-Q-0027%2CSAM-36C25626Q0974%29 "HTTP/2 200 OK"
2026-07-07 07:30:03,867 INFO HTTP Request: PATCH https://obrqnthgqczkhffbsbac.supabase.co/rest/v1/bids?bid_id=in.%28444059163451%2C444052858727%2CSAM-FA452826R0001%2CSAM-70Z03326QSEAT0008%2C444049416354%2CSAM-246-26-Q-0027%2CSAM-36C25626Q0974%29 "HTTP/2 200 OK"
2026-07-07 07:30:03,870 INFO Expired 7 bid(s)
2026-07-07 07:30:03,870 INFO Expired 7 bid(s)
2026-07-07 07:30:04,687 INFO HTTP Request: GET https://obrqnthgqczkhffbsbac.supabase.co/rest/v1/bids?select=bid_id%2Ctitle%2Cbid_status&is_relevant=eq.True&bid_status=in.%28no_bid%2Cexpired%29 "HTTP/2 200 OK"
2026-07-07 07:30:04,687 INFO HTTP Request: GET https://obrqnthgqczkhffbsbac.supabase.co/rest/v1/bids?select=bid_id%2Ctitle%2Cbid_status&is_relevant=eq.True&bid_status=in.%28no_bid%2Cexpired%29 "HTTP/2 200 OK"
2026-07-07 07:30:04,688 INFO No manually-closed bids to sync
2026-07-07 07:30:04,688 INFO No manually-closed bids to sync
✓ Expired 7 past-due bids
2026-07-08 07:30:07,709 INFO HTTP Request: GET https://obrqnthgqczkhffbsbac.supabase.co/rest/v1/bids?select=bid_id%2Ctitle%2Cagency%2Cdue_date%2Csource&due_date=lt.2026-07-08&bid_status=neq.expired "HTTP/2 200 OK"
2026-07-08 07:30:07,709 INFO HTTP Request: GET https://obrqnthgqczkhffbsbac.supabase.co/rest/v1/bids?select=bid_id%2Ctitle%2Cagency%2Cdue_date%2Csource&due_date=lt.2026-07-08&bid_status=neq.expired "HTTP/2 200 OK"
2026-07-08 07:30:07,712 INFO Found 8 past-due bid(s)
2026-07-08 07:30:07,712 INFO Found 8 past-due bid(s)
2026-07-08 07:30:07,712 INFO   [EXPIRE] CRISP-871 — Utah Span School - ADA Improvements (due 2026-07-07 · Crisp Plan Room)
2026-07-08 07:30:07,712 INFO   [EXPIRE] CRISP-871 — Utah Span School - ADA Improvements (due 2026-07-07 · Crisp Plan Room)
2026-07-08 07:30:07,712 INFO   [EXPIRE] SAM-FA663326QA007 — Replace Carpet Multiple Buildings (due 2026-07-07 · SAM.gov)
2026-07-08 07:30:07,712 INFO   [EXPIRE] SAM-FA663326QA007 — Replace Carpet Multiple Buildings (due 2026-07-07 · SAM.gov)
2026-07-08 07:30:07,712 INFO   [EXPIRE] 444080940396 — FLOORING - GRAY/BLACK, 48" X 39.37 ' X 0.12", NORAPLAN  (due 2026-07-07 · BidNet Direct)
2026-07-08 07:30:07,712 INFO   [EXPIRE] 444080940396 — FLOORING - GRAY/BLACK, 48" X 39.37 ' X 0.12", NORAPLAN  (due 2026-07-07 · BidNet Direct)
2026-07-08 07:30:07,713 INFO   [EXPIRE] SAM-N6264926Q0389 — LSD-47 CHEMICAL-RESISTANT FLOORING IN 03-29-0-L; REPLAC (due 2026-07-07 · SAM.gov)
2026-07-08 07:30:07,713 INFO   [EXPIRE] SAM-N6264926Q0389 — LSD-47 CHEMICAL-RESISTANT FLOORING IN 03-29-0-L; REPLAC (due 2026-07-07 · SAM.gov)
2026-07-08 07:30:07,713 INFO   [EXPIRE] SAM-N6264926Q0310-S — LSD-47 2PK CHEMICAL-RESISTANT FLOORING IN 2-25-1-L; INS (due 2026-07-07 · SAM.gov)
2026-07-08 07:30:07,713 INFO   [EXPIRE] SAM-N6264926Q0310-S — LSD-47 2PK CHEMICAL-RESISTANT FLOORING IN 2-25-1-L; INS (due 2026-07-07 · SAM.gov)
2026-07-08 07:30:07,713 INFO   [EXPIRE] SAM-2026 — Request For Information- Ammunition Bunker Expansion (due 2026-07-07 · SAM.gov)
2026-07-08 07:30:07,713 INFO   [EXPIRE] SAM-2026 — Request For Information- Ammunition Bunker Expansion (due 2026-07-07 · SAM.gov)
2026-07-08 07:30:07,713 INFO   [EXPIRE] 444081088751 — ADHESIVE - FLOOR, JOHNSONITE 996, PART A & B (due 2026-07-07 · BidNet Direct)
2026-07-08 07:30:07,713 INFO   [EXPIRE] 444081088751 — ADHESIVE - FLOOR, JOHNSONITE 996, PART A & B (due 2026-07-07 · BidNet Direct)
2026-07-08 07:30:07,713 INFO   [EXPIRE] 444080940397 — STRIP - FLOOR, LUMINESCENT, NO ADHESIVE, FLAT TOP, 1" W (due 2026-07-07 · BidNet Direct)
2026-07-08 07:30:07,713 INFO   [EXPIRE] 444080940397 — STRIP - FLOOR, LUMINESCENT, NO ADHESIVE, FLAT TOP, 1" W (due 2026-07-07 · BidNet Direct)
2026-07-08 07:30:09,241 INFO HTTP Request: PATCH https://obrqnthgqczkhffbsbac.supabase.co/rest/v1/bids?bid_id=in.%28CRISP-871%2CSAM-FA663326QA007%2C444080940396%2CSAM-N6264926Q0389%2CSAM-N6264926Q0310-S%2CSAM-2026%2C444081088751%2C444080940397%29 "HTTP/2 200 OK"
2026-07-08 07:30:09,241 INFO HTTP Request: PATCH https://obrqnthgqczkhffbsbac.supabase.co/rest/v1/bids?bid_id=in.%28CRISP-871%2CSAM-FA663326QA007%2C444080940396%2CSAM-N6264926Q0389%2CSAM-N6264926Q0310-S%2CSAM-2026%2C444081088751%2C444080940397%29 "HTTP/2 200 OK"
2026-07-08 07:30:09,244 INFO Expired 8 bid(s)
2026-07-08 07:30:09,244 INFO Expired 8 bid(s)
2026-07-08 07:30:10,368 INFO HTTP Request: GET https://obrqnthgqczkhffbsbac.supabase.co/rest/v1/bids?select=bid_id%2Ctitle%2Cbid_status&is_relevant=eq.True&bid_status=in.%28no_bid%2Cexpired%29 "HTTP/2 200 OK"
2026-07-08 07:30:10,368 INFO HTTP Request: GET https://obrqnthgqczkhffbsbac.supabase.co/rest/v1/bids?select=bid_id%2Ctitle%2Cbid_status&is_relevant=eq.True&bid_status=in.%28no_bid%2Cexpired%29 "HTTP/2 200 OK"
2026-07-08 07:30:10,370 INFO No manually-closed bids to sync
2026-07-08 07:30:10,370 INFO No manually-closed bids to sync
✓ Expired 8 past-due bids
2026-07-09 07:30:02,738 INFO HTTP Request: GET https://obrqnthgqczkhffbsbac.supabase.co/rest/v1/bids?select=bid_id%2Ctitle%2Cagency%2Cdue_date%2Csource&due_date=lt.2026-07-09&bid_status=neq.expired "HTTP/2 200 OK"
2026-07-09 07:30:02,738 INFO HTTP Request: GET https://obrqnthgqczkhffbsbac.supabase.co/rest/v1/bids?select=bid_id%2Ctitle%2Cagency%2Cdue_date%2Csource&due_date=lt.2026-07-09&bid_status=neq.expired "HTTP/2 200 OK"
2026-07-09 07:30:02,742 INFO Found 12 past-due bid(s)
2026-07-09 07:30:02,742 INFO Found 12 past-due bid(s)
2026-07-09 07:30:02,742 INFO   [EXPIRE] 444061449816 — DSA Inspector Services (due 2026-07-08 · BidNet Direct)
2026-07-09 07:30:02,742 INFO   [EXPIRE] 444061449816 — DSA Inspector Services (due 2026-07-08 · BidNet Direct)
2026-07-09 07:30:02,742 INFO   [EXPIRE] CRISP-876 — Outdoor Classroom (due 2026-07-08 · Crisp Plan Room)
2026-07-09 07:30:02,742 INFO   [EXPIRE] CRISP-876 — Outdoor Classroom (due 2026-07-08 · Crisp Plan Room)
2026-07-09 07:30:02,742 INFO   [EXPIRE] 444055057272 — Animal Care & Adoption Center – Admin Building Resinous (due 2026-07-08 · BidNet Direct)
2026-07-09 07:30:02,742 INFO   [EXPIRE] 444055057272 — Animal Care & Adoption Center – Admin Building Resinous (due 2026-07-08 · BidNet Direct)
2026-07-09 07:30:02,743 INFO   [EXPIRE] 444046413668 — Airport Multipurpose Building - Phase II (due 2026-07-08 · BidNet Direct)
2026-07-09 07:30:02,743 INFO   [EXPIRE] 444046413668 — Airport Multipurpose Building - Phase II (due 2026-07-08 · BidNet Direct)
2026-07-09 07:30:02,743 INFO   [EXPIRE] SAM-N6264926Q0392 — MCM-14 Chemical-Resistant Flooring in 1-59-3-Q; Replace (due 2026-07-08 · SAM.gov)
2026-07-09 07:30:02,743 INFO   [EXPIRE] SAM-N6264926Q0392 — MCM-14 Chemical-Resistant Flooring in 1-59-3-Q; Replace (due 2026-07-08 · SAM.gov)
2026-07-09 07:30:02,743 INFO   [EXPIRE] 444085679787 — COVERING - FLOOR, BELLOWS, COMPLETE (due 2026-07-08 · BidNet Direct)
2026-07-09 07:30:02,743 INFO   [EXPIRE] 444085679787 — COVERING - FLOOR, BELLOWS, COMPLETE (due 2026-07-08 · BidNet Direct)
2026-07-09 07:30:02,743 INFO   [EXPIRE] 444070805697 — CARPET TILE AND ADHESIVE (due 2026-07-08 · BidNet Direct)
2026-07-09 07:30:02,743 INFO   [EXPIRE] 444070805697 — CARPET TILE AND ADHESIVE (due 2026-07-08 · BidNet Direct)
2026-07-09 07:30:02,743 INFO   [EXPIRE] CRISP-866 — Roofing Replacement Project (due 2026-07-08 · Crisp Plan Room)
2026-07-09 07:30:02,743 INFO   [EXPIRE] CRISP-866 — Roofing Replacement Project (due 2026-07-08 · Crisp Plan Room)
2026-07-09 07:30:02,743 INFO   [EXPIRE] SAM-140P6326Q0020 — Nicodemus National Historic Site Refinish Township (due 2026-07-08 · SAM.gov)
2026-07-09 07:30:02,743 INFO   [EXPIRE] SAM-140P6326Q0020 — Nicodemus National Historic Site Refinish Township (due 2026-07-08 · SAM.gov)
2026-07-09 07:30:02,743 INFO   [EXPIRE] 444078117259 — WANTED TO LEASE BY THE STATE OF CALIFORNIA - Salinas (due 2026-07-08 · BidNet Direct)
2026-07-09 07:30:02,743 INFO   [EXPIRE] 444078117259 — WANTED TO LEASE BY THE STATE OF CALIFORNIA - Salinas (due 2026-07-08 · BidNet Direct)
2026-07-09 07:30:02,743 INFO   [EXPIRE] 444064177948 — CHP Hollister-Gilroy – Janitorial Services (due 2026-07-08 · BidNet Direct)
2026-07-09 07:30:02,743 INFO   [EXPIRE] 444064177948 — CHP Hollister-Gilroy – Janitorial Services (due 2026-07-08 · BidNet Direct)
2026-07-09 07:30:02,743 INFO   [EXPIRE] SAM-12FPC326Q0021 — NRCS-Ohio Gliatta Wetland Reserve Easement (WRE) Restor (due 2026-07-08 · SAM.gov)
2026-07-09 07:30:02,743 INFO   [EXPIRE] SAM-12FPC326Q0021 — NRCS-Ohio Gliatta Wetland Reserve Easement (WRE) Restor (due 2026-07-08 · SAM.gov)
2026-07-09 07:30:03,249 INFO HTTP Request: PATCH https://obrqnthgqczkhffbsbac.supabase.co/rest/v1/bids?bid_id=in.%28444061449816%2CCRISP-876%2C444055057272%2C444046413668%2CSAM-N6264926Q0392%2C444085679787%2C444070805697%2CCRISP-866%2CSAM-140P6326Q0020%2C444078117259%2C444064177948%2CSAM-12FPC326Q0021%29 "HTTP/2 200 OK"
2026-07-09 07:30:03,249 INFO HTTP Request: PATCH https://obrqnthgqczkhffbsbac.supabase.co/rest/v1/bids?bid_id=in.%28444061449816%2CCRISP-876%2C444055057272%2C444046413668%2CSAM-N6264926Q0392%2C444085679787%2C444070805697%2CCRISP-866%2CSAM-140P6326Q0020%2C444078117259%2C444064177948%2CSAM-12FPC326Q0021%29 "HTTP/2 200 OK"
2026-07-09 07:30:03,252 INFO Expired 12 bid(s)
2026-07-09 07:30:03,252 INFO Expired 12 bid(s)
2026-07-09 07:30:03,659 INFO HTTP Request: GET https://obrqnthgqczkhffbsbac.supabase.co/rest/v1/bids?select=bid_id%2Ctitle%2Cbid_status&is_relevant=eq.True&bid_status=in.%28no_bid%2Cexpired%29 "HTTP/2 200 OK"
2026-07-09 07:30:03,659 INFO HTTP Request: GET https://obrqnthgqczkhffbsbac.supabase.co/rest/v1/bids?select=bid_id%2Ctitle%2Cbid_status&is_relevant=eq.True&bid_status=in.%28no_bid%2Cexpired%29 "HTTP/2 200 OK"
2026-07-09 07:30:03,662 INFO No manually-closed bids to sync
2026-07-09 07:30:03,662 INFO No manually-closed bids to sync
✓ Expired 12 past-due bids
2026-07-29 07:30:06,789 INFO HTTP Request: GET https://obrqnthgqczkhffbsbac.supabase.co/rest/v1/bids?select=bid_id%2Ctitle%2Cagency%2Cdue_date%2Csource&due_date=lt.2026-07-29&bid_status=neq.expired "HTTP/2 200 OK"
2026-07-29 07:30:06,789 INFO HTTP Request: GET https://obrqnthgqczkhffbsbac.supabase.co/rest/v1/bids?select=bid_id%2Ctitle%2Cagency%2Cdue_date%2Csource&due_date=lt.2026-07-29&bid_status=neq.expired "HTTP/2 200 OK"
2026-07-29 07:30:06,796 INFO Found 99 past-due bid(s)
2026-07-29 07:30:06,796 INFO Found 99 past-due bid(s)
2026-07-29 07:30:06,796 INFO   [EXPIRE] SAM-N6264926Q0439 — USS TRIPOLI(LHA-7) CHEMICAL RESISTANT FLOORING; REFURFA (due 2026-07-15 · SAM.gov)
2026-07-29 07:30:06,796 INFO   [EXPIRE] SAM-N6264926Q0439 — USS TRIPOLI(LHA-7) CHEMICAL RESISTANT FLOORING; REFURFA (due 2026-07-15 · SAM.gov)
2026-07-29 07:30:06,796 INFO   [EXPIRE] SAM-36C24926Q0290 — S214--36C249-26-AP-2401 - Carpet Cleaning Contract (due 2026-07-13 · SAM.gov)
2026-07-29 07:30:06,796 INFO   [EXPIRE] SAM-36C24926Q0290 — S214--36C249-26-AP-2401 - Carpet Cleaning Contract (due 2026-07-13 · SAM.gov)
2026-07-29 07:30:06,797 INFO   [EXPIRE] SAM-FA521526Q0027 — 647 FSS Flooring (due 2026-07-18 · SAM.gov)
2026-07-29 07:30:06,797 INFO   [EXPIRE] SAM-FA521526Q0027 — 647 FSS Flooring (due 2026-07-18 · SAM.gov)
2026-07-29 07:30:06,797 INFO   [EXPIRE] SAM-N6264926Q1115 — LSD-47, CHEMICAL RESISTANT FLOORING IN 02-43-2-L; REPAI (due 2026-07-16 · SAM.gov)
2026-07-29 07:30:06,797 INFO   [EXPIRE] SAM-N6264926Q1115 — LSD-47, CHEMICAL RESISTANT FLOORING IN 02-43-2-L; REPAI (due 2026-07-16 · SAM.gov)
2026-07-29 07:30:06,797 INFO   [EXPIRE] 2705668112 — Palomar Ranger District Janitorial (due 2026-07-21 · BidNet Direct)
2026-07-29 07:30:06,797 INFO   [EXPIRE] 2705668112 — Palomar Ranger District Janitorial (due 2026-07-21 · BidNet Direct)
2026-07-29 07:30:06,797 INFO   [EXPIRE] 2705800202 — Mess Attendant Services USCG Base Los Angeles/Long Beac (due 2026-07-24 · BidNet Direct)
2026-07-29 07:30:06,797 INFO   [EXPIRE] 2705800202 — Mess Attendant Services USCG Base Los Angeles/Long Beac (due 2026-07-24 · BidNet Direct)
2026-07-29 07:30:06,797 INFO   [EXPIRE] 444053099528 — Janitorial Services For City Facilities (due 2026-07-09 · BidNet Direct)
2026-07-29 07:30:06,797 INFO   [EXPIRE] 444053099528 — Janitorial Services For City Facilities (due 2026-07-09 · BidNet Direct)
2026-07-29 07:30:06,797 INFO   [EXPIRE] 444055021650 — Fire Station Restroom Upgrades (due 2026-07-21 · BidNet Direct)
2026-07-29 07:30:06,797 INFO   [EXPIRE] 444055021650 — Fire Station Restroom Upgrades (due 2026-07-21 · BidNet Direct)
2026-07-29 07:30:06,797 INFO   [EXPIRE] 2704212317 — Flooring Materials for Yosemite NP (due 2026-07-10 · BidNet Direct)
2026-07-29 07:30:06,797 INFO   [EXPIRE] 2704212317 — Flooring Materials for Yosemite NP (due 2026-07-10 · BidNet Direct)
2026-07-29 07:30:06,797 INFO   [EXPIRE] 2704224047 — 37260PR260000011 - Sector Los Angeles Long Beach - Comm (due 2026-07-10 · BidNet Direct)
2026-07-29 07:30:06,797 INFO   [EXPIRE] 2704224047 — 37260PR260000011 - Sector Los Angeles Long Beach - Comm (due 2026-07-10 · BidNet Direct)
2026-07-29 07:30:06,797 INFO   [EXPIRE] SAM-36C25726Q0722 — CTX Chapel Carpet Replacement (due 2026-07-20 · SAM.gov)
2026-07-29 07:30:06,797 INFO   [EXPIRE] SAM-36C25726Q0722 — CTX Chapel Carpet Replacement (due 2026-07-20 · SAM.gov)
2026-07-29 07:30:06,797 INFO   [EXPIRE] SAM-FA303026R0006 — B334 Repair Kitchen Flooring (due 2026-07-20 · SAM.gov)
2026-07-29 07:30:06,797 INFO   [EXPIRE] SAM-FA303026R0006 — B334 Repair Kitchen Flooring (due 2026-07-20 · SAM.gov)
2026-07-29 07:30:06,797 INFO   [EXPIRE] 444059154066 — Building 1600 VRF Replacement at Las Positas College (due 2026-07-22 · BidNet Direct)
2026-07-29 07:30:06,797 INFO   [EXPIRE] 444059154066 — Building 1600 VRF Replacement at Las Positas College (due 2026-07-22 · BidNet Direct)
2026-07-29 07:30:06,798 INFO   [EXPIRE] 444085737322 — After-hours Janitorial services - REDWOOD CITY DMV (due 2026-07-24 · BidNet Direct)
2026-07-29 07:30:06,798 INFO   [EXPIRE] 444085737322 — After-hours Janitorial services - REDWOOD CITY DMV (due 2026-07-24 · BidNet Direct)
2026-07-29 07:30:06,798 INFO   [EXPIRE] SAM-BKTZ242011 — 118th Wing Repair Auditorium & 2nd Floor Restroom (due 2026-07-10 · SAM.gov)
2026-07-29 07:30:06,798 INFO   [EXPIRE] SAM-BKTZ242011 — 118th Wing Repair Auditorium & 2nd Floor Restroom (due 2026-07-10 · SAM.gov)
2026-07-29 07:30:06,798 INFO   [EXPIRE] 444085755183 — Janitorial Services in Contra Costa County (due 2026-07-22 · BidNet Direct)
2026-07-29 07:30:06,798 INFO   [EXPIRE] 444085755183 — Janitorial Services in Contra Costa County (due 2026-07-22 · BidNet Direct)
2026-07-29 07:30:06,798 INFO   [EXPIRE] 444058878430 — Sunnydale Market at Amani TI (due 2026-07-16 · BidNet Direct)
2026-07-29 07:30:06,798 INFO   [EXPIRE] 444058878430 — Sunnydale Market at Amani TI (due 2026-07-16 · BidNet Direct)
2026-07-29 07:30:06,798 INFO   [EXPIRE] 444058777369 — ARCHITECTURAL CONCEPTUAL DESIGN SERVICES OF PROPOSED IM (due 2026-07-20 · BidNet Direct)
2026-07-29 07:30:06,798 INFO   [EXPIRE] 444058777369 — ARCHITECTURAL CONCEPTUAL DESIGN SERVICES OF PROPOSED IM (due 2026-07-20 · BidNet Direct)
2026-07-29 07:30:06,798 INFO   [EXPIRE] SAM-140P4526R0028 — MASI, CARPET REPLACEMENT AT FEDERAL HALL (due 2026-07-20 · SAM.gov)
2026-07-29 07:30:06,798 INFO   [EXPIRE] SAM-140P4526R0028 — MASI, CARPET REPLACEMENT AT FEDERAL HALL (due 2026-07-20 · SAM.gov)
2026-07-29 07:30:06,798 INFO   [EXPIRE] SAM-H92295-26-Q-B010 — Combined Synopsis/Solicitation for B6 Security Renovati (due 2026-07-09 · SAM.gov)
2026-07-29 07:30:06,798 INFO   [EXPIRE] SAM-H92295-26-Q-B010 — Combined Synopsis/Solicitation for B6 Security Renovati (due 2026-07-09 · SAM.gov)
2026-07-29 07:30:06,798 INFO   [EXPIRE] SAM-W50S6N26QA022P — Pre-Solicitation Notice B1502 Renovation (due 2026-07-09 · SAM.gov)
2026-07-29 07:30:06,798 INFO   [EXPIRE] SAM-W50S6N26QA022P — Pre-Solicitation Notice B1502 Renovation (due 2026-07-09 · SAM.gov)
2026-07-29 07:30:06,798 INFO   [EXPIRE] 444078117264 — Asbestos Testing Services (due 2026-07-10 · BidNet Direct)
2026-07-29 07:30:06,798 INFO   [EXPIRE] 444078117264 — Asbestos Testing Services (due 2026-07-10 · BidNet Direct)
2026-07-29 07:30:06,798 INFO   [EXPIRE] 444069287502 — After-Hours Janitorial Services at the Manteca DMV Fiel (due 2026-07-14 · BidNet Direct)
2026-07-29 07:30:06,798 INFO   [EXPIRE] 444069287502 — After-Hours Janitorial Services at the Manteca DMV Fiel (due 2026-07-14 · BidNet Direct)
2026-07-29 07:30:06,798 INFO   [EXPIRE] 2700441632 — Building Exterior Repair Project – FDA Pacific Southwes (due 2026-07-20 · BidNet Direct)
2026-07-29 07:30:06,798 INFO   [EXPIRE] 2700441632 — Building Exterior Repair Project – FDA Pacific Southwes (due 2026-07-20 · BidNet Direct)
2026-07-29 07:30:06,798 INFO   [EXPIRE] CRISP-874 — FF&E at Einstein Academy Elementary School (due 2026-07-23 · Crisp Plan Room)
2026-07-29 07:30:06,798 INFO   [EXPIRE] CRISP-874 — FF&E at Einstein Academy Elementary School (due 2026-07-23 · Crisp Plan Room)
2026-07-29 07:30:06,799 INFO   [EXPIRE] SAM-36C25726Q0431 — Z1DA--36C257-26-AP-2152 | Replace LVT Flooring (Amarill (due 2026-07-20 · SAM.gov)
2026-07-29 07:30:06,799 INFO   [EXPIRE] SAM-36C25726Q0431 — Z1DA--36C257-26-AP-2152 | Replace LVT Flooring (Amarill (due 2026-07-20 · SAM.gov)
2026-07-29 07:30:06,799 INFO   [EXPIRE] 444058777399 — Public Works - Vehicle Washing Services (due 2026-07-23 · BidNet Direct)
2026-07-29 07:30:06,799 INFO   [EXPIRE] 444058777399 — Public Works - Vehicle Washing Services (due 2026-07-23 · BidNet Direct)
2026-07-29 07:30:06,799 INFO   [EXPIRE] 444072226408 — Window Washing Services (due 2026-07-22 · BidNet Direct)
2026-07-29 07:30:06,799 INFO   [EXPIRE] 444072226408 — Window Washing Services (due 2026-07-22 · BidNet Direct)
2026-07-29 07:30:06,799 INFO   [EXPIRE] SAM-FA665626B0003 — ZQEL 22-0006 Renovate B301 (due 2026-07-22 · SAM.gov)
2026-07-29 07:30:06,799 INFO   [EXPIRE] SAM-FA665626B0003 — ZQEL 22-0006 Renovate B301 (due 2026-07-22 · SAM.gov)
2026-07-29 07:30:06,799 INFO   [EXPIRE] CRISP-882 — MILLER HVAC REPLACEMENT (due 2026-07-23 · Crisp Plan Room)
2026-07-29 07:30:06,799 INFO   [EXPIRE] CRISP-882 — MILLER HVAC REPLACEMENT (due 2026-07-23 · Crisp Plan Room)
2026-07-29 07:30:06,799 INFO   [EXPIRE] SAM-PR16019314 — Renovation work at the Consulate Frankfurt (due 2026-07-14 · SAM.gov)
2026-07-29 07:30:06,799 INFO   [EXPIRE] SAM-PR16019314 — Renovation work at the Consulate Frankfurt (due 2026-07-14 · SAM.gov)
2026-07-29 07:30:06,799 INFO   [EXPIRE] 444081951764 — OUTFITTING OF TWO (2) 2026 FORD SUPER DUTY F-250 XL (RE (due 2026-07-15 · BidNet Direct)
2026-07-29 07:30:06,799 INFO   [EXPIRE] 444081951764 — OUTFITTING OF TWO (2) 2026 FORD SUPER DUTY F-250 XL (RE (due 2026-07-15 · BidNet Direct)
2026-07-29 07:30:06,799 INFO   [EXPIRE] 444082056243 — On-Call General Contractor for Minor Construction and R (due 2026-07-16 · BidNet Direct)
2026-07-29 07:30:06,799 INFO   [EXPIRE] 444082056243 — On-Call General Contractor for Minor Construction and R (due 2026-07-16 · BidNet Direct)
2026-07-29 07:30:06,799 INFO   [EXPIRE] 444029551476 — TEC Modernization Addition (due 2026-07-21 · BidNet Direct)
2026-07-29 07:30:06,799 INFO   [EXPIRE] 444029551476 — TEC Modernization Addition (due 2026-07-21 · BidNet Direct)
2026-07-29 07:30:06,799 INFO   [EXPIRE] SAM-W911SG26BA006 — B2474 Kitchenettes (due 2026-07-24 · SAM.gov)
2026-07-29 07:30:06,799 INFO   [EXPIRE] SAM-W911SG26BA006 — B2474 Kitchenettes (due 2026-07-24 · SAM.gov)
2026-07-29 07:30:06,799 INFO   [EXPIRE] 444078117263 — Huntington Beach Field Office - Cleaning and janitorial (due 2026-07-10 · BidNet Direct)
2026-07-29 07:30:06,799 INFO   [EXPIRE] 444078117263 — Huntington Beach Field Office - Cleaning and janitorial (due 2026-07-10 · BidNet Direct)
2026-07-29 07:30:06,799 INFO   [EXPIRE] SAM-FA461026Q0150 — 30 CPTS Carpet 10577 (due 2026-07-21 · SAM.gov)
2026-07-29 07:30:06,799 INFO   [EXPIRE] SAM-FA461026Q0150 — 30 CPTS Carpet 10577 (due 2026-07-21 · SAM.gov)
2026-07-29 07:30:06,799 INFO   [EXPIRE] CRISP-864 — Furnish and Assemble Furniture, Fixtures, and Equipment (due 2026-07-23 · Crisp Plan Room)
2026-07-29 07:30:06,799 INFO   [EXPIRE] CRISP-864 — Furnish and Assemble Furniture, Fixtures, and Equipment (due 2026-07-23 · Crisp Plan Room)
2026-07-29 07:30:06,800 INFO   [EXPIRE] SAM-36C24526Q0601 — N036--SPS Sterilizers (due 2026-07-15 · SAM.gov)
2026-07-29 07:30:06,800 INFO   [EXPIRE] SAM-36C24526Q0601 — N036--SPS Sterilizers (due 2026-07-15 · SAM.gov)
2026-07-29 07:30:06,800 INFO   [EXPIRE] SAM-36C25026B0033 — Y1AB--Stabilize/Improve Building 120 - 552-21-102 (due 2026-07-15 · SAM.gov)
2026-07-29 07:30:06,800 INFO   [EXPIRE] SAM-36C25026B0033 — Y1AB--Stabilize/Improve Building 120 - 552-21-102 (due 2026-07-15 · SAM.gov)
2026-07-29 07:30:06,800 INFO   [EXPIRE] SAM-FA309926Q0016 — Laughlin AFB - Bldg 308 Carpet Replacement (due 2026-07-22 · SAM.gov)
2026-07-29 07:30:06,800 INFO   [EXPIRE] SAM-FA309926Q0016 — Laughlin AFB - Bldg 308 Carpet Replacement (due 2026-07-22 · SAM.gov)
2026-07-29 07:30:06,800 INFO   [EXPIRE] SAM-W91QF426Pool — Synopsis Grant Pool at Fort leavenworth (due 2026-07-15 · SAM.gov)
2026-07-29 07:30:06,800 INFO   [EXPIRE] SAM-W91QF426Pool — Synopsis Grant Pool at Fort leavenworth (due 2026-07-15 · SAM.gov)
2026-07-29 07:30:06,800 INFO   [EXPIRE] SAM-W50S6T26QA028 — Renovate Fitness Room (due 2026-07-17 · SAM.gov)
2026-07-29 07:30:06,800 INFO   [EXPIRE] SAM-W50S6T26QA028 — Renovate Fitness Room (due 2026-07-17 · SAM.gov)
2026-07-29 07:30:06,800 INFO   [EXPIRE] SAM-19PK4026Q5016 — 19PK4026Q5016 - PR16122102 - Carpets for SDA Apartments (due 2026-07-24 · SAM.gov)
2026-07-29 07:30:06,800 INFO   [EXPIRE] SAM-19PK4026Q5016 — 19PK4026Q5016 - PR16122102 - Carpets for SDA Apartments (due 2026-07-24 · SAM.gov)
2026-07-29 07:30:06,800 INFO   [EXPIRE] SAM-N6278926Q1002 — Mobile Hydrostatic Testing of SCOTT 3M Self-Contained B (due 2026-07-17 · SAM.gov)
2026-07-29 07:30:06,800 INFO   [EXPIRE] SAM-N6278926Q1002 — Mobile Hydrostatic Testing of SCOTT 3M Self-Contained B (due 2026-07-17 · SAM.gov)
2026-07-29 07:30:06,800 INFO   [EXPIRE] CRISP-883 — New Staircases (due 2026-07-24 · Crisp Plan Room)
2026-07-29 07:30:06,800 INFO   [EXPIRE] CRISP-883 — New Staircases (due 2026-07-24 · Crisp Plan Room)
2026-07-29 07:30:06,800 INFO   [EXPIRE] 2704175597 — CDDAR - Crashed, Damaged, or Disabled Aircraft Recovery (due 2026-07-15 · BidNet Direct)
2026-07-29 07:30:06,800 INFO   [EXPIRE] 2704175597 — CDDAR - Crashed, Damaged, or Disabled Aircraft Recovery (due 2026-07-15 · BidNet Direct)
2026-07-29 07:30:06,800 INFO   [EXPIRE] SAM-70Z03326Q2019000006 — U.S. Coast Guard Station Quillayute River Communication (due 2026-07-23 · SAM.gov)
2026-07-29 07:30:06,800 INFO   [EXPIRE] SAM-70Z03326Q2019000006 — U.S. Coast Guard Station Quillayute River Communication (due 2026-07-23 · SAM.gov)
2026-07-29 07:30:06,800 INFO   [EXPIRE] 444072153554 — CHP SANTA CRUZ AREA OFFICE - Janitorial Services (due 2026-07-16 · BidNet Direct)
2026-07-29 07:30:06,800 INFO   [EXPIRE] 444072153554 — CHP SANTA CRUZ AREA OFFICE - Janitorial Services (due 2026-07-16 · BidNet Direct)
2026-07-29 07:30:06,800 INFO   [EXPIRE] SAM-36C25226Q0575 — Conex Storage - 40FT Containers with 2 Doors (10) Deliv (due 2026-07-17 · SAM.gov)
2026-07-29 07:30:06,800 INFO   [EXPIRE] SAM-36C25226Q0575 — Conex Storage - 40FT Containers with 2 Doors (10) Deliv (due 2026-07-17 · SAM.gov)
2026-07-29 07:30:06,800 INFO   [EXPIRE] 444050859323 — Riverside Energy Resources Center (RERC) Reclaim Water  (due 2026-07-09 · BidNet Direct)
2026-07-29 07:30:06,800 INFO   [EXPIRE] 444050859323 — Riverside Energy Resources Center (RERC) Reclaim Water  (due 2026-07-09 · BidNet Direct)
2026-07-29 07:30:06,801 INFO   [EXPIRE] SAM-PR16068545 — Request for Pricing Proposal – Replacement of carpeting (due 2026-07-10 · SAM.gov)
2026-07-29 07:30:06,801 INFO   [EXPIRE] SAM-PR16068545 — Request for Pricing Proposal – Replacement of carpeting (due 2026-07-10 · SAM.gov)
2026-07-29 07:30:06,801 INFO   [EXPIRE] 444062882410 — Carpet Replacement Services (due 2026-07-14 · BidNet Direct)
2026-07-29 07:30:06,801 INFO   [EXPIRE] 444062882410 — Carpet Replacement Services (due 2026-07-14 · BidNet Direct)
2026-07-29 07:30:06,801 INFO   [EXPIRE] SAM-W912DR26QA051 — Janitorial and Carpet Cleaning Services (due 2026-07-14 · SAM.gov)
2026-07-29 07:30:06,801 INFO   [EXPIRE] SAM-W912DR26QA051 — Janitorial and Carpet Cleaning Services (due 2026-07-14 · SAM.gov)
2026-07-29 07:30:06,801 INFO   [EXPIRE] CRISP-884 — Halldale ES. ADA Improvements (due 2026-07-21 · Crisp Plan Room)
2026-07-29 07:30:06,801 INFO   [EXPIRE] CRISP-884 — Halldale ES. ADA Improvements (due 2026-07-21 · Crisp Plan Room)
2026-07-29 07:30:06,801 INFO   [EXPIRE] SAM-W9128F26QA001 — UBRO Office Renovation (due 2026-07-17 · SAM.gov)
2026-07-29 07:30:06,801 INFO   [EXPIRE] SAM-W9128F26QA001 — UBRO Office Renovation (due 2026-07-17 · SAM.gov)
2026-07-29 07:30:06,801 INFO   [EXPIRE] 444045444035 — DPH - 451 Vanderbilt 1st Floor Buildout (due 2026-07-23 · BidNet Direct)
2026-07-29 07:30:06,801 INFO   [EXPIRE] 444045444035 — DPH - 451 Vanderbilt 1st Floor Buildout (due 2026-07-23 · BidNet Direct)
2026-07-29 07:30:06,801 INFO   [EXPIRE] 444080712006 — CONSTRUCTION MANAGEMENT & INSPECTION SERVICES CAPITAL I (due 2026-07-23 · BidNet Direct)
2026-07-29 07:30:06,801 INFO   [EXPIRE] 444080712006 — CONSTRUCTION MANAGEMENT & INSPECTION SERVICES CAPITAL I (due 2026-07-23 · BidNet Direct)
2026-07-29 07:30:06,801 INFO   [EXPIRE] SAM-36C24126Q0535 — 6530--Guldmann Ceiling Lift Upgrade Phase 2 Bedford VAM (due 2026-07-13 · SAM.gov)
2026-07-29 07:30:06,801 INFO   [EXPIRE] SAM-36C24126Q0535 — 6530--Guldmann Ceiling Lift Upgrade Phase 2 Bedford VAM (due 2026-07-13 · SAM.gov)
2026-07-29 07:30:06,801 INFO   [EXPIRE] SAM-PR16052230 — F-FRA carpet stock request @ COB (due 2026-07-20 · SAM.gov)
2026-07-29 07:30:06,801 INFO   [EXPIRE] SAM-PR16052230 — F-FRA carpet stock request @ COB (due 2026-07-20 · SAM.gov)
2026-07-29 07:30:06,801 INFO   [EXPIRE] SAM-W50S9A26QA012 — Raised Access Flooring Tiles (due 2026-07-21 · SAM.gov)
2026-07-29 07:30:06,801 INFO   [EXPIRE] SAM-W50S9A26QA012 — Raised Access Flooring Tiles (due 2026-07-21 · SAM.gov)
2026-07-29 07:30:06,801 INFO   [EXPIRE] SAM-FA460026B1000CARPET — B1000 Carpet Replacement (due 2026-07-21 · SAM.gov)
2026-07-29 07:30:06,801 INFO   [EXPIRE] SAM-FA460026B1000CARPET — B1000 Carpet Replacement (due 2026-07-21 · SAM.gov)
2026-07-29 07:30:06,801 INFO   [EXPIRE] SAM-N0042126Q1266 — P/N: REFURB59575.75400, QTY 1. (due 2026-07-10 · SAM.gov)
2026-07-29 07:30:06,801 INFO   [EXPIRE] SAM-N0042126Q1266 — P/N: REFURB59575.75400, QTY 1. (due 2026-07-10 · SAM.gov)
2026-07-29 07:30:06,801 INFO   [EXPIRE] 444086840563 — On-Call Maintenance Services List (due 2026-07-20 · BidNet Direct)
2026-07-29 07:30:06,801 INFO   [EXPIRE] 444086840563 — On-Call Maintenance Services List (due 2026-07-20 · BidNet Direct)
2026-07-29 07:30:06,801 INFO   [EXPIRE] CRISP-877 — Green Schoolyard Improvement (due 2026-07-09 · Crisp Plan Room)
2026-07-29 07:30:06,801 INFO   [EXPIRE] CRISP-877 — Green Schoolyard Improvement (due 2026-07-09 · Crisp Plan Room)
2026-07-29 07:30:06,801 INFO   [EXPIRE] 444053099517 — Service and Maintenance of ID Bureau Digital Imaging Eq (due 2026-07-15 · BidNet Direct)
2026-07-29 07:30:06,801 INFO   [EXPIRE] 444053099517 — Service and Maintenance of ID Bureau Digital Imaging Eq (due 2026-07-15 · BidNet Direct)
2026-07-29 07:30:06,802 INFO   [EXPIRE] 444053586159 — Fire Station 43 – Apparatus Bay and Exterior Repaint (due 2026-07-23 · BidNet Direct)
2026-07-29 07:30:06,802 INFO   [EXPIRE] 444053586159 — Fire Station 43 – Apparatus Bay and Exterior Repaint (due 2026-07-23 · BidNet Direct)
2026-07-29 07:30:06,802 INFO   [EXPIRE] 444062505820 — Janitorial Services (due 2026-07-14 · BidNet Direct)
2026-07-29 07:30:06,802 INFO   [EXPIRE] 444062505820 — Janitorial Services (due 2026-07-14 · BidNet Direct)
2026-07-29 07:30:06,802 INFO   [EXPIRE] SAM-140FS126Q0120 — S--WA-RIDGEFIELD NWR JANITORIAL SERVICES (due 2026-07-20 · SAM.gov)
2026-07-29 07:30:06,802 INFO   [EXPIRE] SAM-140FS126Q0120 — S--WA-RIDGEFIELD NWR JANITORIAL SERVICES (due 2026-07-20 · SAM.gov)
2026-07-29 07:30:06,802 INFO   [EXPIRE] SAM-36C25526Q0510 — Z2DA--589A7-23-306 Renovate Bldg. 5 & 5B for Mental Hea (due 2026-07-21 · SAM.gov)
2026-07-29 07:30:06,802 INFO   [EXPIRE] SAM-36C25526Q0510 — Z2DA--589A7-23-306 Renovate Bldg. 5 & 5B for Mental Hea (due 2026-07-21 · SAM.gov)
2026-07-29 07:30:06,802 INFO   [EXPIRE] 444082056236 — SALT LAKE BUILDING RENOVATION PROJECT (due 2026-07-17 · BidNet Direct)
2026-07-29 07:30:06,802 INFO   [EXPIRE] 444082056236 — SALT LAKE BUILDING RENOVATION PROJECT (due 2026-07-17 · BidNet Direct)
2026-07-29 07:30:06,802 INFO   [EXPIRE] SAM-N0018926QL255 — Exhibit Space Preparation for Naval History and Heritag (due 2026-07-24 · SAM.gov)
2026-07-29 07:30:06,802 INFO   [EXPIRE] SAM-N0018926QL255 — Exhibit Space Preparation for Naval History and Heritag (due 2026-07-24 · SAM.gov)
2026-07-29 07:30:06,802 INFO   [EXPIRE] SAM-FA282326QA108 — B100 Deep Clean (due 2026-07-24 · SAM.gov)
2026-07-29 07:30:06,802 INFO   [EXPIRE] SAM-FA282326QA108 — B100 Deep Clean (due 2026-07-24 · SAM.gov)
2026-07-29 07:30:06,802 INFO   [EXPIRE] SAM-75F40126R00047 — Building Exterior Repair Project – FDA Pacific Southwes (due 2026-07-27 · SAM.gov)
2026-07-29 07:30:06,802 INFO   [EXPIRE] SAM-75F40126R00047 — Building Exterior Repair Project – FDA Pacific Southwes (due 2026-07-27 · SAM.gov)
2026-07-29 07:30:06,802 INFO   [EXPIRE] SAM-36C24426Q0805 — 6530--Medication Workstation Carts and BCMA Scanners (due 2026-07-27 · SAM.gov)
2026-07-29 07:30:06,802 INFO   [EXPIRE] SAM-36C24426Q0805 — 6530--Medication Workstation Carts and BCMA Scanners (due 2026-07-27 · SAM.gov)
2026-07-29 07:30:06,802 INFO   [EXPIRE] 444104798832 — Five (5) Chevy Traverses LT AWD, New, Unused (due 2026-07-28 · BidNet Direct)
2026-07-29 07:30:06,802 INFO   [EXPIRE] 444104798832 — Five (5) Chevy Traverses LT AWD, New, Unused (due 2026-07-28 · BidNet Direct)
2026-07-29 07:30:06,802 INFO   [EXPIRE] 444085679781 — Fire and Intrusion Alarm Monitoring, Annual Fire Alarm  (due 2026-07-20 · BidNet Direct)
2026-07-29 07:30:06,802 INFO   [EXPIRE] 444085679781 — Fire and Intrusion Alarm Monitoring, Annual Fire Alarm  (due 2026-07-20 · BidNet Direct)
2026-07-29 07:30:06,802 INFO   [EXPIRE] SOCAL-1206 — HESD #23-24-03 Hollywood Beach ES New Modular Classroom (due 2026-07-24 · SoCal Plan Room)
2026-07-29 07:30:06,802 INFO   [EXPIRE] SOCAL-1206 — HESD #23-24-03 Hollywood Beach ES New Modular Classroom (due 2026-07-24 · SoCal Plan Room)
2026-07-29 07:30:06,802 INFO   [EXPIRE] CRISP-881 — PA System and Site Security Upgrades at Keiller Leaders (due 2026-07-24 · Crisp Plan Room)
2026-07-29 07:30:06,802 INFO   [EXPIRE] CRISP-881 — PA System and Site Security Upgrades at Keiller Leaders (due 2026-07-24 · Crisp Plan Room)
2026-07-29 07:30:06,802 INFO   [EXPIRE] SAM-70Z03326Q2019000003 — REPLACE CARPET FLOORING AT UNITED STATES COAST GUARD FD (due 2026-07-11 · SAM.gov)
2026-07-29 07:30:06,802 INFO   [EXPIRE] SAM-70Z03326Q2019000003 — REPLACE CARPET FLOORING AT UNITED STATES COAST GUARD FD (due 2026-07-11 · SAM.gov)
2026-07-29 07:30:06,802 INFO   [EXPIRE] 444033202284 — TORRANCE TRANSIT FACILITY FIRST AND SECOND FLOOR RENOVA (due 2026-07-09 · BidNet Direct)
2026-07-29 07:30:06,802 INFO   [EXPIRE] 444033202284 — TORRANCE TRANSIT FACILITY FIRST AND SECOND FLOOR RENOVA (due 2026-07-09 · BidNet Direct)
2026-07-29 07:30:06,802 INFO   [EXPIRE] 2705026787 — Replace Flooring and Paint Interior Spaces In Building  (due 2026-07-23 · BidNet Direct)
2026-07-29 07:30:06,802 INFO   [EXPIRE] 2705026787 — Replace Flooring and Paint Interior Spaces In Building  (due 2026-07-23 · BidNet Direct)
2026-07-29 07:30:06,802 INFO   [EXPIRE] SAM-70Z03326Q2019000007 — U.S. Coast Guard Station Quillayute River Main Building (due 2026-07-25 · SAM.gov)
2026-07-29 07:30:06,802 INFO   [EXPIRE] SAM-70Z03326Q2019000007 — U.S. Coast Guard Station Quillayute River Main Building (due 2026-07-25 · SAM.gov)
2026-07-29 07:30:06,803 INFO   [EXPIRE] SAM-36C24526B0003 — Z1DA-- Halls and Walls (SECVA) - Construction Project N (due 2026-07-09 · SAM.gov)
2026-07-29 07:30:06,803 INFO   [EXPIRE] SAM-36C24526B0003 — Z1DA-- Halls and Walls (SECVA) - Construction Project N (due 2026-07-09 · SAM.gov)
2026-07-29 07:30:06,803 INFO   [EXPIRE] SAM-36C26027R0002 — Y1DA--CON NRM 531-25-102 | Expand Emergency Room (due 2026-07-10 · SAM.gov)
2026-07-29 07:30:06,803 INFO   [EXPIRE] SAM-36C26027R0002 — Y1DA--CON NRM 531-25-102 | Expand Emergency Room (due 2026-07-10 · SAM.gov)
2026-07-29 07:30:06,803 INFO   [EXPIRE] 444073630612 — REBID BEHAVIORAL HEALTH SERVICES (BHS) EL CENTRO MENTAL (due 2026-07-10 · BidNet Direct)
2026-07-29 07:30:06,803 INFO   [EXPIRE] 444073630612 — REBID BEHAVIORAL HEALTH SERVICES (BHS) EL CENTRO MENTAL (due 2026-07-10 · BidNet Direct)
2026-07-29 07:30:06,803 INFO   [EXPIRE] 444073725324 — Murrieta Fire & Rescue Station 2 Restrooms and Showers  (due 2026-07-21 · BidNet Direct)
2026-07-29 07:30:06,803 INFO   [EXPIRE] 444073725324 — Murrieta Fire & Rescue Station 2 Restrooms and Showers  (due 2026-07-21 · BidNet Direct)
2026-07-29 07:30:06,803 INFO   [EXPIRE] 444075445813 — Asbestos, Lead-Based Paint, Mold, and Abatement Service (due 2026-07-25 · BidNet Direct)
2026-07-29 07:30:06,803 INFO   [EXPIRE] 444075445813 — Asbestos, Lead-Based Paint, Mold, and Abatement Service (due 2026-07-25 · BidNet Direct)
2026-07-29 07:30:06,803 INFO   [EXPIRE] 444082429269 — Wednesday and Friday Daytime Janitorial Services at the (due 2026-07-24 · BidNet Direct)
2026-07-29 07:30:06,803 INFO   [EXPIRE] 444082429269 — Wednesday and Friday Daytime Janitorial Services at the (due 2026-07-24 · BidNet Direct)
2026-07-29 07:30:06,803 INFO   [EXPIRE] 444080989776 — Nexus Study for Below Market Rate Inclusionary Housing  (due 2026-07-28 · BidNet Direct)
2026-07-29 07:30:06,803 INFO   [EXPIRE] 444080989776 — Nexus Study for Below Market Rate Inclusionary Housing  (due 2026-07-28 · BidNet Direct)
2026-07-29 07:30:06,803 INFO   [EXPIRE] SAM-FA452826JT0123 — 5 CS Carpet Cleaning (due 2026-07-23 · SAM.gov)
2026-07-29 07:30:06,803 INFO   [EXPIRE] SAM-FA452826JT0123 — 5 CS Carpet Cleaning (due 2026-07-23 · SAM.gov)
2026-07-29 07:30:06,803 INFO   [EXPIRE] SAM-RFQ1820148 — Deep Cleaning (due 2026-07-13 · SAM.gov)
2026-07-29 07:30:06,803 INFO   [EXPIRE] SAM-RFQ1820148 — Deep Cleaning (due 2026-07-13 · SAM.gov)
2026-07-29 07:30:06,803 INFO   [EXPIRE] SAM-W911YN-26-Q-A015 — MCTFT MTT Trailer (due 2026-07-15 · SAM.gov)
2026-07-29 07:30:06,803 INFO   [EXPIRE] SAM-W911YN-26-Q-A015 — MCTFT MTT Trailer (due 2026-07-15 · SAM.gov)
2026-07-29 07:30:06,803 INFO   [EXPIRE] SAM-36C24226Q0786 — 7220--36C242-26-AP-4139 | 528-26-3-8893-0611 Albany 10B (due 2026-07-16 · SAM.gov)
2026-07-29 07:30:06,803 INFO   [EXPIRE] SAM-36C24226Q0786 — 7220--36C242-26-AP-4139 | 528-26-3-8893-0611 Albany 10B (due 2026-07-16 · SAM.gov)
2026-07-29 07:30:06,803 INFO   [EXPIRE] SAM-W911SG26BA005 — Replace Repair Roof Bldg. 2414 (due 2026-07-13 · SAM.gov)
2026-07-29 07:30:06,803 INFO   [EXPIRE] SAM-W911SG26BA005 — Replace Repair Roof Bldg. 2414 (due 2026-07-13 · SAM.gov)
2026-07-29 07:30:06,803 INFO   [EXPIRE] CRISP-885 — ADA Barrier Removal (due 2026-07-15 · Crisp Plan Room)
2026-07-29 07:30:06,803 INFO   [EXPIRE] CRISP-885 — ADA Barrier Removal (due 2026-07-15 · Crisp Plan Room)
2026-07-29 07:30:06,803 INFO   [EXPIRE] 444066682791 — Nipomo High School New Classroom Buildings (due 2026-07-28 · BidNet Direct)
2026-07-29 07:30:06,803 INFO   [EXPIRE] 444066682791 — Nipomo High School New Classroom Buildings (due 2026-07-28 · BidNet Direct)
2026-07-29 07:30:06,803 INFO   [EXPIRE] CRISP-875 — FF&E AT HAGE ELEMENTARY SCHOOL (due 2026-07-28 · Crisp Plan Room)
2026-07-29 07:30:06,803 INFO   [EXPIRE] CRISP-875 — FF&E AT HAGE ELEMENTARY SCHOOL (due 2026-07-28 · Crisp Plan Room)
2026-07-29 07:30:06,803 INFO   [EXPIRE] SAM-W50S9326QA006 — Bathroom Modernization Repairs RFQ Bldg. (s) 9 & 16, 15 (due 2026-07-24 · SAM.gov)
2026-07-29 07:30:06,803 INFO   [EXPIRE] SAM-W50S9326QA006 — Bathroom Modernization Repairs RFQ Bldg. (s) 9 & 16, 15 (due 2026-07-24 · SAM.gov)
2026-07-29 07:30:07,537 INFO HTTP Request: PATCH https://obrqnthgqczkhffbsbac.supabase.co/rest/v1/bids?bid_id=in.%28SAM-N6264926Q0439%2CSAM-36C24926Q0290%2CSAM-FA521526Q0027%2CSAM-N6264926Q1115%2C2705668112%2C2705800202%2C444053099528%2C444055021650%2C2704212317%2C2704224047%2CSAM-36C25726Q0722%2CSAM-FA303026R0006%2C444059154066%2C444085737322%2CSAM-BKTZ242011%2C444085755183%2C444058878430%2C444058777369%2CSAM-140P4526R0028%2CSAM-H92295-26-Q-B010%2CSAM-W50S6N26QA022P%2C444078117264%2C444069287502%2C2700441632%2CCRISP-874%2CSAM-36C25726Q0431%2C444058777399%2C444072226408%2CSAM-FA665626B0003%2CCRISP-882%2CSAM-PR16019314%2C444081951764%2C444082056243%2C444029551476%2CSAM-W911SG26BA006%2C444078117263%2CSAM-FA461026Q0150%2CCRISP-864%2CSAM-36C24526Q0601%2CSAM-36C25026B0033%2CSAM-FA309926Q0016%2CSAM-W91QF426Pool%2CSAM-W50S6T26QA028%2CSAM-19PK4026Q5016%2CSAM-N6278926Q1002%2CCRISP-883%2C2704175597%2CSAM-70Z03326Q2019000006%2C444072153554%2CSAM-36C25226Q0575%2C444050859323%2CSAM-PR16068545%2C444062882410%2CSAM-W912DR26QA051%2CCRISP-884%2CSAM-W9128F26QA001%2C444045444035%2C444080712006%2CSAM-36C24126Q0535%2CSAM-PR16052230%2CSAM-W50S9A26QA012%2CSAM-FA460026B1000CARPET%2CSAM-N0042126Q1266%2C444086840563%2CCRISP-877%2C444053099517%2C444053586159%2C444062505820%2CSAM-140FS126Q0120%2CSAM-36C25526Q0510%2C444082056236%2CSAM-N0018926QL255%2CSAM-FA282326QA108%2CSAM-75F40126R00047%2CSAM-36C24426Q0805%2C444104798832%2C444085679781%2CSOCAL-1206%2CCRISP-881%2CSAM-70Z03326Q2019000003%2C444033202284%2C2705026787%2CSAM-70Z03326Q2019000007%2CSAM-36C24526B0003%2CSAM-36C26027R0002%2C444073630612%2C444073725324%2C444075445813%2C444082429269%2C444080989776%2CSAM-FA452826JT0123%2CSAM-RFQ1820148%2CSAM-W911YN-26-Q-A015%2CSAM-36C24226Q0786%2CSAM-W911SG26BA005%2CCRISP-885%2C444066682791%2CCRISP-875%2CSAM-W50S9326QA006%29 "HTTP/2 200 OK"
2026-07-29 07:30:07,537 INFO HTTP Request: PATCH https://obrqnthgqczkhffbsbac.supabase.co/rest/v1/bids?bid_id=in.%28SAM-N6264926Q0439%2CSAM-36C24926Q0290%2CSAM-FA521526Q0027%2CSAM-N6264926Q1115%2C2705668112%2C2705800202%2C444053099528%2C444055021650%2C2704212317%2C2704224047%2CSAM-36C25726Q0722%2CSAM-FA303026R0006%2C444059154066%2C444085737322%2CSAM-BKTZ242011%2C444085755183%2C444058878430%2C444058777369%2CSAM-140P4526R0028%2CSAM-H92295-26-Q-B010%2CSAM-W50S6N26QA022P%2C444078117264%2C444069287502%2C2700441632%2CCRISP-874%2CSAM-36C25726Q0431%2C444058777399%2C444072226408%2CSAM-FA665626B0003%2CCRISP-882%2CSAM-PR16019314%2C444081951764%2C444082056243%2C444029551476%2CSAM-W911SG26BA006%2C444078117263%2CSAM-FA461026Q0150%2CCRISP-864%2CSAM-36C24526Q0601%2CSAM-36C25026B0033%2CSAM-FA309926Q0016%2CSAM-W91QF426Pool%2CSAM-W50S6T26QA028%2CSAM-19PK4026Q5016%2CSAM-N6278926Q1002%2CCRISP-883%2C2704175597%2CSAM-70Z03326Q2019000006%2C444072153554%2CSAM-36C25226Q0575%2C444050859323%2CSAM-PR16068545%2C444062882410%2CSAM-W912DR26QA051%2CCRISP-884%2CSAM-W9128F26QA001%2C444045444035%2C444080712006%2CSAM-36C24126Q0535%2CSAM-PR16052230%2CSAM-W50S9A26QA012%2CSAM-FA460026B1000CARPET%2CSAM-N0042126Q1266%2C444086840563%2CCRISP-877%2C444053099517%2C444053586159%2C444062505820%2CSAM-140FS126Q0120%2CSAM-36C25526Q0510%2C444082056236%2CSAM-N0018926QL255%2CSAM-FA282326QA108%2CSAM-75F40126R00047%2CSAM-36C24426Q0805%2C444104798832%2C444085679781%2CSOCAL-1206%2CCRISP-881%2CSAM-70Z03326Q2019000003%2C444033202284%2C2705026787%2CSAM-70Z03326Q2019000007%2CSAM-36C24526B0003%2CSAM-36C26027R0002%2C444073630612%2C444073725324%2C444075445813%2C444082429269%2C444080989776%2CSAM-FA452826JT0123%2CSAM-RFQ1820148%2CSAM-W911YN-26-Q-A015%2CSAM-36C24226Q0786%2CSAM-W911SG26BA005%2CCRISP-885%2C444066682791%2CCRISP-875%2CSAM-W50S9326QA006%29 "HTTP/2 200 OK"
2026-07-29 07:30:07,549 INFO Expired 99 bid(s)
2026-07-29 07:30:07,549 INFO Expired 99 bid(s)
2026-07-29 07:30:08,251 INFO HTTP Request: GET https://obrqnthgqczkhffbsbac.supabase.co/rest/v1/bids?select=bid_id%2Ctitle%2Cbid_status&is_relevant=eq.True&bid_status=in.%28no_bid%2Cexpired%29 "HTTP/2 200 OK"
2026-07-29 07:30:08,251 INFO HTTP Request: GET https://obrqnthgqczkhffbsbac.supabase.co/rest/v1/bids?select=bid_id%2Ctitle%2Cbid_status&is_relevant=eq.True&bid_status=in.%28no_bid%2Cexpired%29 "HTTP/2 200 OK"
2026-07-29 07:30:08,252 INFO No manually-closed bids to sync
2026-07-29 07:30:08,252 INFO No manually-closed bids to sync
✓ Expired 99 past-due bids
2026-07-30 07:30:02,568 INFO HTTP Request: GET https://obrqnthgqczkhffbsbac.supabase.co/rest/v1/bids?select=bid_id%2Ctitle%2Cagency%2Cdue_date%2Csource&due_date=lt.2026-07-30&bid_status=neq.expired "HTTP/2 200 OK"
2026-07-30 07:30:02,568 INFO HTTP Request: GET https://obrqnthgqczkhffbsbac.supabase.co/rest/v1/bids?select=bid_id%2Ctitle%2Cagency%2Cdue_date%2Csource&due_date=lt.2026-07-30&bid_status=neq.expired "HTTP/2 200 OK"
2026-07-30 07:30:02,572 INFO Found 11 past-due bid(s)
2026-07-30 07:30:02,572 INFO Found 11 past-due bid(s)
2026-07-30 07:30:02,572 INFO   [EXPIRE] SAM-SIMACQ-PD-102-0078 — Carpet Tiles (due 2026-07-29 · SAM.gov)
2026-07-30 07:30:02,572 INFO   [EXPIRE] SAM-SIMACQ-PD-102-0078 — Carpet Tiles (due 2026-07-29 · SAM.gov)
2026-07-30 07:30:02,572 INFO   [EXPIRE] SAM-19AU9026Q0009 — Remodeling of GYM at the U.S. Embassy Marine House (due 2026-07-29 · SAM.gov)
2026-07-30 07:30:02,572 INFO   [EXPIRE] SAM-19AU9026Q0009 — Remodeling of GYM at the U.S. Embassy Marine House (due 2026-07-29 · SAM.gov)
2026-07-30 07:30:02,572 INFO   [EXPIRE] 444098511632 — Envelopes (due 2026-07-29 · BidNet Direct)
2026-07-30 07:30:02,572 INFO   [EXPIRE] 444098511632 — Envelopes (due 2026-07-29 · BidNet Direct)
2026-07-30 07:30:02,573 INFO   [EXPIRE] 444085755182 — WINDOW SYSTEMS REPAIR (due 2026-07-29 · BidNet Direct)
2026-07-30 07:30:02,573 INFO   [EXPIRE] 444085755182 — WINDOW SYSTEMS REPAIR (due 2026-07-29 · BidNet Direct)
2026-07-30 07:30:02,573 INFO   [EXPIRE] SAM-19AU9026Q0011 — Removal of a Half Wall (due 2026-07-29 · SAM.gov)
2026-07-30 07:30:02,573 INFO   [EXPIRE] SAM-19AU9026Q0011 — Removal of a Half Wall (due 2026-07-29 · SAM.gov)
2026-07-30 07:30:02,573 INFO   [EXPIRE] SAM-2031ZA26Q00138 — NTERFACE CARPET TILES MARRAKESH CLASSICS (due 2026-07-29 · SAM.gov)
2026-07-30 07:30:02,573 INFO   [EXPIRE] SAM-2031ZA26Q00138 — NTERFACE CARPET TILES MARRAKESH CLASSICS (due 2026-07-29 · SAM.gov)
2026-07-30 07:30:02,573 INFO   [EXPIRE] SAM-36C24226Q0826 — 7230--Sources Sought: Window Treatment Replacement for  (due 2026-07-29 · SAM.gov)
2026-07-30 07:30:02,573 INFO   [EXPIRE] SAM-36C24226Q0826 — 7230--Sources Sought: Window Treatment Replacement for  (due 2026-07-29 · SAM.gov)
2026-07-30 07:30:02,573 INFO   [EXPIRE] 2711031782 — 20200PR260000164 - USCG AIRSTA VENTURA HSK SHIPPING CON (due 2026-07-29 · BidNet Direct)
2026-07-30 07:30:02,573 INFO   [EXPIRE] 2711031782 — 20200PR260000164 - USCG AIRSTA VENTURA HSK SHIPPING CON (due 2026-07-29 · BidNet Direct)
2026-07-30 07:30:02,573 INFO   [EXPIRE] 2703665852 — Flooring Services - Basic Ordering Agreement (BOA) (due 2026-07-29 · BidNet Direct)
2026-07-30 07:30:02,573 INFO   [EXPIRE] 2703665852 — Flooring Services - Basic Ordering Agreement (BOA) (due 2026-07-29 · BidNet Direct)
2026-07-30 07:30:02,573 INFO   [EXPIRE] SAM-N40085-26-R-9047 — Bldg HP51, HP53, HP55, HP57 Paint and Flooring Repairs (due 2026-07-29 · SAM.gov)
2026-07-30 07:30:02,573 INFO   [EXPIRE] SAM-N40085-26-R-9047 — Bldg HP51, HP53, HP55, HP57 Paint and Flooring Repairs (due 2026-07-29 · SAM.gov)
2026-07-30 07:30:02,573 INFO   [EXPIRE] SAM-FA930126Q0010 — Flooring Services - Basic Ordering Agreement (BOA) (due 2026-07-29 · SAM.gov)
2026-07-30 07:30:02,573 INFO   [EXPIRE] SAM-FA930126Q0010 — Flooring Services - Basic Ordering Agreement (BOA) (due 2026-07-29 · SAM.gov)
2026-07-30 07:30:03,080 INFO HTTP Request: PATCH https://obrqnthgqczkhffbsbac.supabase.co/rest/v1/bids?bid_id=in.%28SAM-SIMACQ-PD-102-0078%2CSAM-19AU9026Q0009%2C444098511632%2C444085755182%2CSAM-19AU9026Q0011%2CSAM-2031ZA26Q00138%2CSAM-36C24226Q0826%2C2711031782%2C2703665852%2CSAM-N40085-26-R-9047%2CSAM-FA930126Q0010%29 "HTTP/2 200 OK"
2026-07-30 07:30:03,080 INFO HTTP Request: PATCH https://obrqnthgqczkhffbsbac.supabase.co/rest/v1/bids?bid_id=in.%28SAM-SIMACQ-PD-102-0078%2CSAM-19AU9026Q0009%2C444098511632%2C444085755182%2CSAM-19AU9026Q0011%2CSAM-2031ZA26Q00138%2CSAM-36C24226Q0826%2C2711031782%2C2703665852%2CSAM-N40085-26-R-9047%2CSAM-FA930126Q0010%29 "HTTP/2 200 OK"
2026-07-30 07:30:03,083 INFO Expired 11 bid(s)
2026-07-30 07:30:03,083 INFO Expired 11 bid(s)
2026-07-30 07:30:03,900 INFO HTTP Request: GET https://obrqnthgqczkhffbsbac.supabase.co/rest/v1/bids?select=bid_id%2Ctitle%2Cbid_status&is_relevant=eq.True&bid_status=in.%28no_bid%2Cexpired%29 "HTTP/2 200 OK"
2026-07-30 07:30:03,900 INFO HTTP Request: GET https://obrqnthgqczkhffbsbac.supabase.co/rest/v1/bids?select=bid_id%2Ctitle%2Cbid_status&is_relevant=eq.True&bid_status=in.%28no_bid%2Cexpired%29 "HTTP/2 200 OK"
2026-07-30 07:30:03,901 INFO No manually-closed bids to sync
2026-07-30 07:30:03,901 INFO No manually-closed bids to sync
✓ Expired 11 past-due bids
2026-07-31 07:30:04,022 INFO HTTP Request: GET https://obrqnthgqczkhffbsbac.supabase.co/rest/v1/bids?select=bid_id%2Ctitle%2Cagency%2Cdue_date%2Csource&due_date=lt.2026-07-31&bid_status=neq.expired "HTTP/2 200 OK"
2026-07-31 07:30:04,022 INFO HTTP Request: GET https://obrqnthgqczkhffbsbac.supabase.co/rest/v1/bids?select=bid_id%2Ctitle%2Cagency%2Cdue_date%2Csource&due_date=lt.2026-07-31&bid_status=neq.expired "HTTP/2 200 OK"
2026-07-31 07:30:04,025 INFO Found 6 past-due bid(s)
2026-07-31 07:30:04,025 INFO Found 6 past-due bid(s)
2026-07-31 07:30:04,025 INFO   [EXPIRE] SAM-31090PR260000288 — Replace Flooring and Paint Interior Spaces In Building  (due 2026-07-30 · SAM.gov)
2026-07-31 07:30:04,025 INFO   [EXPIRE] SAM-31090PR260000288 — Replace Flooring and Paint Interior Spaces In Building  (due 2026-07-30 · SAM.gov)
2026-07-31 07:30:04,025 INFO   [EXPIRE] SAM-36C24226B0049 — Y1AZ--Project 526-14-115 Renovate CLC Recreation and Di (due 2026-07-30 · SAM.gov)
2026-07-31 07:30:04,025 INFO   [EXPIRE] SAM-36C24226B0049 — Y1AZ--Project 526-14-115 Renovate CLC Recreation and Di (due 2026-07-30 · SAM.gov)
2026-07-31 07:30:04,025 INFO   [EXPIRE] SAM-1992 — Amendment 5 - Janitorial Services--Maynard, Massachuset (due 2026-07-30 · SAM.gov)
2026-07-31 07:30:04,025 INFO   [EXPIRE] SAM-1992 — Amendment 5 - Janitorial Services--Maynard, Massachuset (due 2026-07-30 · SAM.gov)
2026-07-31 07:30:04,025 INFO   [EXPIRE] SAM-6FL0754 — Seeking Competitive Lease Proposals – Administrative Of (due 2026-07-30 · SAM.gov)
2026-07-31 07:30:04,025 INFO   [EXPIRE] SAM-6FL0754 — Seeking Competitive Lease Proposals – Administrative Of (due 2026-07-30 · SAM.gov)
2026-07-31 07:30:04,025 INFO   [EXPIRE] CRISP-889 — Foshay Learning Center - Tile Recladding (due 2026-07-30 · Crisp Plan Room)
2026-07-31 07:30:04,025 INFO   [EXPIRE] CRISP-889 — Foshay Learning Center - Tile Recladding (due 2026-07-30 · Crisp Plan Room)
2026-07-31 07:30:04,026 INFO   [EXPIRE] SAM-20270PR260001626 — USCG Air Station Kodiak Mezzanine Structures (due 2026-07-30 · SAM.gov)
2026-07-31 07:30:04,026 INFO   [EXPIRE] SAM-20270PR260001626 — USCG Air Station Kodiak Mezzanine Structures (due 2026-07-30 · SAM.gov)
2026-07-31 07:30:04,634 INFO HTTP Request: PATCH https://obrqnthgqczkhffbsbac.supabase.co/rest/v1/bids?bid_id=in.%28SAM-31090PR260000288%2CSAM-36C24226B0049%2CSAM-1992%2CSAM-6FL0754%2CCRISP-889%2CSAM-20270PR260001626%29 "HTTP/2 200 OK"
2026-07-31 07:30:04,634 INFO HTTP Request: PATCH https://obrqnthgqczkhffbsbac.supabase.co/rest/v1/bids?bid_id=in.%28SAM-31090PR260000288%2CSAM-36C24226B0049%2CSAM-1992%2CSAM-6FL0754%2CCRISP-889%2CSAM-20270PR260001626%29 "HTTP/2 200 OK"
2026-07-31 07:30:04,637 INFO Expired 6 bid(s)
2026-07-31 07:30:04,637 INFO Expired 6 bid(s)
2026-07-31 07:30:05,042 INFO HTTP Request: GET https://obrqnthgqczkhffbsbac.supabase.co/rest/v1/bids?select=bid_id%2Ctitle%2Cbid_status&is_relevant=eq.True&bid_status=in.%28no_bid%2Cexpired%29 "HTTP/2 200 OK"
2026-07-31 07:30:05,042 INFO HTTP Request: GET https://obrqnthgqczkhffbsbac.supabase.co/rest/v1/bids?select=bid_id%2Ctitle%2Cbid_status&is_relevant=eq.True&bid_status=in.%28no_bid%2Cexpired%29 "HTTP/2 200 OK"
2026-07-31 07:30:05,043 INFO No manually-closed bids to sync
2026-07-31 07:30:05,043 INFO No manually-closed bids to sync
✓ Expired 6 past-due bids
2026-08-03 07:30:02,999 INFO HTTP Request: GET https://obrqnthgqczkhffbsbac.supabase.co/rest/v1/bids?select=bid_id%2Ctitle%2Cagency%2Cdue_date%2Csource&due_date=lt.2026-08-03&bid_status=neq.expired "HTTP/2 200 OK"
2026-08-03 07:30:02,999 INFO HTTP Request: GET https://obrqnthgqczkhffbsbac.supabase.co/rest/v1/bids?select=bid_id%2Ctitle%2Cagency%2Cdue_date%2Csource&due_date=lt.2026-08-03&bid_status=neq.expired "HTTP/2 200 OK"
2026-08-03 07:30:03,002 INFO Found 9 past-due bid(s)
2026-08-03 07:30:03,002 INFO Found 9 past-due bid(s)
2026-08-03 07:30:03,002 INFO   [EXPIRE] SAM-1173382 — Intent to Sole Source/ Notice of Intent (due 2026-07-31 · SAM.gov)
2026-08-03 07:30:03,002 INFO   [EXPIRE] SAM-1173382 — Intent to Sole Source/ Notice of Intent (due 2026-07-31 · SAM.gov)
2026-08-03 07:30:03,002 INFO   [EXPIRE] SAM-36C25926Q0650 — 2310--Modified Rehabilitation Vehicle (Minivan) Salt La (due 2026-07-31 · SAM.gov)
2026-08-03 07:30:03,002 INFO   [EXPIRE] SAM-36C25926Q0650 — 2310--Modified Rehabilitation Vehicle (Minivan) Salt La (due 2026-07-31 · SAM.gov)
2026-08-03 07:30:03,002 INFO   [EXPIRE] 444103548662 — Floor Care Equipment Preventative Maintenance and Repai (due 2026-07-31 · BidNet Direct)
2026-08-03 07:30:03,002 INFO   [EXPIRE] 444103548662 — Floor Care Equipment Preventative Maintenance and Repai (due 2026-07-31 · BidNet Direct)
2026-08-03 07:30:03,002 INFO   [EXPIRE] SAM-FA558726R0005 — Tri Base UK SABER 2.0 (due 2026-07-31 · SAM.gov)
2026-08-03 07:30:03,002 INFO   [EXPIRE] SAM-FA558726R0005 — Tri Base UK SABER 2.0 (due 2026-07-31 · SAM.gov)
2026-08-03 07:30:03,003 INFO   [EXPIRE] SAM-1232SA26Q0887 — Floor Replacement (due 2026-07-31 · SAM.gov)
2026-08-03 07:30:03,003 INFO   [EXPIRE] SAM-1232SA26Q0887 — Floor Replacement (due 2026-07-31 · SAM.gov)
2026-08-03 07:30:03,003 INFO   [EXPIRE] SAM-W911SA26BA010 — NEW IDIQ- FLOORING IDIQ FY26-FY29 (due 2026-07-31 · SAM.gov)
2026-08-03 07:30:03,003 INFO   [EXPIRE] SAM-W911SA26BA010 — NEW IDIQ- FLOORING IDIQ FY26-FY29 (due 2026-07-31 · SAM.gov)
2026-08-03 07:30:03,003 INFO   [EXPIRE] 444075371335 — Staff Lodging Services (due 2026-07-31 · BidNet Direct)
2026-08-03 07:30:03,003 INFO   [EXPIRE] 444075371335 — Staff Lodging Services (due 2026-07-31 · BidNet Direct)
2026-08-03 07:30:03,003 INFO   [EXPIRE] SAM-1305M226Q0200 — Hawaiian Humpback Whale NMS Flooring Installation (due 2026-07-31 · SAM.gov)
2026-08-03 07:30:03,003 INFO   [EXPIRE] SAM-1305M226Q0200 — Hawaiian Humpback Whale NMS Flooring Installation (due 2026-07-31 · SAM.gov)
2026-08-03 07:30:03,003 INFO   [EXPIRE] CRISP-886 — Field Upgrades with Natural Turf & Track (due 2026-07-31 · Crisp Plan Room)
2026-08-03 07:30:03,003 INFO   [EXPIRE] CRISP-886 — Field Upgrades with Natural Turf & Track (due 2026-07-31 · Crisp Plan Room)
2026-08-03 07:30:03,611 INFO HTTP Request: PATCH https://obrqnthgqczkhffbsbac.supabase.co/rest/v1/bids?bid_id=in.%28SAM-1173382%2CSAM-36C25926Q0650%2C444103548662%2CSAM-FA558726R0005%2CSAM-1232SA26Q0887%2CSAM-W911SA26BA010%2C444075371335%2CSAM-1305M226Q0200%2CCRISP-886%29 "HTTP/2 200 OK"
2026-08-03 07:30:03,611 INFO HTTP Request: PATCH https://obrqnthgqczkhffbsbac.supabase.co/rest/v1/bids?bid_id=in.%28SAM-1173382%2CSAM-36C25926Q0650%2C444103548662%2CSAM-FA558726R0005%2CSAM-1232SA26Q0887%2CSAM-W911SA26BA010%2C444075371335%2CSAM-1305M226Q0200%2CCRISP-886%29 "HTTP/2 200 OK"
2026-08-03 07:30:03,614 INFO Expired 9 bid(s)
2026-08-03 07:30:03,614 INFO Expired 9 bid(s)
2026-08-03 07:30:04,429 INFO HTTP Request: GET https://obrqnthgqczkhffbsbac.supabase.co/rest/v1/bids?select=bid_id%2Ctitle%2Cbid_status&is_relevant=eq.True&bid_status=in.%28no_bid%2Cexpired%29 "HTTP/2 200 OK"
2026-08-03 07:30:04,429 INFO HTTP Request: GET https://obrqnthgqczkhffbsbac.supabase.co/rest/v1/bids?select=bid_id%2Ctitle%2Cbid_status&is_relevant=eq.True&bid_status=in.%28no_bid%2Cexpired%29 "HTTP/2 200 OK"
2026-08-03 07:30:04,430 INFO No manually-closed bids to sync
2026-08-03 07:30:04,430 INFO No manually-closed bids to sync
✓ Expired 9 past-due bids
2026-08-04 07:30:05,516 INFO HTTP Request: GET https://obrqnthgqczkhffbsbac.supabase.co/rest/v1/bids?select=bid_id%2Ctitle%2Cagency%2Cdue_date%2Csource&due_date=lt.2026-08-04&bid_status=neq.expired "HTTP/2 200 OK"
2026-08-04 07:30:05,516 INFO HTTP Request: GET https://obrqnthgqczkhffbsbac.supabase.co/rest/v1/bids?select=bid_id%2Ctitle%2Cagency%2Cdue_date%2Csource&due_date=lt.2026-08-04&bid_status=neq.expired "HTTP/2 200 OK"
2026-08-04 07:30:05,520 INFO Found 7 past-due bid(s)
2026-08-04 07:30:05,520 INFO Found 7 past-due bid(s)
2026-08-04 07:30:05,520 INFO   [EXPIRE] SAM-N0016426Q0278 — Battery Test Cell Floor Resurfacing (due 2026-08-03 · SAM.gov)
2026-08-04 07:30:05,520 INFO   [EXPIRE] SAM-N0016426Q0278 — Battery Test Cell Floor Resurfacing (due 2026-08-03 · SAM.gov)
2026-08-04 07:30:05,520 INFO   [EXPIRE] CRISP-888 — San Pedro HS - Olguin Campus - New Obstacle Course (due 2026-08-03 · Crisp Plan Room)
2026-08-04 07:30:05,520 INFO   [EXPIRE] CRISP-888 — San Pedro HS - Olguin Campus - New Obstacle Course (due 2026-08-03 · Crisp Plan Room)
2026-08-04 07:30:05,520 INFO   [EXPIRE] SAM-N6264926Q0449 — Replace Chemical-Resistant Flooring in 1-57-0-L and Pas (due 2026-08-03 · SAM.gov)
2026-08-04 07:30:05,520 INFO   [EXPIRE] SAM-N6264926Q0449 — Replace Chemical-Resistant Flooring in 1-57-0-L and Pas (due 2026-08-03 · SAM.gov)
2026-08-04 07:30:05,521 INFO   [EXPIRE] 444087003664 — Moving and Storage Consultant Services (due 2026-08-03 · BidNet Direct)
2026-08-04 07:30:05,521 INFO   [EXPIRE] 444087003664 — Moving and Storage Consultant Services (due 2026-08-03 · BidNet Direct)
2026-08-04 07:30:05,521 INFO   [EXPIRE] SAM-FA860126Q0106 — Facility F10266 Office Furniture (due 2026-08-03 · SAM.gov)
2026-08-04 07:30:05,521 INFO   [EXPIRE] SAM-FA860126Q0106 — Facility F10266 Office Furniture (due 2026-08-03 · SAM.gov)
2026-08-04 07:30:05,521 INFO   [EXPIRE] SAM-19CG5026R0010 — 19CG5026R0010 - Front Perimeter Wall Repair (due 2026-08-03 · SAM.gov)
2026-08-04 07:30:05,521 INFO   [EXPIRE] SAM-19CG5026R0010 — 19CG5026R0010 - Front Perimeter Wall Repair (due 2026-08-03 · SAM.gov)
2026-08-04 07:30:05,521 INFO   [EXPIRE] SAM-PR16156704 — Passenger Vans 2026 (due 2026-08-03 · SAM.gov)
2026-08-04 07:30:05,521 INFO   [EXPIRE] SAM-PR16156704 — Passenger Vans 2026 (due 2026-08-03 · SAM.gov)
2026-08-04 07:30:06,743 INFO HTTP Request: PATCH https://obrqnthgqczkhffbsbac.supabase.co/rest/v1/bids?bid_id=in.%28SAM-N0016426Q0278%2CCRISP-888%2CSAM-N6264926Q0449%2C444087003664%2CSAM-FA860126Q0106%2CSAM-19CG5026R0010%2CSAM-PR16156704%29 "HTTP/2 200 OK"
2026-08-04 07:30:06,743 INFO HTTP Request: PATCH https://obrqnthgqczkhffbsbac.supabase.co/rest/v1/bids?bid_id=in.%28SAM-N0016426Q0278%2CCRISP-888%2CSAM-N6264926Q0449%2C444087003664%2CSAM-FA860126Q0106%2CSAM-19CG5026R0010%2CSAM-PR16156704%29 "HTTP/2 200 OK"
2026-08-04 07:30:06,746 INFO Expired 7 bid(s)
2026-08-04 07:30:06,746 INFO Expired 7 bid(s)
2026-08-04 07:30:07,154 INFO HTTP Request: GET https://obrqnthgqczkhffbsbac.supabase.co/rest/v1/bids?select=bid_id%2Ctitle%2Cbid_status&is_relevant=eq.True&bid_status=in.%28no_bid%2Cexpired%29 "HTTP/2 200 OK"
2026-08-04 07:30:07,154 INFO HTTP Request: GET https://obrqnthgqczkhffbsbac.supabase.co/rest/v1/bids?select=bid_id%2Ctitle%2Cbid_status&is_relevant=eq.True&bid_status=in.%28no_bid%2Cexpired%29 "HTTP/2 200 OK"
2026-08-04 07:30:07,155 INFO No manually-closed bids to sync
2026-08-04 07:30:07,155 INFO No manually-closed bids to sync
✓ Expired 7 past-due bids
2026-08-05 07:30:02,963 INFO HTTP Request: GET https://obrqnthgqczkhffbsbac.supabase.co/rest/v1/bids?select=bid_id%2Ctitle%2Cagency%2Cdue_date%2Csource&due_date=lt.2026-08-05&bid_status=neq.expired "HTTP/2 200 OK"
2026-08-05 07:30:02,963 INFO HTTP Request: GET https://obrqnthgqczkhffbsbac.supabase.co/rest/v1/bids?select=bid_id%2Ctitle%2Cagency%2Cdue_date%2Csource&due_date=lt.2026-08-05&bid_status=neq.expired "HTTP/2 200 OK"
2026-08-05 07:30:02,966 INFO Found 11 past-due bid(s)
2026-08-05 07:30:02,966 INFO Found 11 past-due bid(s)
2026-08-05 07:30:02,966 INFO   [EXPIRE] 444088240486 — Gladstone Lab Tenant Improvement - Window Coverings (due 2026-08-04 · BidNet Direct)
2026-08-05 07:30:02,966 INFO   [EXPIRE] 444088240486 — Gladstone Lab Tenant Improvement - Window Coverings (due 2026-08-04 · BidNet Direct)
2026-08-05 07:30:02,966 INFO   [EXPIRE] SAM-2258 — Amendment 2 - RFP for Janitorial Services--Bothell, Was (due 2026-08-04 · SAM.gov)
2026-08-05 07:30:02,966 INFO   [EXPIRE] SAM-2258 — Amendment 2 - RFP for Janitorial Services--Bothell, Was (due 2026-08-04 · SAM.gov)
2026-08-05 07:30:02,967 INFO   [EXPIRE] 444102141803 — Baldwin Park Janitorial Services (due 2026-08-04 · BidNet Direct)
2026-08-05 07:30:02,967 INFO   [EXPIRE] 444102141803 — Baldwin Park Janitorial Services (due 2026-08-04 · BidNet Direct)
2026-08-05 07:30:02,967 INFO   [EXPIRE] SAM-140P6426Q0107 — Building Materials - Dillards Ferry (due 2026-08-04 · SAM.gov)
2026-08-05 07:30:02,967 INFO   [EXPIRE] SAM-140P6426Q0107 — Building Materials - Dillards Ferry (due 2026-08-04 · SAM.gov)
2026-08-05 07:30:02,967 INFO   [EXPIRE] SAM-36C25526Q0535 — 7110--Larger System, KC (due 2026-08-04 · SAM.gov)
2026-08-05 07:30:02,967 INFO   [EXPIRE] SAM-36C25526Q0535 — 7110--Larger System, KC (due 2026-08-04 · SAM.gov)
2026-08-05 07:30:02,967 INFO   [EXPIRE] 444085872707 — Wackford Community & Aquatic Complex Locker Room Renova (due 2026-08-04 · BidNet Direct)
2026-08-05 07:30:02,967 INFO   [EXPIRE] 444085872707 — Wackford Community & Aquatic Complex Locker Room Renova (due 2026-08-04 · BidNet Direct)
2026-08-05 07:30:02,967 INFO   [EXPIRE] SAM-FA441926Q0002 — Custodial Services at Altus AFB (due 2026-08-04 · SAM.gov)
2026-08-05 07:30:02,967 INFO   [EXPIRE] SAM-FA441926Q0002 — Custodial Services at Altus AFB (due 2026-08-04 · SAM.gov)
2026-08-05 07:30:02,967 INFO   [EXPIRE] SAM-N6264926Q0457 — Chemical Resistant Flooring in 03-86-5-Q (due 2026-08-04 · SAM.gov)
2026-08-05 07:30:02,967 INFO   [EXPIRE] SAM-N6264926Q0457 — Chemical Resistant Flooring in 03-86-5-Q (due 2026-08-04 · SAM.gov)
2026-08-05 07:30:02,967 INFO   [EXPIRE] SAM-140P6426Q0108 — Building Materials - Duplex (due 2026-08-04 · SAM.gov)
2026-08-05 07:30:02,967 INFO   [EXPIRE] SAM-140P6426Q0108 — Building Materials - Duplex (due 2026-08-04 · SAM.gov)
2026-08-05 07:30:02,967 INFO   [EXPIRE] 444088240487 — Gladstone Lab Tenant Improvement - Carpet & Wood Floori (due 2026-08-04 · BidNet Direct)
2026-08-05 07:30:02,967 INFO   [EXPIRE] 444088240487 — Gladstone Lab Tenant Improvement - Carpet & Wood Floori (due 2026-08-04 · BidNet Direct)
2026-08-05 07:30:02,967 INFO   [EXPIRE] CRISP-879 — 100R008-25-VA (due 2026-08-04 · Crisp Plan Room)
2026-08-05 07:30:02,967 INFO   [EXPIRE] CRISP-879 — 100R008-25-VA (due 2026-08-04 · Crisp Plan Room)
2026-08-05 07:30:03,680 INFO HTTP Request: PATCH https://obrqnthgqczkhffbsbac.supabase.co/rest/v1/bids?bid_id=in.%28444088240486%2CSAM-2258%2C444102141803%2CSAM-140P6426Q0107%2CSAM-36C25526Q0535%2C444085872707%2CSAM-FA441926Q0002%2CSAM-N6264926Q0457%2CSAM-140P6426Q0108%2C444088240487%2CCRISP-879%29 "HTTP/2 200 OK"
2026-08-05 07:30:03,680 INFO HTTP Request: PATCH https://obrqnthgqczkhffbsbac.supabase.co/rest/v1/bids?bid_id=in.%28444088240486%2CSAM-2258%2C444102141803%2CSAM-140P6426Q0107%2CSAM-36C25526Q0535%2C444085872707%2CSAM-FA441926Q0002%2CSAM-N6264926Q0457%2CSAM-140P6426Q0108%2C444088240487%2CCRISP-879%29 "HTTP/2 200 OK"
2026-08-05 07:30:03,683 INFO Expired 11 bid(s)
2026-08-05 07:30:03,683 INFO Expired 11 bid(s)
2026-08-05 07:30:04,497 INFO HTTP Request: GET https://obrqnthgqczkhffbsbac.supabase.co/rest/v1/bids?select=bid_id%2Ctitle%2Cbid_status&is_relevant=eq.True&bid_status=in.%28no_bid%2Cexpired%29 "HTTP/2 200 OK"
2026-08-05 07:30:04,497 INFO HTTP Request: GET https://obrqnthgqczkhffbsbac.supabase.co/rest/v1/bids?select=bid_id%2Ctitle%2Cbid_status&is_relevant=eq.True&bid_status=in.%28no_bid%2Cexpired%29 "HTTP/2 200 OK"
2026-08-05 07:30:04,498 INFO No manually-closed bids to sync
2026-08-05 07:30:04,498 INFO No manually-closed bids to sync
✓ Expired 11 past-due bids
2026-08-06 07:30:03,898 INFO HTTP Request: GET https://obrqnthgqczkhffbsbac.supabase.co/rest/v1/bids?select=bid_id%2Ctitle%2Cagency%2Cdue_date%2Csource&due_date=lt.2026-08-06&bid_status=neq.expired "HTTP/2 200 OK"
2026-08-06 07:30:03,898 INFO HTTP Request: GET https://obrqnthgqczkhffbsbac.supabase.co/rest/v1/bids?select=bid_id%2Ctitle%2Cagency%2Cdue_date%2Csource&due_date=lt.2026-08-06&bid_status=neq.expired "HTTP/2 200 OK"
2026-08-06 07:30:03,900 INFO Found 9 past-due bid(s)
2026-08-06 07:30:03,900 INFO Found 9 past-due bid(s)
2026-08-06 07:30:03,901 INFO   [EXPIRE] SAM-1305M326Q0271 — Z--Constructions Services for Staging Space Renovatio (due 2026-08-05 · SAM.gov)
2026-08-06 07:30:03,901 INFO   [EXPIRE] SAM-1305M326Q0271 — Z--Constructions Services for Staging Space Renovatio (due 2026-08-05 · SAM.gov)
2026-08-06 07:30:03,901 INFO   [EXPIRE] SAM-36C24926Q0344 — S214--Carpet Cleaning Service (due 2026-08-05 · SAM.gov)
2026-08-06 07:30:03,901 INFO   [EXPIRE] SAM-36C24926Q0344 — S214--Carpet Cleaning Service (due 2026-08-05 · SAM.gov)
2026-08-06 07:30:03,901 INFO   [EXPIRE] 444103470484 — Pest Control (due 2026-08-05 · BidNet Direct)
2026-08-06 07:30:03,901 INFO   [EXPIRE] 444103470484 — Pest Control (due 2026-08-05 · BidNet Direct)
2026-08-06 07:30:03,901 INFO   [EXPIRE] SAM-PR16077115 — Chancery 3003 Integrated window blinds (104) (due 2026-08-05 · SAM.gov)
2026-08-06 07:30:03,901 INFO   [EXPIRE] SAM-PR16077115 — Chancery 3003 Integrated window blinds (104) (due 2026-08-05 · SAM.gov)
2026-08-06 07:30:03,901 INFO   [EXPIRE] SAM-W91QF426BA006 — Synopsis Grant Pool Repairs Fort Leavenworth (due 2026-08-05 · SAM.gov)
2026-08-06 07:30:03,901 INFO   [EXPIRE] SAM-W91QF426BA006 — Synopsis Grant Pool Repairs Fort Leavenworth (due 2026-08-05 · SAM.gov)
2026-08-06 07:30:03,901 INFO   [EXPIRE] SAM-36C26026Q0896 — 8145--Climate Controlled Storage Conex - Boise VA Medic (due 2026-08-05 · SAM.gov)
2026-08-06 07:30:03,901 INFO   [EXPIRE] SAM-36C26026Q0896 — 8145--Climate Controlled Storage Conex - Boise VA Medic (due 2026-08-05 · SAM.gov)
2026-08-06 07:30:03,901 INFO   [EXPIRE] SAM-FA8136260004 — 72 OSS Tower Window Shades (due 2026-08-05 · SAM.gov)
2026-08-06 07:30:03,901 INFO   [EXPIRE] SAM-FA8136260004 — 72 OSS Tower Window Shades (due 2026-08-05 · SAM.gov)
2026-08-06 07:30:03,901 INFO   [EXPIRE] 444102293036 — Uniforms, Floor Mats, Mops, Towels and Linens (due 2026-08-05 · BidNet Direct)
2026-08-06 07:30:03,901 INFO   [EXPIRE] 444102293036 — Uniforms, Floor Mats, Mops, Towels and Linens (due 2026-08-05 · BidNet Direct)
2026-08-06 07:30:03,901 INFO   [EXPIRE] SAM-FA480326B0017 — Repair Fire House Kitchen B708 (due 2026-08-05 · SAM.gov)
2026-08-06 07:30:03,901 INFO   [EXPIRE] SAM-FA480326B0017 — Repair Fire House Kitchen B708 (due 2026-08-05 · SAM.gov)
2026-08-06 07:30:04,814 INFO HTTP Request: PATCH https://obrqnthgqczkhffbsbac.supabase.co/rest/v1/bids?bid_id=in.%28SAM-1305M326Q0271%2CSAM-36C24926Q0344%2C444103470484%2CSAM-PR16077115%2CSAM-W91QF426BA006%2CSAM-36C26026Q0896%2CSAM-FA8136260004%2C444102293036%2CSAM-FA480326B0017%29 "HTTP/2 200 OK"
2026-08-06 07:30:04,814 INFO HTTP Request: PATCH https://obrqnthgqczkhffbsbac.supabase.co/rest/v1/bids?bid_id=in.%28SAM-1305M326Q0271%2CSAM-36C24926Q0344%2C444103470484%2CSAM-PR16077115%2CSAM-W91QF426BA006%2CSAM-36C26026Q0896%2CSAM-FA8136260004%2C444102293036%2CSAM-FA480326B0017%29 "HTTP/2 200 OK"
2026-08-06 07:30:04,817 INFO Expired 9 bid(s)
2026-08-06 07:30:04,817 INFO Expired 9 bid(s)
2026-08-06 07:30:05,379 INFO HTTP Request: GET https://obrqnthgqczkhffbsbac.supabase.co/rest/v1/bids?select=bid_id%2Ctitle%2Cbid_status&is_relevant=eq.True&bid_status=in.%28no_bid%2Cexpired%29 "HTTP/2 200 OK"
2026-08-06 07:30:05,379 INFO HTTP Request: GET https://obrqnthgqczkhffbsbac.supabase.co/rest/v1/bids?select=bid_id%2Ctitle%2Cbid_status&is_relevant=eq.True&bid_status=in.%28no_bid%2Cexpired%29 "HTTP/2 200 OK"
2026-08-06 07:30:05,380 INFO No manually-closed bids to sync
2026-08-06 07:30:05,380 INFO No manually-closed bids to sync
✓ Expired 9 past-due bids
2026-08-07 07:30:06,371 INFO HTTP Request: GET https://obrqnthgqczkhffbsbac.supabase.co/rest/v1/bids?select=bid_id%2Ctitle%2Cagency%2Cdue_date%2Csource&due_date=lt.2026-08-07&bid_status=neq.expired "HTTP/2 200 OK"
2026-08-07 07:30:06,371 INFO HTTP Request: GET https://obrqnthgqczkhffbsbac.supabase.co/rest/v1/bids?select=bid_id%2Ctitle%2Cagency%2Cdue_date%2Csource&due_date=lt.2026-08-07&bid_status=neq.expired "HTTP/2 200 OK"
2026-08-07 07:30:06,374 INFO Found 7 past-due bid(s)
2026-08-07 07:30:06,374 INFO Found 7 past-due bid(s)
2026-08-07 07:30:06,374 INFO   [EXPIRE] SAM-75H70126R00054 — Crow Renovation Phase II (due 2026-08-06 · SAM.gov)
2026-08-07 07:30:06,374 INFO   [EXPIRE] SAM-75H70126R00054 — Crow Renovation Phase II (due 2026-08-06 · SAM.gov)
2026-08-07 07:30:06,374 INFO   [EXPIRE] 444107208015 — PETERBILT 520 CNG PB LOADER BODY OR EQUAL (due 2026-08-06 · BidNet Direct)
2026-08-07 07:30:06,374 INFO   [EXPIRE] 444107208015 — PETERBILT 520 CNG PB LOADER BODY OR EQUAL (due 2026-08-06 · BidNet Direct)
2026-08-07 07:30:06,374 INFO   [EXPIRE] 444073575695 — JAIL CELL IMPROVEMENTS & RELATED WORK (due 2026-08-06 · BidNet Direct)
2026-08-07 07:30:06,374 INFO   [EXPIRE] 444073575695 — JAIL CELL IMPROVEMENTS & RELATED WORK (due 2026-08-06 · BidNet Direct)
2026-08-07 07:30:06,374 INFO   [EXPIRE] 444073692418 — New Science Building Concrete Remediation, FCC (due 2026-08-06 · BidNet Direct)
2026-08-07 07:30:06,374 INFO   [EXPIRE] 444073692418 — New Science Building Concrete Remediation, FCC (due 2026-08-06 · BidNet Direct)
2026-08-07 07:30:06,374 INFO   [EXPIRE] 444088063052 — RESTORATION AND REMEDIATION SERVICES (due 2026-08-06 · BidNet Direct)
2026-08-07 07:30:06,374 INFO   [EXPIRE] 444088063052 — RESTORATION AND REMEDIATION SERVICES (due 2026-08-06 · BidNet Direct)
2026-08-07 07:30:06,374 INFO   [EXPIRE] 444110376643 — FORD RANGER 4X2 OR EQUAL COMPACT SUPERCREW XL PICKUP WI (due 2026-08-06 · BidNet Direct)
2026-08-07 07:30:06,374 INFO   [EXPIRE] 444110376643 — FORD RANGER 4X2 OR EQUAL COMPACT SUPERCREW XL PICKUP WI (due 2026-08-06 · BidNet Direct)
2026-08-07 07:30:06,374 INFO   [EXPIRE] SAM-N4008526R9054 — BEQ M400 Area Paint-Flooring Repairs (due 2026-08-06 · SAM.gov)
2026-08-07 07:30:06,374 INFO   [EXPIRE] SAM-N4008526R9054 — BEQ M400 Area Paint-Flooring Repairs (due 2026-08-06 · SAM.gov)
2026-08-07 07:30:07,085 INFO HTTP Request: PATCH https://obrqnthgqczkhffbsbac.supabase.co/rest/v1/bids?bid_id=in.%28SAM-75H70126R00054%2C444107208015%2C444073575695%2C444073692418%2C444088063052%2C444110376643%2CSAM-N4008526R9054%29 "HTTP/2 200 OK"
2026-08-07 07:30:07,085 INFO HTTP Request: PATCH https://obrqnthgqczkhffbsbac.supabase.co/rest/v1/bids?bid_id=in.%28SAM-75H70126R00054%2C444107208015%2C444073575695%2C444073692418%2C444088063052%2C444110376643%2CSAM-N4008526R9054%29 "HTTP/2 200 OK"
2026-08-07 07:30:07,087 INFO Expired 7 bid(s)
2026-08-07 07:30:07,087 INFO Expired 7 bid(s)
2026-08-07 07:30:07,788 INFO HTTP Request: GET https://obrqnthgqczkhffbsbac.supabase.co/rest/v1/bids?select=bid_id%2Ctitle%2Cbid_status&is_relevant=eq.True&bid_status=in.%28no_bid%2Cexpired%29 "HTTP/2 200 OK"
2026-08-07 07:30:07,788 INFO HTTP Request: GET https://obrqnthgqczkhffbsbac.supabase.co/rest/v1/bids?select=bid_id%2Ctitle%2Cbid_status&is_relevant=eq.True&bid_status=in.%28no_bid%2Cexpired%29 "HTTP/2 200 OK"
2026-08-07 07:30:07,789 INFO No manually-closed bids to sync
2026-08-07 07:30:07,789 INFO No manually-closed bids to sync
✓ Expired 7 past-due bids
2026-08-10 07:30:04,553 INFO HTTP Request: GET https://obrqnthgqczkhffbsbac.supabase.co/rest/v1/bids?select=bid_id%2Ctitle%2Cagency%2Cdue_date%2Csource&due_date=lt.2026-08-10&bid_status=neq.expired "HTTP/2 200 OK"
2026-08-10 07:30:04,553 INFO HTTP Request: GET https://obrqnthgqczkhffbsbac.supabase.co/rest/v1/bids?select=bid_id%2Ctitle%2Cagency%2Cdue_date%2Csource&due_date=lt.2026-08-10&bid_status=neq.expired "HTTP/2 200 OK"
2026-08-10 07:30:04,557 INFO Found 14 past-due bid(s)
2026-08-10 07:30:04,557 INFO Found 14 past-due bid(s)
2026-08-10 07:30:04,557 INFO   [EXPIRE] SAM-12452360 — Carpet Removal and Installation (due 2026-08-07 · SAM.gov)
2026-08-10 07:30:04,557 INFO   [EXPIRE] SAM-12452360 — Carpet Removal and Installation (due 2026-08-07 · SAM.gov)
2026-08-10 07:30:04,557 INFO   [EXPIRE] SAM-N4008526R9063 — BQ AS4000 Area Paint - Flooring Repairs (due 2026-08-07 · SAM.gov)
2026-08-10 07:30:04,557 INFO   [EXPIRE] SAM-N4008526R9063 — BQ AS4000 Area Paint - Flooring Repairs (due 2026-08-07 · SAM.gov)
2026-08-10 07:30:04,557 INFO   [EXPIRE] 444081248795 — As-Needed and Urgent or Immediate Facilities Condition  (due 2026-08-07 · BidNet Direct)
2026-08-10 07:30:04,557 INFO   [EXPIRE] 444081248795 — As-Needed and Urgent or Immediate Facilities Condition  (due 2026-08-07 · BidNet Direct)
2026-08-10 07:30:04,557 INFO   [EXPIRE] SAM-GNFR-FC-BLS-26-26753 — Ft. Bliss, Texas - Freedom Crossing Starbucks Image Upd (due 2026-08-07 · SAM.gov)
2026-08-10 07:30:04,557 INFO   [EXPIRE] SAM-GNFR-FC-BLS-26-26753 — Ft. Bliss, Texas - Freedom Crossing Starbucks Image Upd (due 2026-08-07 · SAM.gov)
2026-08-10 07:30:04,557 INFO   [EXPIRE] SAM-70FBR226Q00000023 — Procure and deliver new ceiling tiles to replace existi (due 2026-08-07 · SAM.gov)
2026-08-10 07:30:04,557 INFO   [EXPIRE] SAM-70FBR226Q00000023 — Procure and deliver new ceiling tiles to replace existi (due 2026-08-07 · SAM.gov)
2026-08-10 07:30:04,557 INFO   [EXPIRE] SAM-FA664826SS0002 — Homestead Air Reserve Base B121 - B122 Hallway Connecti (due 2026-08-07 · SAM.gov)
2026-08-10 07:30:04,557 INFO   [EXPIRE] SAM-FA664826SS0002 — Homestead Air Reserve Base B121 - B122 Hallway Connecti (due 2026-08-07 · SAM.gov)
2026-08-10 07:30:04,558 INFO   [EXPIRE] SAM-W9124826QA007 — H2F Equipment Relocation (due 2026-08-07 · SAM.gov)
2026-08-10 07:30:04,558 INFO   [EXPIRE] SAM-W9124826QA007 — H2F Equipment Relocation (due 2026-08-07 · SAM.gov)
2026-08-10 07:30:04,558 INFO   [EXPIRE] 2711802902 — Request for Information: Window Cleaning Services - 412 (due 2026-08-07 · BidNet Direct)
2026-08-10 07:30:04,558 INFO   [EXPIRE] 2711802902 — Request for Information: Window Cleaning Services - 412 (due 2026-08-07 · BidNet Direct)
2026-08-10 07:30:04,558 INFO   [EXPIRE] 444091193962 — Janitorial Services (due 2026-08-07 · BidNet Direct)
2026-08-10 07:30:04,558 INFO   [EXPIRE] 444091193962 — Janitorial Services (due 2026-08-07 · BidNet Direct)
2026-08-10 07:30:04,558 INFO   [EXPIRE] CRISP-890 — Hollywood ES - SEEDS (due 2026-08-07 · Crisp Plan Room)
2026-08-10 07:30:04,558 INFO   [EXPIRE] CRISP-890 — Hollywood ES - SEEDS (due 2026-08-07 · Crisp Plan Room)
2026-08-10 07:30:04,558 INFO   [EXPIRE] 444110290287 — Floor Mat Services (due 2026-08-07 · BidNet Direct)
2026-08-10 07:30:04,558 INFO   [EXPIRE] 444110290287 — Floor Mat Services (due 2026-08-07 · BidNet Direct)
2026-08-10 07:30:04,558 INFO   [EXPIRE] SAM-FA485526Q0055 — 20 SOAMXS Compact Mini Crawler Cranes – SpyderCrane URW (due 2026-08-08 · SAM.gov)
2026-08-10 07:30:04,558 INFO   [EXPIRE] SAM-FA485526Q0055 — 20 SOAMXS Compact Mini Crawler Cranes – SpyderCrane URW (due 2026-08-08 · SAM.gov)
2026-08-10 07:30:04,558 INFO   [EXPIRE] SAM-FA704626QRJS2 — AFOTEC Exercise Court (due 2026-08-08 · SAM.gov)
2026-08-10 07:30:04,558 INFO   [EXPIRE] SAM-FA704626QRJS2 — AFOTEC Exercise Court (due 2026-08-08 · SAM.gov)
2026-08-10 07:30:04,558 INFO   [EXPIRE] SAM-75H70726Q00080 — Floor Replacement for the Albuquerque Indian Health Cen (due 2026-08-08 · SAM.gov)
2026-08-10 07:30:04,558 INFO   [EXPIRE] SAM-75H70726Q00080 — Floor Replacement for the Albuquerque Indian Health Cen (due 2026-08-08 · SAM.gov)
2026-08-10 07:30:05,062 INFO HTTP Request: PATCH https://obrqnthgqczkhffbsbac.supabase.co/rest/v1/bids?bid_id=in.%28SAM-12452360%2CSAM-N4008526R9063%2C444081248795%2CSAM-GNFR-FC-BLS-26-26753%2CSAM-70FBR226Q00000023%2CSAM-FA664826SS0002%2CSAM-W9124826QA007%2C2711802902%2C444091193962%2CCRISP-890%2C444110290287%2CSAM-FA485526Q0055%2CSAM-FA704626QRJS2%2CSAM-75H70726Q00080%29 "HTTP/2 200 OK"
2026-08-10 07:30:05,062 INFO HTTP Request: PATCH https://obrqnthgqczkhffbsbac.supabase.co/rest/v1/bids?bid_id=in.%28SAM-12452360%2CSAM-N4008526R9063%2C444081248795%2CSAM-GNFR-FC-BLS-26-26753%2CSAM-70FBR226Q00000023%2CSAM-FA664826SS0002%2CSAM-W9124826QA007%2C2711802902%2C444091193962%2CCRISP-890%2C444110290287%2CSAM-FA485526Q0055%2CSAM-FA704626QRJS2%2CSAM-75H70726Q00080%29 "HTTP/2 200 OK"
2026-08-10 07:30:05,065 INFO Expired 14 bid(s)
2026-08-10 07:30:05,065 INFO Expired 14 bid(s)
2026-08-10 07:30:05,883 INFO HTTP Request: GET https://obrqnthgqczkhffbsbac.supabase.co/rest/v1/bids?select=bid_id%2Ctitle%2Cbid_status&is_relevant=eq.True&bid_status=in.%28no_bid%2Cexpired%29 "HTTP/2 200 OK"
2026-08-10 07:30:05,883 INFO HTTP Request: GET https://obrqnthgqczkhffbsbac.supabase.co/rest/v1/bids?select=bid_id%2Ctitle%2Cbid_status&is_relevant=eq.True&bid_status=in.%28no_bid%2Cexpired%29 "HTTP/2 200 OK"
2026-08-10 07:30:05,883 INFO No manually-closed bids to sync
2026-08-10 07:30:05,883 INFO No manually-closed bids to sync
✓ Expired 14 past-due bids
2026-08-11 07:30:04,889 INFO HTTP Request: GET https://obrqnthgqczkhffbsbac.supabase.co/rest/v1/bids?select=bid_id%2Ctitle%2Cagency%2Cdue_date%2Csource&due_date=lt.2026-08-11&bid_status=neq.expired "HTTP/2 200 OK"
2026-08-11 07:30:04,889 INFO HTTP Request: GET https://obrqnthgqczkhffbsbac.supabase.co/rest/v1/bids?select=bid_id%2Ctitle%2Cagency%2Cdue_date%2Csource&due_date=lt.2026-08-11&bid_status=neq.expired "HTTP/2 200 OK"
2026-08-11 07:30:04,893 INFO Found 8 past-due bid(s)
2026-08-11 07:30:04,893 INFO Found 8 past-due bid(s)
2026-08-11 07:30:04,893 INFO   [EXPIRE] 444088550308 — Bus Terminal Janitorial Services (due 2026-08-10 · BidNet Direct)
2026-08-11 07:30:04,893 INFO   [EXPIRE] 444088550308 — Bus Terminal Janitorial Services (due 2026-08-10 · BidNet Direct)
2026-08-11 07:30:04,893 INFO   [EXPIRE] SAM-PANMCC26P0000050403 — Notice of Intent to Sole Source - Association of the Un (due 2026-08-10 · SAM.gov)
2026-08-11 07:30:04,893 INFO   [EXPIRE] SAM-PANMCC26P0000050403 — Notice of Intent to Sole Source - Association of the Un (due 2026-08-10 · SAM.gov)
2026-08-11 07:30:04,893 INFO   [EXPIRE] 444117006601 — 27-075 / ENTERPRISE PLAN PLUS PRO SUPPORT (due 2026-08-10 · BidNet Direct)
2026-08-11 07:30:04,893 INFO   [EXPIRE] 444117006601 — 27-075 / ENTERPRISE PLAN PLUS PRO SUPPORT (due 2026-08-10 · BidNet Direct)
2026-08-11 07:30:04,893 INFO   [EXPIRE] SAM-W50S6K-26-Q-A001 — Replacement of Conference Room, and Command Suite Windo (due 2026-08-10 · SAM.gov)
2026-08-11 07:30:04,893 INFO   [EXPIRE] SAM-W50S6K-26-Q-A001 — Replacement of Conference Room, and Command Suite Windo (due 2026-08-10 · SAM.gov)
2026-08-11 07:30:04,893 INFO   [EXPIRE] 9279692756 — Apple Valley Golf Course Monument Sign and Landscape Pr (due 2026-08-10 · BidNet Direct)
2026-08-11 07:30:04,893 INFO   [EXPIRE] 9279692756 — Apple Valley Golf Course Monument Sign and Landscape Pr (due 2026-08-10 · BidNet Direct)
2026-08-11 07:30:04,894 INFO   [EXPIRE] SAM-N4008526R9045 — MARSOC Buildings RR531 and RR532 Flooring Repairs (due 2026-08-10 · SAM.gov)
2026-08-11 07:30:04,894 INFO   [EXPIRE] SAM-N4008526R9045 — MARSOC Buildings RR531 and RR532 Flooring Repairs (due 2026-08-10 · SAM.gov)
2026-08-11 07:30:04,894 INFO   [EXPIRE] SAM-FA860126R0022 — 2026 Base Wide Flooring (due 2026-08-10 · SAM.gov)
2026-08-11 07:30:04,894 INFO   [EXPIRE] SAM-FA860126R0022 — 2026 Base Wide Flooring (due 2026-08-10 · SAM.gov)
2026-08-11 07:30:04,894 INFO   [EXPIRE] SAM-140P5126Q0053 — 72--REPL. OF HISTORIC WOOD FLOOR (due 2026-08-10 · SAM.gov)
2026-08-11 07:30:04,894 INFO   [EXPIRE] SAM-140P5126Q0053 — 72--REPL. OF HISTORIC WOOD FLOOR (due 2026-08-10 · SAM.gov)
2026-08-11 07:30:05,503 INFO HTTP Request: PATCH https://obrqnthgqczkhffbsbac.supabase.co/rest/v1/bids?bid_id=in.%28444088550308%2CSAM-PANMCC26P0000050403%2C444117006601%2CSAM-W50S6K-26-Q-A001%2C9279692756%2CSAM-N4008526R9045%2CSAM-FA860126R0022%2CSAM-140P5126Q0053%29 "HTTP/2 200 OK"
2026-08-11 07:30:05,503 INFO HTTP Request: PATCH https://obrqnthgqczkhffbsbac.supabase.co/rest/v1/bids?bid_id=in.%28444088550308%2CSAM-PANMCC26P0000050403%2C444117006601%2CSAM-W50S6K-26-Q-A001%2C9279692756%2CSAM-N4008526R9045%2CSAM-FA860126R0022%2CSAM-140P5126Q0053%29 "HTTP/2 200 OK"
2026-08-11 07:30:05,505 INFO Expired 8 bid(s)
2026-08-11 07:30:05,505 INFO Expired 8 bid(s)
2026-08-11 07:30:06,215 INFO HTTP Request: GET https://obrqnthgqczkhffbsbac.supabase.co/rest/v1/bids?select=bid_id%2Ctitle%2Cbid_status&is_relevant=eq.True&bid_status=in.%28no_bid%2Cexpired%29 "HTTP/2 200 OK"
2026-08-11 07:30:06,215 INFO HTTP Request: GET https://obrqnthgqczkhffbsbac.supabase.co/rest/v1/bids?select=bid_id%2Ctitle%2Cbid_status&is_relevant=eq.True&bid_status=in.%28no_bid%2Cexpired%29 "HTTP/2 200 OK"
2026-08-11 07:30:06,216 INFO No manually-closed bids to sync
2026-08-11 07:30:06,216 INFO No manually-closed bids to sync
✓ Expired 8 past-due bids
2026-08-12 07:30:06,007 INFO HTTP Request: GET https://obrqnthgqczkhffbsbac.supabase.co/rest/v1/bids?select=bid_id%2Ctitle%2Cagency%2Cdue_date%2Csource&due_date=lt.2026-08-12&bid_status=neq.expired "HTTP/2 200 OK"
2026-08-12 07:30:06,007 INFO HTTP Request: GET https://obrqnthgqczkhffbsbac.supabase.co/rest/v1/bids?select=bid_id%2Ctitle%2Cagency%2Cdue_date%2Csource&due_date=lt.2026-08-12&bid_status=neq.expired "HTTP/2 200 OK"
2026-08-12 07:30:06,010 INFO Found 15 past-due bid(s)
2026-08-12 07:30:06,010 INFO Found 15 past-due bid(s)
2026-08-12 07:30:06,011 INFO   [EXPIRE] SAM-15B30526PR000069 — FCI ESTILL - Asphalt Supply & Coordinated Delivery (due 2026-08-11 · SAM.gov)
2026-08-12 07:30:06,011 INFO   [EXPIRE] SAM-15B30526PR000069 — FCI ESTILL - Asphalt Supply & Coordinated Delivery (due 2026-08-11 · SAM.gov)
2026-08-12 07:30:06,011 INFO   [EXPIRE] SAM-FA446026Q0039 — 19 CPTS Carpet B1255 (due 2026-08-11 · SAM.gov)
2026-08-12 07:30:06,011 INFO   [EXPIRE] SAM-FA446026Q0039 — 19 CPTS Carpet B1255 (due 2026-08-11 · SAM.gov)
2026-08-12 07:30:06,011 INFO   [EXPIRE] SAM-1240BH26Q0028 — GAOA South Park Office Rehab Pike National Forest (due 2026-08-11 · SAM.gov)
2026-08-12 07:30:06,011 INFO   [EXPIRE] SAM-1240BH26Q0028 — GAOA South Park Office Rehab Pike National Forest (due 2026-08-11 · SAM.gov)
2026-08-12 07:30:06,011 INFO   [EXPIRE] 444101862112 — Minor Buildings Repair Project (due 2026-08-11 · BidNet Direct)
2026-08-12 07:30:06,011 INFO   [EXPIRE] 444101862112 — Minor Buildings Repair Project (due 2026-08-11 · BidNet Direct)
2026-08-12 07:30:06,011 INFO   [EXPIRE] 444103369490 — 2026 MINOR BUILDINGS REPAIR PROJECT (due 2026-08-11 · BidNet Direct)
2026-08-12 07:30:06,011 INFO   [EXPIRE] 444103369490 — 2026 MINOR BUILDINGS REPAIR PROJECT (due 2026-08-11 · BidNet Direct)
2026-08-12 07:30:06,011 INFO   [EXPIRE] SAM-W912DS26QA015 — FY 2026 Facility Upgrades for New Jersey and New York R (due 2026-08-11 · SAM.gov)
2026-08-12 07:30:06,011 INFO   [EXPIRE] SAM-W912DS26QA015 — FY 2026 Facility Upgrades for New Jersey and New York R (due 2026-08-11 · SAM.gov)
2026-08-12 07:30:06,011 INFO   [EXPIRE] 444119811899 — KIT - KING PIN, STEERING KNUCKLE, LH & RH, LOW FLOOR AX (due 2026-08-11 · BidNet Direct)
2026-08-12 07:30:06,011 INFO   [EXPIRE] 444119811899 — KIT - KING PIN, STEERING KNUCKLE, LH & RH, LOW FLOOR AX (due 2026-08-11 · BidNet Direct)
2026-08-12 07:30:06,011 INFO   [EXPIRE] 444118950002 — Architectural Services (due 2026-08-11 · BidNet Direct)
2026-08-12 07:30:06,011 INFO   [EXPIRE] 444118950002 — Architectural Services (due 2026-08-11 · BidNet Direct)
2026-08-12 07:30:06,012 INFO   [EXPIRE] SAM-70Z03326Q0000011 — Gymnasium Hardwood Floor Restoration - USCG Station Qui (due 2026-08-11 · SAM.gov)
2026-08-12 07:30:06,012 INFO   [EXPIRE] SAM-70Z03326Q0000011 — Gymnasium Hardwood Floor Restoration - USCG Station Qui (due 2026-08-11 · SAM.gov)
2026-08-12 07:30:06,012 INFO   [EXPIRE] SAM-12444026Q0164 — housekeeping services for the Boston Mountain Ranger Di (due 2026-08-11 · SAM.gov)
2026-08-12 07:30:06,012 INFO   [EXPIRE] SAM-12444026Q0164 — housekeeping services for the Boston Mountain Ranger Di (due 2026-08-11 · SAM.gov)
2026-08-12 07:30:06,012 INFO   [EXPIRE] SAM-FA446026Q0040 — 19 CONS Carpet Replacement (due 2026-08-11 · SAM.gov)
2026-08-12 07:30:06,012 INFO   [EXPIRE] SAM-FA446026Q0040 — 19 CONS Carpet Replacement (due 2026-08-11 · SAM.gov)
2026-08-12 07:30:06,012 INFO   [EXPIRE] 444104866338 — Annual Asbestos and Lead Paint Abatement (due 2026-08-11 · BidNet Direct)
2026-08-12 07:30:06,012 INFO   [EXPIRE] 444104866338 — Annual Asbestos and Lead Paint Abatement (due 2026-08-11 · BidNet Direct)
2026-08-12 07:30:06,012 INFO   [EXPIRE] 444119168499 — ADHESIVE - FLOOR, JOHNSONITE 996, PART A & B (due 2026-08-11 · BidNet Direct)
2026-08-12 07:30:06,012 INFO   [EXPIRE] 444119168499 — ADHESIVE - FLOOR, JOHNSONITE 996, PART A & B (due 2026-08-11 · BidNet Direct)
2026-08-12 07:30:06,012 INFO   [EXPIRE] 444112424813 — FORD F350 OR EQUAL XL REGULAR CAB 4X2 DUAL REAR WHEEL W (due 2026-08-11 · BidNet Direct)
2026-08-12 07:30:06,012 INFO   [EXPIRE] 444112424813 — FORD F350 OR EQUAL XL REGULAR CAB 4X2 DUAL REAR WHEEL W (due 2026-08-11 · BidNet Direct)
2026-08-12 07:30:06,012 INFO   [EXPIRE] SAM-31100PR260000050 — 31100PR260000050 - USCG BASE LOS ANGELES LONG BEACH COA (due 2026-08-11 · SAM.gov)
2026-08-12 07:30:06,012 INFO   [EXPIRE] SAM-31100PR260000050 — 31100PR260000050 - USCG BASE LOS ANGELES LONG BEACH COA (due 2026-08-11 · SAM.gov)
2026-08-12 07:30:06,992 INFO HTTP Request: PATCH https://obrqnthgqczkhffbsbac.supabase.co/rest/v1/bids?bid_id=in.%28SAM-15B30526PR000069%2CSAM-FA446026Q0039%2CSAM-1240BH26Q0028%2C444101862112%2C444103369490%2CSAM-W912DS26QA015%2C444119811899%2C444118950002%2CSAM-70Z03326Q0000011%2CSAM-12444026Q0164%2CSAM-FA446026Q0040%2C444104866338%2C444119168499%2C444112424813%2CSAM-31100PR260000050%29 "HTTP/2 200 OK"
2026-08-12 07:30:06,992 INFO HTTP Request: PATCH https://obrqnthgqczkhffbsbac.supabase.co/rest/v1/bids?bid_id=in.%28SAM-15B30526PR000069%2CSAM-FA446026Q0039%2CSAM-1240BH26Q0028%2C444101862112%2C444103369490%2CSAM-W912DS26QA015%2C444119811899%2C444118950002%2CSAM-70Z03326Q0000011%2CSAM-12444026Q0164%2CSAM-FA446026Q0040%2C444104866338%2C444119168499%2C444112424813%2CSAM-31100PR260000050%29 "HTTP/2 200 OK"
2026-08-12 07:30:06,996 INFO Expired 15 bid(s)
2026-08-12 07:30:06,996 INFO Expired 15 bid(s)
2026-08-12 07:30:07,403 INFO HTTP Request: GET https://obrqnthgqczkhffbsbac.supabase.co/rest/v1/bids?select=bid_id%2Ctitle%2Cbid_status&is_relevant=eq.True&bid_status=in.%28no_bid%2Cexpired%29 "HTTP/2 200 OK"
2026-08-12 07:30:07,403 INFO HTTP Request: GET https://obrqnthgqczkhffbsbac.supabase.co/rest/v1/bids?select=bid_id%2Ctitle%2Cbid_status&is_relevant=eq.True&bid_status=in.%28no_bid%2Cexpired%29 "HTTP/2 200 OK"
2026-08-12 07:30:07,404 INFO No manually-closed bids to sync
2026-08-12 07:30:07,404 INFO No manually-closed bids to sync
✓ Expired 15 past-due bids
2026-08-13 07:30:08,525 INFO HTTP Request: GET https://obrqnthgqczkhffbsbac.supabase.co/rest/v1/bids?select=bid_id%2Ctitle%2Cagency%2Cdue_date%2Csource&due_date=lt.2026-08-13&bid_status=neq.expired "HTTP/2 200 OK"
2026-08-13 07:30:08,525 INFO HTTP Request: GET https://obrqnthgqczkhffbsbac.supabase.co/rest/v1/bids?select=bid_id%2Ctitle%2Cagency%2Cdue_date%2Csource&due_date=lt.2026-08-13&bid_status=neq.expired "HTTP/2 200 OK"
2026-08-13 07:30:08,528 INFO Found 7 past-due bid(s)
2026-08-13 07:30:08,528 INFO Found 7 past-due bid(s)
2026-08-13 07:30:08,528 INFO   [EXPIRE] 444104565563 — Brockton 1st Floor Remodel (due 2026-08-12 · BidNet Direct)
2026-08-13 07:30:08,528 INFO   [EXPIRE] 444104565563 — Brockton 1st Floor Remodel (due 2026-08-12 · BidNet Direct)
2026-08-13 07:30:08,529 INFO   [EXPIRE] SAM-W50S8226QA005 — SCIF Tile Replacement (due 2026-08-12 · SAM.gov)
2026-08-13 07:30:08,529 INFO   [EXPIRE] SAM-W50S8226QA005 — SCIF Tile Replacement (due 2026-08-12 · SAM.gov)
2026-08-13 07:30:08,529 INFO   [EXPIRE] 444120915520 — BEARING - TAPERED CONE, INNER, FRONT HUB, LOW FLOOR AXL (due 2026-08-12 · BidNet Direct)
2026-08-13 07:30:08,529 INFO   [EXPIRE] 444120915520 — BEARING - TAPERED CONE, INNER, FRONT HUB, LOW FLOOR AXL (due 2026-08-12 · BidNet Direct)
2026-08-13 07:30:08,529 INFO   [EXPIRE] 444112489174 — Statement of Services for IT Data Center Raised Access  (due 2026-08-12 · BidNet Direct)
2026-08-13 07:30:08,529 INFO   [EXPIRE] 444112489174 — Statement of Services for IT Data Center Raised Access  (due 2026-08-12 · BidNet Direct)
2026-08-13 07:30:08,529 INFO   [EXPIRE] SAM-FA462026QA295 — Resilient Rubber Flooring (due 2026-08-12 · SAM.gov)
2026-08-13 07:30:08,529 INFO   [EXPIRE] SAM-FA462026QA295 — Resilient Rubber Flooring (due 2026-08-12 · SAM.gov)
2026-08-13 07:30:08,529 INFO   [EXPIRE] 444121238376 — Fire Suppression and Data Center Floor Maintenance Serv (due 2026-08-12 · BidNet Direct)
2026-08-13 07:30:08,529 INFO   [EXPIRE] 444121238376 — Fire Suppression and Data Center Floor Maintenance Serv (due 2026-08-12 · BidNet Direct)
2026-08-13 07:30:08,529 INFO   [EXPIRE] SAM-1240LT26Q0135 — Stockmore Admin Site Renovation (due 2026-08-12 · SAM.gov)
2026-08-13 07:30:08,529 INFO   [EXPIRE] SAM-1240LT26Q0135 — Stockmore Admin Site Renovation (due 2026-08-12 · SAM.gov)
2026-08-13 07:30:09,550 INFO HTTP Request: PATCH https://obrqnthgqczkhffbsbac.supabase.co/rest/v1/bids?bid_id=in.%28444104565563%2CSAM-W50S8226QA005%2C444120915520%2C444112489174%2CSAM-FA462026QA295%2C444121238376%2CSAM-1240LT26Q0135%29 "HTTP/2 200 OK"
2026-08-13 07:30:09,550 INFO HTTP Request: PATCH https://obrqnthgqczkhffbsbac.supabase.co/rest/v1/bids?bid_id=in.%28444104565563%2CSAM-W50S8226QA005%2C444120915520%2C444112489174%2CSAM-FA462026QA295%2C444121238376%2CSAM-1240LT26Q0135%29 "HTTP/2 200 OK"
2026-08-13 07:30:09,552 INFO Expired 7 bid(s)
2026-08-13 07:30:09,552 INFO Expired 7 bid(s)
2026-08-13 07:30:10,369 INFO HTTP Request: GET https://obrqnthgqczkhffbsbac.supabase.co/rest/v1/bids?select=bid_id%2Ctitle%2Cbid_status&is_relevant=eq.True&bid_status=in.%28no_bid%2Cexpired%29 "HTTP/2 200 OK"
2026-08-13 07:30:10,369 INFO HTTP Request: GET https://obrqnthgqczkhffbsbac.supabase.co/rest/v1/bids?select=bid_id%2Ctitle%2Cbid_status&is_relevant=eq.True&bid_status=in.%28no_bid%2Cexpired%29 "HTTP/2 200 OK"
2026-08-13 07:30:10,370 INFO No manually-closed bids to sync
2026-08-13 07:30:10,370 INFO No manually-closed bids to sync
✓ Expired 7 past-due bids
2026-08-14 07:30:03,399 INFO HTTP Request: GET https://obrqnthgqczkhffbsbac.supabase.co/rest/v1/bids?select=bid_id%2Ctitle%2Cagency%2Cdue_date%2Csource&due_date=lt.2026-08-14&bid_status=neq.expired "HTTP/2 200 OK"
2026-08-14 07:30:03,399 INFO HTTP Request: GET https://obrqnthgqczkhffbsbac.supabase.co/rest/v1/bids?select=bid_id%2Ctitle%2Cagency%2Cdue_date%2Csource&due_date=lt.2026-08-14&bid_status=neq.expired "HTTP/2 200 OK"
2026-08-14 07:30:03,403 INFO Found 11 past-due bid(s)
2026-08-14 07:30:03,403 INFO Found 11 past-due bid(s)
2026-08-14 07:30:03,403 INFO   [EXPIRE] SAM-70Z03326QSEAT0055 — Northwest District Carpet Replacement (due 2026-08-13 · SAM.gov)
2026-08-14 07:30:03,403 INFO   [EXPIRE] SAM-70Z03326QSEAT0055 — Northwest District Carpet Replacement (due 2026-08-13 · SAM.gov)
2026-08-14 07:30:03,403 INFO   [EXPIRE] 444116969591 — Floor Operated Overhead Crane Training (due 2026-08-13 · BidNet Direct)
2026-08-14 07:30:03,403 INFO   [EXPIRE] 444116969591 — Floor Operated Overhead Crane Training (due 2026-08-13 · BidNet Direct)
2026-08-14 07:30:03,403 INFO   [EXPIRE] 444107112300 — Professional Services for 425 Nimrod Street ~ Property  (due 2026-08-13 · BidNet Direct)
2026-08-14 07:30:03,403 INFO   [EXPIRE] 444107112300 — Professional Services for 425 Nimrod Street ~ Property  (due 2026-08-13 · BidNet Direct)
2026-08-14 07:30:03,404 INFO   [EXPIRE] 2711364047 — Ground Transportation Car Wash Design-Build Replacement (due 2026-08-13 · BidNet Direct)
2026-08-14 07:30:03,404 INFO   [EXPIRE] 2711364047 — Ground Transportation Car Wash Design-Build Replacement (due 2026-08-13 · BidNet Direct)
2026-08-14 07:30:03,404 INFO   [EXPIRE] 9306405907 — Acquisition, Rehabilitation, Resale Project (due 2026-08-13 · BidNet Direct)
2026-08-14 07:30:03,404 INFO   [EXPIRE] 9306405907 — Acquisition, Rehabilitation, Resale Project (due 2026-08-13 · BidNet Direct)
2026-08-14 07:30:03,404 INFO   [EXPIRE] SAM-W9127Q26QA006 — Audio Visual (AV) Equipment & Installation Camp Shelby, (due 2026-08-13 · SAM.gov)
2026-08-14 07:30:03,404 INFO   [EXPIRE] SAM-W9127Q26QA006 — Audio Visual (AV) Equipment & Installation Camp Shelby, (due 2026-08-13 · SAM.gov)
2026-08-14 07:30:03,404 INFO   [EXPIRE] 444116969588 — Vehicle Mounted Elevating and Rotating Aerial Devices O (due 2026-08-13 · BidNet Direct)
2026-08-14 07:30:03,404 INFO   [EXPIRE] 444116969588 — Vehicle Mounted Elevating and Rotating Aerial Devices O (due 2026-08-13 · BidNet Direct)
2026-08-14 07:30:03,404 INFO   [EXPIRE] SAM-N4008526R9055 — BEQ HP200 Area Paint & Flooring Repairs (due 2026-08-13 · SAM.gov)
2026-08-14 07:30:03,404 INFO   [EXPIRE] SAM-N4008526R9055 — BEQ HP200 Area Paint & Flooring Repairs (due 2026-08-13 · SAM.gov)
2026-08-14 07:30:03,404 INFO   [EXPIRE] 444114855112 — Ergonomic Office Chairs (due 2026-08-13 · BidNet Direct)
2026-08-14 07:30:03,404 INFO   [EXPIRE] 444114855112 — Ergonomic Office Chairs (due 2026-08-13 · BidNet Direct)
2026-08-14 07:30:03,404 INFO   [EXPIRE] SAM-W50S7G26QA013 — Building 20 Renovation (due 2026-08-13 · SAM.gov)
2026-08-14 07:30:03,404 INFO   [EXPIRE] SAM-W50S7G26QA013 — Building 20 Renovation (due 2026-08-13 · SAM.gov)
2026-08-14 07:30:03,404 INFO   [EXPIRE] 444113610351 — SKY B2 AI Innovation Hub Project - Infrastructure Work  (due 2026-08-13 · BidNet Direct)
2026-08-14 07:30:03,404 INFO   [EXPIRE] 444113610351 — SKY B2 AI Innovation Hub Project - Infrastructure Work  (due 2026-08-13 · BidNet Direct)
2026-08-14 07:30:04,523 INFO HTTP Request: PATCH https://obrqnthgqczkhffbsbac.supabase.co/rest/v1/bids?bid_id=in.%28SAM-70Z03326QSEAT0055%2C444116969591%2C444107112300%2C2711364047%2C9306405907%2CSAM-W9127Q26QA006%2C444116969588%2CSAM-N4008526R9055%2C444114855112%2CSAM-W50S7G26QA013%2C444113610351%29 "HTTP/2 200 OK"
2026-08-14 07:30:04,523 INFO HTTP Request: PATCH https://obrqnthgqczkhffbsbac.supabase.co/rest/v1/bids?bid_id=in.%28SAM-70Z03326QSEAT0055%2C444116969591%2C444107112300%2C2711364047%2C9306405907%2CSAM-W9127Q26QA006%2C444116969588%2CSAM-N4008526R9055%2C444114855112%2CSAM-W50S7G26QA013%2C444113610351%29 "HTTP/2 200 OK"
2026-08-14 07:30:04,526 INFO Expired 11 bid(s)
2026-08-14 07:30:04,526 INFO Expired 11 bid(s)
2026-08-14 07:30:05,343 INFO HTTP Request: GET https://obrqnthgqczkhffbsbac.supabase.co/rest/v1/bids?select=bid_id%2Ctitle%2Cbid_status&is_relevant=eq.True&bid_status=in.%28no_bid%2Cexpired%29 "HTTP/2 200 OK"
2026-08-14 07:30:05,343 INFO HTTP Request: GET https://obrqnthgqczkhffbsbac.supabase.co/rest/v1/bids?select=bid_id%2Ctitle%2Cbid_status&is_relevant=eq.True&bid_status=in.%28no_bid%2Cexpired%29 "HTTP/2 200 OK"
2026-08-14 07:30:05,345 INFO No manually-closed bids to sync
2026-08-14 07:30:05,345 INFO No manually-closed bids to sync
✓ Expired 11 past-due bids
2026-08-17 07:30:04,064 INFO HTTP Request: GET https://obrqnthgqczkhffbsbac.supabase.co/rest/v1/bids?select=bid_id%2Ctitle%2Cagency%2Cdue_date%2Csource&due_date=lt.2026-08-17&bid_status=neq.expired "HTTP/2 200 OK"
2026-08-17 07:30:04,064 INFO HTTP Request: GET https://obrqnthgqczkhffbsbac.supabase.co/rest/v1/bids?select=bid_id%2Ctitle%2Cagency%2Cdue_date%2Csource&due_date=lt.2026-08-17&bid_status=neq.expired "HTTP/2 200 OK"
2026-08-17 07:30:04,068 INFO Found 14 past-due bid(s)
2026-08-17 07:30:04,068 INFO Found 14 past-due bid(s)
2026-08-17 07:30:04,068 INFO   [EXPIRE] SAM-36C26127Q0015 — Z1DA--36C26127Q0015 | VASNHCS Maintenance Flooring Repa (due 2026-08-14 · SAM.gov)
2026-08-17 07:30:04,068 INFO   [EXPIRE] SAM-36C26127Q0015 — Z1DA--36C26127Q0015 | VASNHCS Maintenance Flooring Repa (due 2026-08-14 · SAM.gov)
2026-08-17 07:30:04,068 INFO   [EXPIRE] SAM-19PA1026Q0007 — Paver grouting project (due 2026-08-14 · SAM.gov)
2026-08-17 07:30:04,068 INFO   [EXPIRE] SAM-19PA1026Q0007 — Paver grouting project (due 2026-08-14 · SAM.gov)
2026-08-17 07:30:04,068 INFO   [EXPIRE] SAM-19GE5026R0116 — Exterior Painting and Façade Repair at the U.S. Consula (due 2026-08-14 · SAM.gov)
2026-08-17 07:30:04,068 INFO   [EXPIRE] SAM-19GE5026R0116 — Exterior Painting and Façade Repair at the U.S. Consula (due 2026-08-14 · SAM.gov)
2026-08-17 07:30:04,068 INFO   [EXPIRE] 444098538520 — I.C. DEPARTMENT OF INFORMATION & TECHNICAL SERVICES (IT (due 2026-08-14 · BidNet Direct)
2026-08-17 07:30:04,068 INFO   [EXPIRE] 444098538520 — I.C. DEPARTMENT OF INFORMATION & TECHNICAL SERVICES (IT (due 2026-08-14 · BidNet Direct)
2026-08-17 07:30:04,069 INFO   [EXPIRE] SAM-36C25626Q1005 — Z2JZ--Wellness Center Flooring Install / Service (due 2026-08-14 · SAM.gov)
2026-08-17 07:30:04,069 INFO   [EXPIRE] SAM-36C25626Q1005 — Z2JZ--Wellness Center Flooring Install / Service (due 2026-08-14 · SAM.gov)
2026-08-17 07:30:04,069 INFO   [EXPIRE] SAM-FA462526Q1067 — Flooring and Carpet Services (due 2026-08-14 · SAM.gov)
2026-08-17 07:30:04,069 INFO   [EXPIRE] SAM-FA462526Q1067 — Flooring and Carpet Services (due 2026-08-14 · SAM.gov)
2026-08-17 07:30:04,069 INFO   [EXPIRE] SAM-W50S7K26QA004 — MS CRTC Dining Facility Tables and Seating (due 2026-08-14 · SAM.gov)
2026-08-17 07:30:04,069 INFO   [EXPIRE] SAM-W50S7K26QA004 — MS CRTC Dining Facility Tables and Seating (due 2026-08-14 · SAM.gov)
2026-08-17 07:30:04,069 INFO   [EXPIRE] SAM-SPMYM326Q6075 — VINYL TILE AND FLOORING (due 2026-08-14 · SAM.gov)
2026-08-17 07:30:04,069 INFO   [EXPIRE] SAM-SPMYM326Q6075 — VINYL TILE AND FLOORING (due 2026-08-14 · SAM.gov)
2026-08-17 07:30:04,069 INFO   [EXPIRE] 444114972470 — 5210 Pacific Concourse Dr. Tenant Improvements (BP 08 - (due 2026-08-14 · BidNet Direct)
2026-08-17 07:30:04,069 INFO   [EXPIRE] 444114972470 — 5210 Pacific Concourse Dr. Tenant Improvements (BP 08 - (due 2026-08-14 · BidNet Direct)
2026-08-17 07:30:04,069 INFO   [EXPIRE] SAM-FA468626MUNSB1322 — 9 MUNS B1322 - Asbestos & Carpet Replacement - Beale AF (due 2026-08-14 · SAM.gov)
2026-08-17 07:30:04,069 INFO   [EXPIRE] SAM-FA468626MUNSB1322 — 9 MUNS B1322 - Asbestos & Carpet Replacement - Beale AF (due 2026-08-14 · SAM.gov)
2026-08-17 07:30:04,069 INFO   [EXPIRE] SAM-1240LT26Q0124 — Escalante Basement Flood Repairs - Dixie National Fores (due 2026-08-15 · SAM.gov)
2026-08-17 07:30:04,069 INFO   [EXPIRE] SAM-1240LT26Q0124 — Escalante Basement Flood Repairs - Dixie National Fores (due 2026-08-15 · SAM.gov)
2026-08-17 07:30:04,069 INFO   [EXPIRE] CRISP-899 — Limerick ES - SEEDS / Mosk ES - SEEDS (due 2026-08-15 · Crisp Plan Room)
2026-08-17 07:30:04,069 INFO   [EXPIRE] CRISP-899 — Limerick ES - SEEDS / Mosk ES - SEEDS (due 2026-08-15 · Crisp Plan Room)
2026-08-17 07:30:04,069 INFO   [EXPIRE] SAM-W911KB26RA030 — COMBAT RESCUE HELICOPTER (CRH) SIMULATOR FACILITY, JBER (due 2026-08-16 · SAM.gov)
2026-08-17 07:30:04,069 INFO   [EXPIRE] SAM-W911KB26RA030 — COMBAT RESCUE HELICOPTER (CRH) SIMULATOR FACILITY, JBER (due 2026-08-16 · SAM.gov)
2026-08-17 07:30:04,069 INFO   [EXPIRE] SAM-19KU2026Q0013 — RFQ 19KU2026Q0013 - AEWA Door & Tile Installation Upgra (due 2026-08-16 · SAM.gov)
2026-08-17 07:30:04,069 INFO   [EXPIRE] SAM-19KU2026Q0013 — RFQ 19KU2026Q0013 - AEWA Door & Tile Installation Upgra (due 2026-08-16 · SAM.gov)
2026-08-17 07:30:05,188 INFO HTTP Request: PATCH https://obrqnthgqczkhffbsbac.supabase.co/rest/v1/bids?bid_id=in.%28SAM-36C26127Q0015%2CSAM-19PA1026Q0007%2CSAM-19GE5026R0116%2C444098538520%2CSAM-36C25626Q1005%2CSAM-FA462526Q1067%2CSAM-W50S7K26QA004%2CSAM-SPMYM326Q6075%2C444114972470%2CSAM-FA468626MUNSB1322%2CSAM-1240LT26Q0124%2CCRISP-899%2CSAM-W911KB26RA030%2CSAM-19KU2026Q0013%29 "HTTP/2 200 OK"
2026-08-17 07:30:05,188 INFO HTTP Request: PATCH https://obrqnthgqczkhffbsbac.supabase.co/rest/v1/bids?bid_id=in.%28SAM-36C26127Q0015%2CSAM-19PA1026Q0007%2CSAM-19GE5026R0116%2C444098538520%2CSAM-36C25626Q1005%2CSAM-FA462526Q1067%2CSAM-W50S7K26QA004%2CSAM-SPMYM326Q6075%2C444114972470%2CSAM-FA468626MUNSB1322%2CSAM-1240LT26Q0124%2CCRISP-899%2CSAM-W911KB26RA030%2CSAM-19KU2026Q0013%29 "HTTP/2 200 OK"
2026-08-17 07:30:05,191 INFO Expired 14 bid(s)
2026-08-17 07:30:05,191 INFO Expired 14 bid(s)
2026-08-17 07:30:05,597 INFO HTTP Request: GET https://obrqnthgqczkhffbsbac.supabase.co/rest/v1/bids?select=bid_id%2Ctitle%2Cbid_status&is_relevant=eq.True&bid_status=in.%28no_bid%2Cexpired%29 "HTTP/2 200 OK"
2026-08-17 07:30:05,597 INFO HTTP Request: GET https://obrqnthgqczkhffbsbac.supabase.co/rest/v1/bids?select=bid_id%2Ctitle%2Cbid_status&is_relevant=eq.True&bid_status=in.%28no_bid%2Cexpired%29 "HTTP/2 200 OK"
2026-08-17 07:30:05,599 INFO No manually-closed bids to sync
2026-08-17 07:30:05,599 INFO No manually-closed bids to sync
✓ Expired 14 past-due bids
2026-08-18 07:30:05,596 INFO HTTP Request: GET https://obrqnthgqczkhffbsbac.supabase.co/rest/v1/bids?select=bid_id%2Ctitle%2Cagency%2Cdue_date%2Csource&due_date=lt.2026-08-18&bid_status=neq.expired "HTTP/2 200 OK"
2026-08-18 07:30:05,596 INFO HTTP Request: GET https://obrqnthgqczkhffbsbac.supabase.co/rest/v1/bids?select=bid_id%2Ctitle%2Cagency%2Cdue_date%2Csource&due_date=lt.2026-08-18&bid_status=neq.expired "HTTP/2 200 OK"
2026-08-18 07:30:05,599 INFO Found 12 past-due bid(s)
2026-08-18 07:30:05,599 INFO Found 12 past-due bid(s)
2026-08-18 07:30:05,599 INFO   [EXPIRE] SAM-N4008526R9064 — BEQ BB200-BB300 Area Paint & Flooring Repairs (due 2026-08-17 · SAM.gov)
2026-08-18 07:30:05,599 INFO   [EXPIRE] SAM-N4008526R9064 — BEQ BB200-BB300 Area Paint & Flooring Repairs (due 2026-08-17 · SAM.gov)
2026-08-18 07:30:05,599 INFO   [EXPIRE] 444112489170 — ECC Ceramics Renovation and Addition (due 2026-08-17 · BidNet Direct)
2026-08-18 07:30:05,599 INFO   [EXPIRE] 444112489170 — ECC Ceramics Renovation and Addition (due 2026-08-17 · BidNet Direct)
2026-08-18 07:30:05,600 INFO   [EXPIRE] SAM-W911S226U4019 — Gym Equipment (due 2026-08-17 · SAM.gov)
2026-08-18 07:30:05,600 INFO   [EXPIRE] SAM-W911S226U4019 — Gym Equipment (due 2026-08-17 · SAM.gov)
2026-08-18 07:30:05,600 INFO   [EXPIRE] SAM-36C24726Q0763 — J083--BUILDING 143 DIETETICS FLOORING RENOVATIONS SERVI (due 2026-08-17 · SAM.gov)
2026-08-18 07:30:05,600 INFO   [EXPIRE] SAM-36C24726Q0763 — J083--BUILDING 143 DIETETICS FLOORING RENOVATIONS SERVI (due 2026-08-17 · SAM.gov)
2026-08-18 07:30:05,600 INFO   [EXPIRE] 444105925105 — As-Needed Unit Turnover Flooring Services (due 2026-08-17 · BidNet Direct)
2026-08-18 07:30:05,600 INFO   [EXPIRE] 444105925105 — As-Needed Unit Turnover Flooring Services (due 2026-08-17 · BidNet Direct)
2026-08-18 07:30:05,600 INFO   [EXPIRE] 444105898963 — As-Needed Unit Turnover Cleaning and Carpet Cleaning Se (due 2026-08-17 · BidNet Direct)
2026-08-18 07:30:05,600 INFO   [EXPIRE] 444105898963 — As-Needed Unit Turnover Cleaning and Carpet Cleaning Se (due 2026-08-17 · BidNet Direct)
2026-08-18 07:30:05,600 INFO   [EXPIRE] 444101942212 — IT Server & Communication Room Renovation Project (due 2026-08-17 · BidNet Direct)
2026-08-18 07:30:05,600 INFO   [EXPIRE] 444101942212 — IT Server & Communication Room Renovation Project (due 2026-08-17 · BidNet Direct)
2026-08-18 07:30:05,600 INFO   [EXPIRE] 444120845223 — 2026 Renovations Final Phase (due 2026-08-17 · BidNet Direct)
2026-08-18 07:30:05,600 INFO   [EXPIRE] 444120845223 — 2026 Renovations Final Phase (due 2026-08-17 · BidNet Direct)
2026-08-18 07:30:05,600 INFO   [EXPIRE] 444122055647 — SENIOR GRANT PROGRAM CONSTRUCTION REHABILITATION SERVIC (due 2026-08-17 · BidNet Direct)
2026-08-18 07:30:05,600 INFO   [EXPIRE] 444122055647 — SENIOR GRANT PROGRAM CONSTRUCTION REHABILITATION SERVIC (due 2026-08-17 · BidNet Direct)
2026-08-18 07:30:05,600 INFO   [EXPIRE] SAM-2WA0619 — U.S. Government Seeking to Lease Warehouse and Related  (due 2026-08-17 · SAM.gov)
2026-08-18 07:30:05,600 INFO   [EXPIRE] SAM-2WA0619 — U.S. Government Seeking to Lease Warehouse and Related  (due 2026-08-17 · SAM.gov)
2026-08-18 07:30:05,600 INFO   [EXPIRE] SAM-36C25227R0001 — Z2DA--FY27 Multiple Award Task Order Contract, SEED PRO (due 2026-08-17 · SAM.gov)
2026-08-18 07:30:05,600 INFO   [EXPIRE] SAM-36C25227R0001 — Z2DA--FY27 Multiple Award Task Order Contract, SEED PRO (due 2026-08-17 · SAM.gov)
2026-08-18 07:30:05,600 INFO   [EXPIRE] CRISP-891 — Franklin HS- Roofing (due 2026-08-17 · Crisp Plan Room)
2026-08-18 07:30:05,600 INFO   [EXPIRE] CRISP-891 — Franklin HS- Roofing (due 2026-08-17 · Crisp Plan Room)
2026-08-18 07:30:06,208 INFO HTTP Request: PATCH https://obrqnthgqczkhffbsbac.supabase.co/rest/v1/bids?bid_id=in.%28SAM-N4008526R9064%2C444112489170%2CSAM-W911S226U4019%2CSAM-36C24726Q0763%2C444105925105%2C444105898963%2C444101942212%2C444120845223%2C444122055647%2CSAM-2WA0619%2CSAM-36C25227R0001%2CCRISP-891%29 "HTTP/2 200 OK"
2026-08-18 07:30:06,208 INFO HTTP Request: PATCH https://obrqnthgqczkhffbsbac.supabase.co/rest/v1/bids?bid_id=in.%28SAM-N4008526R9064%2C444112489170%2CSAM-W911S226U4019%2CSAM-36C24726Q0763%2C444105925105%2C444105898963%2C444101942212%2C444120845223%2C444122055647%2CSAM-2WA0619%2CSAM-36C25227R0001%2CCRISP-891%29 "HTTP/2 200 OK"
2026-08-18 07:30:06,211 INFO Expired 12 bid(s)
2026-08-18 07:30:06,211 INFO Expired 12 bid(s)
2026-08-18 07:30:06,618 INFO HTTP Request: GET https://obrqnthgqczkhffbsbac.supabase.co/rest/v1/bids?select=bid_id%2Ctitle%2Cbid_status&is_relevant=eq.True&bid_status=in.%28no_bid%2Cexpired%29 "HTTP/2 200 OK"
2026-08-18 07:30:06,618 INFO HTTP Request: GET https://obrqnthgqczkhffbsbac.supabase.co/rest/v1/bids?select=bid_id%2Ctitle%2Cbid_status&is_relevant=eq.True&bid_status=in.%28no_bid%2Cexpired%29 "HTTP/2 200 OK"
2026-08-18 07:30:06,621 INFO No manually-closed bids to sync
2026-08-18 07:30:06,621 INFO No manually-closed bids to sync
✓ Expired 12 past-due bids
2026-08-19 07:30:05,071 INFO HTTP Request: GET https://obrqnthgqczkhffbsbac.supabase.co/rest/v1/bids?select=bid_id%2Ctitle%2Cagency%2Cdue_date%2Csource&due_date=lt.2026-08-19&bid_status=neq.expired "HTTP/2 200 OK"
2026-08-19 07:30:05,071 INFO HTTP Request: GET https://obrqnthgqczkhffbsbac.supabase.co/rest/v1/bids?select=bid_id%2Ctitle%2Cagency%2Cdue_date%2Csource&due_date=lt.2026-08-19&bid_status=neq.expired "HTTP/2 200 OK"
2026-08-19 07:30:05,074 INFO Found 13 past-due bid(s)
2026-08-19 07:30:05,074 INFO Found 13 past-due bid(s)
2026-08-19 07:30:05,074 INFO   [EXPIRE] 444127443569 — STRIP - FLOOR, LUMINESCENT, NO ADHESIVE, FLAT TOP, 1" W (due 2026-08-18 · BidNet Direct)
2026-08-19 07:30:05,074 INFO   [EXPIRE] 444127443569 — STRIP - FLOOR, LUMINESCENT, NO ADHESIVE, FLAT TOP, 1" W (due 2026-08-18 · BidNet Direct)
2026-08-19 07:30:05,075 INFO   [EXPIRE] SAM-19AU9026Q0018 — Renewal parquet floor (due 2026-08-18 · SAM.gov)
2026-08-19 07:30:05,075 INFO   [EXPIRE] SAM-19AU9026Q0018 — Renewal parquet floor (due 2026-08-18 · SAM.gov)
2026-08-19 07:30:05,075 INFO   [EXPIRE] SAM-36C24526Q0719 — 2330--Notice of Intent to Sole Source For CFORT Shelter (due 2026-08-18 · SAM.gov)
2026-08-19 07:30:05,075 INFO   [EXPIRE] SAM-36C24526Q0719 — 2330--Notice of Intent to Sole Source For CFORT Shelter (due 2026-08-18 · SAM.gov)
2026-08-19 07:30:05,075 INFO   [EXPIRE] 444114855117 — Substation Operations Ergonomic Chairs (due 2026-08-18 · BidNet Direct)
2026-08-19 07:30:05,075 INFO   [EXPIRE] 444114855117 — Substation Operations Ergonomic Chairs (due 2026-08-18 · BidNet Direct)
2026-08-19 07:30:05,075 INFO   [EXPIRE] 444075445817 — WOODACRE STAFF RESTROOM IMPROVEMENTS (due 2026-08-18 · BidNet Direct)
2026-08-19 07:30:05,075 INFO   [EXPIRE] 444075445817 — WOODACRE STAFF RESTROOM IMPROVEMENTS (due 2026-08-18 · BidNet Direct)
2026-08-19 07:30:05,075 INFO   [EXPIRE] 444113732644 — Janitorial Services (due 2026-08-18 · BidNet Direct)
2026-08-19 07:30:05,075 INFO   [EXPIRE] 444113732644 — Janitorial Services (due 2026-08-18 · BidNet Direct)
2026-08-19 07:30:05,075 INFO   [EXPIRE] SAM-FA469026Q0032 — SOLICITATION: Flooring Material and Installation BPA (due 2026-08-18 · SAM.gov)
2026-08-19 07:30:05,075 INFO   [EXPIRE] SAM-FA469026Q0032 — SOLICITATION: Flooring Material and Installation BPA (due 2026-08-18 · SAM.gov)
2026-08-19 07:30:05,075 INFO   [EXPIRE] SAM-1333MH26Q0011 — 72--Raised floor tiles for WFO Glasgow (due 2026-08-18 · SAM.gov)
2026-08-19 07:30:05,075 INFO   [EXPIRE] SAM-1333MH26Q0011 — 72--Raised floor tiles for WFO Glasgow (due 2026-08-18 · SAM.gov)
2026-08-19 07:30:05,075 INFO   [EXPIRE] 444113667619 — Ford F-150 XLT Super Crew Pickups & Ford E-Transit E-T3 (due 2026-08-18 · BidNet Direct)
2026-08-19 07:30:05,075 INFO   [EXPIRE] 444113667619 — Ford F-150 XLT Super Crew Pickups & Ford E-Transit E-T3 (due 2026-08-18 · BidNet Direct)
2026-08-19 07:30:05,075 INFO   [EXPIRE] 444110335367 — Uninterrupted Power Supply Services (due 2026-08-18 · BidNet Direct)
2026-08-19 07:30:05,075 INFO   [EXPIRE] 444110335367 — Uninterrupted Power Supply Services (due 2026-08-18 · BidNet Direct)
2026-08-19 07:30:05,075 INFO   [EXPIRE] SAM-PSFBTINTBLINDS — 21 CES/OL Tints and Blinds Install (due 2026-08-18 · SAM.gov)
2026-08-19 07:30:05,075 INFO   [EXPIRE] SAM-PSFBTINTBLINDS — 21 CES/OL Tints and Blinds Install (due 2026-08-18 · SAM.gov)
2026-08-19 07:30:05,076 INFO   [EXPIRE] 444102192957 — 2026 Minor Buildings Repair Project (due 2026-08-18 · BidNet Direct)
2026-08-19 07:30:05,076 INFO   [EXPIRE] 444102192957 — 2026 Minor Buildings Repair Project (due 2026-08-18 · BidNet Direct)
2026-08-19 07:30:05,076 INFO   [EXPIRE] CRISP-893 — Van Deene ES (due 2026-08-18 · Crisp Plan Room)
2026-08-19 07:30:05,076 INFO   [EXPIRE] CRISP-893 — Van Deene ES (due 2026-08-18 · Crisp Plan Room)
2026-08-19 07:30:05,888 INFO HTTP Request: PATCH https://obrqnthgqczkhffbsbac.supabase.co/rest/v1/bids?bid_id=in.%28444127443569%2CSAM-19AU9026Q0018%2CSAM-36C24526Q0719%2C444114855117%2C444075445817%2C444113732644%2CSAM-FA469026Q0032%2CSAM-1333MH26Q0011%2C444113667619%2C444110335367%2CSAM-PSFBTINTBLINDS%2C444102192957%2CCRISP-893%29 "HTTP/2 200 OK"
2026-08-19 07:30:05,888 INFO HTTP Request: PATCH https://obrqnthgqczkhffbsbac.supabase.co/rest/v1/bids?bid_id=in.%28444127443569%2CSAM-19AU9026Q0018%2CSAM-36C24526Q0719%2C444114855117%2C444075445817%2C444113732644%2CSAM-FA469026Q0032%2CSAM-1333MH26Q0011%2C444113667619%2C444110335367%2CSAM-PSFBTINTBLINDS%2C444102192957%2CCRISP-893%29 "HTTP/2 200 OK"
2026-08-19 07:30:05,891 INFO Expired 13 bid(s)
2026-08-19 07:30:05,891 INFO Expired 13 bid(s)
2026-08-19 07:30:06,297 INFO HTTP Request: GET https://obrqnthgqczkhffbsbac.supabase.co/rest/v1/bids?select=bid_id%2Ctitle%2Cbid_status&is_relevant=eq.True&bid_status=in.%28no_bid%2Cexpired%29 "HTTP/2 200 OK"
2026-08-19 07:30:06,297 INFO HTTP Request: GET https://obrqnthgqczkhffbsbac.supabase.co/rest/v1/bids?select=bid_id%2Ctitle%2Cbid_status&is_relevant=eq.True&bid_status=in.%28no_bid%2Cexpired%29 "HTTP/2 200 OK"
2026-08-19 07:30:06,299 INFO No manually-closed bids to sync
2026-08-19 07:30:06,299 INFO No manually-closed bids to sync
✓ Expired 13 past-due bids
2026-08-20 07:30:03,283 INFO HTTP Request: GET https://obrqnthgqczkhffbsbac.supabase.co/rest/v1/bids?select=bid_id%2Ctitle%2Cagency%2Cdue_date%2Csource&due_date=lt.2026-08-20&bid_status=neq.expired "HTTP/2 200 OK"
2026-08-20 07:30:03,283 INFO HTTP Request: GET https://obrqnthgqczkhffbsbac.supabase.co/rest/v1/bids?select=bid_id%2Ctitle%2Cagency%2Cdue_date%2Csource&due_date=lt.2026-08-20&bid_status=neq.expired "HTTP/2 200 OK"
2026-08-20 07:30:03,285 INFO Found 10 past-due bid(s)
2026-08-20 07:30:03,285 INFO Found 10 past-due bid(s)
2026-08-20 07:30:03,285 INFO   [EXPIRE] SAM-FA302226R0020 — OSI B926 Flooring (due 2026-08-19 · SAM.gov)
2026-08-20 07:30:03,285 INFO   [EXPIRE] SAM-FA302226R0020 — OSI B926 Flooring (due 2026-08-19 · SAM.gov)
2026-08-20 07:30:03,286 INFO   [EXPIRE] SAM-31090PR260000376 — Purchase of Carpet Tile (due 2026-08-19 · SAM.gov)
2026-08-20 07:30:03,286 INFO   [EXPIRE] SAM-31090PR260000376 — Purchase of Carpet Tile (due 2026-08-19 · SAM.gov)
2026-08-20 07:30:03,286 INFO   [EXPIRE] SAM-PANMCC26P0000052477 — Building 700 (TRADOC Band) Carpet Replacement Project a (due 2026-08-19 · SAM.gov)
2026-08-20 07:30:03,286 INFO   [EXPIRE] SAM-PANMCC26P0000052477 — Building 700 (TRADOC Band) Carpet Replacement Project a (due 2026-08-19 · SAM.gov)
2026-08-20 07:30:03,286 INFO   [EXPIRE] 2713654202 — 4110--Helmer iPR245-GX i.Series Pharmaceutical Refriger (due 2026-08-19 · BidNet Direct)
2026-08-20 07:30:03,286 INFO   [EXPIRE] 2713654202 — 4110--Helmer iPR245-GX i.Series Pharmaceutical Refriger (due 2026-08-19 · BidNet Direct)
2026-08-20 07:30:03,286 INFO   [EXPIRE] 2712813977 — Purchase of Carpet Tile (due 2026-08-19 · BidNet Direct)
2026-08-20 07:30:03,286 INFO   [EXPIRE] 2712813977 — Purchase of Carpet Tile (due 2026-08-19 · BidNet Direct)
2026-08-20 07:30:03,286 INFO   [EXPIRE] 444120882846 — Janitorial Services (due 2026-08-19 · BidNet Direct)
2026-08-20 07:30:03,286 INFO   [EXPIRE] 444120882846 — Janitorial Services (due 2026-08-19 · BidNet Direct)
2026-08-20 07:30:03,286 INFO   [EXPIRE] 444105898957 — Monrovia Library Story Room Expansion (due 2026-08-19 · BidNet Direct)
2026-08-20 07:30:03,286 INFO   [EXPIRE] 444105898957 — Monrovia Library Story Room Expansion (due 2026-08-19 · BidNet Direct)
2026-08-20 07:30:03,286 INFO   [EXPIRE] SAM-PANNGB-26P-0000039485 — 187th MSG/FSS Lodging BPA Dothan, AL (due 2026-08-19 · SAM.gov)
2026-08-20 07:30:03,286 INFO   [EXPIRE] SAM-PANNGB-26P-0000039485 — 187th MSG/FSS Lodging BPA Dothan, AL (due 2026-08-19 · SAM.gov)
2026-08-20 07:30:03,286 INFO   [EXPIRE] SAM-PANNGB-26-P-0000039484 — 187th MSG/FSS Lodging BPA Montgomery, AL (due 2026-08-19 · SAM.gov)
2026-08-20 07:30:03,286 INFO   [EXPIRE] SAM-PANNGB-26-P-0000039484 — 187th MSG/FSS Lodging BPA Montgomery, AL (due 2026-08-19 · SAM.gov)
2026-08-20 07:30:03,286 INFO   [EXPIRE] 444104276006 — 2026 OR NEWER/UNUSED FORD F250 XLT CREW CAB 4X4 BED 6 3 (due 2026-08-19 · BidNet Direct)
2026-08-20 07:30:03,286 INFO   [EXPIRE] 444104276006 — 2026 OR NEWER/UNUSED FORD F250 XLT CREW CAB 4X4 BED 6 3 (due 2026-08-19 · BidNet Direct)
2026-08-20 07:30:04,200 INFO HTTP Request: PATCH https://obrqnthgqczkhffbsbac.supabase.co/rest/v1/bids?bid_id=in.%28SAM-FA302226R0020%2CSAM-31090PR260000376%2CSAM-PANMCC26P0000052477%2C2713654202%2C2712813977%2C444120882846%2C444105898957%2CSAM-PANNGB-26P-0000039485%2CSAM-PANNGB-26-P-0000039484%2C444104276006%29 "HTTP/2 200 OK"
2026-08-20 07:30:04,200 INFO HTTP Request: PATCH https://obrqnthgqczkhffbsbac.supabase.co/rest/v1/bids?bid_id=in.%28SAM-FA302226R0020%2CSAM-31090PR260000376%2CSAM-PANMCC26P0000052477%2C2713654202%2C2712813977%2C444120882846%2C444105898957%2CSAM-PANNGB-26P-0000039485%2CSAM-PANNGB-26-P-0000039484%2C444104276006%29 "HTTP/2 200 OK"
2026-08-20 07:30:04,203 INFO Expired 10 bid(s)
2026-08-20 07:30:04,203 INFO Expired 10 bid(s)
2026-08-20 07:30:04,714 INFO HTTP Request: GET https://obrqnthgqczkhffbsbac.supabase.co/rest/v1/bids?select=bid_id%2Ctitle%2Cbid_status&is_relevant=eq.True&bid_status=in.%28no_bid%2Cexpired%29 "HTTP/2 200 OK"
2026-08-20 07:30:04,714 INFO HTTP Request: GET https://obrqnthgqczkhffbsbac.supabase.co/rest/v1/bids?select=bid_id%2Ctitle%2Cbid_status&is_relevant=eq.True&bid_status=in.%28no_bid%2Cexpired%29 "HTTP/2 200 OK"
2026-08-20 07:30:04,715 INFO No manually-closed bids to sync
2026-08-20 07:30:04,715 INFO No manually-closed bids to sync
✓ Expired 10 past-due bids
2026-08-21 07:30:03,280 INFO HTTP Request: GET https://obrqnthgqczkhffbsbac.supabase.co/rest/v1/bids?select=bid_id%2Ctitle%2Cagency%2Cdue_date%2Csource&due_date=lt.2026-08-21&bid_status=neq.expired "HTTP/2 200 OK"
2026-08-21 07:30:03,280 INFO HTTP Request: GET https://obrqnthgqczkhffbsbac.supabase.co/rest/v1/bids?select=bid_id%2Ctitle%2Cagency%2Cdue_date%2Csource&due_date=lt.2026-08-21&bid_status=neq.expired "HTTP/2 200 OK"
2026-08-21 07:30:03,284 INFO Found 11 past-due bid(s)
2026-08-21 07:30:03,284 INFO Found 11 past-due bid(s)
2026-08-21 07:30:03,284 INFO   [EXPIRE] SAM-FA4686269OSSB1060 — 9 OSS (Base Ops) B1060 Carpet/Furniture/Asbestos (due 2026-08-20 · SAM.gov)
2026-08-21 07:30:03,284 INFO   [EXPIRE] SAM-FA4686269OSSB1060 — 9 OSS (Base Ops) B1060 Carpet/Furniture/Asbestos (due 2026-08-20 · SAM.gov)
2026-08-21 07:30:03,284 INFO   [EXPIRE] 444098517744 — Pathways Support Center at Las Positas College (due 2026-08-20 · BidNet Direct)
2026-08-21 07:30:03,284 INFO   [EXPIRE] 444098517744 — Pathways Support Center at Las Positas College (due 2026-08-20 · BidNet Direct)
2026-08-21 07:30:03,284 INFO   [EXPIRE] SAM-FA4686269RWB2161 — 9 RW B2161 Carpet/Furniture/Asbestos (due 2026-08-20 · SAM.gov)
2026-08-21 07:30:03,284 INFO   [EXPIRE] SAM-FA4686269RWB2161 — 9 RW B2161 Carpet/Furniture/Asbestos (due 2026-08-20 · SAM.gov)
2026-08-21 07:30:03,284 INFO   [EXPIRE] SAM-FA4686269CSB2445 — 9 CS B2445 Carpet/Furniture/Asbestos (due 2026-08-20 · SAM.gov)
2026-08-21 07:30:03,284 INFO   [EXPIRE] SAM-FA4686269CSB2445 — 9 CS B2445 Carpet/Furniture/Asbestos (due 2026-08-20 · SAM.gov)
2026-08-21 07:30:03,285 INFO   [EXPIRE] CRISP-892 — Green Schoolyard Improvement (due 2026-08-20 · Crisp Plan Room)
2026-08-21 07:30:03,285 INFO   [EXPIRE] CRISP-892 — Green Schoolyard Improvement (due 2026-08-20 · Crisp Plan Room)
2026-08-21 07:30:03,285 INFO   [EXPIRE] SAM-19C02026Q0014 — HSI Office Renovation Project (due 2026-08-20 · SAM.gov)
2026-08-21 07:30:03,285 INFO   [EXPIRE] SAM-19C02026Q0014 — HSI Office Renovation Project (due 2026-08-20 · SAM.gov)
2026-08-21 07:30:03,285 INFO   [EXPIRE] 444110452307 — Minor Hall Lab Suite 485 Renovation (due 2026-08-20 · BidNet Direct)
2026-08-21 07:30:03,285 INFO   [EXPIRE] 444110452307 — Minor Hall Lab Suite 485 Renovation (due 2026-08-20 · BidNet Direct)
2026-08-21 07:30:03,285 INFO   [EXPIRE] SAM-FA461326Q2010 — SOURCES SOUGHT PKAB Bldg 485, 1151, 1235 Carpet Replace (due 2026-08-20 · SAM.gov)
2026-08-21 07:30:03,285 INFO   [EXPIRE] SAM-FA461326Q2010 — SOURCES SOUGHT PKAB Bldg 485, 1151, 1235 Carpet Replace (due 2026-08-20 · SAM.gov)
2026-08-21 07:30:03,285 INFO   [EXPIRE] SAM-15BBR026Q00000034 — INTERIOR REPAIRS SALLYPORT 1ST AND 3RD FLOORS (due 2026-08-20 · SAM.gov)
2026-08-21 07:30:03,285 INFO   [EXPIRE] SAM-15BBR026Q00000034 — INTERIOR REPAIRS SALLYPORT 1ST AND 3RD FLOORS (due 2026-08-20 · SAM.gov)
2026-08-21 07:30:03,285 INFO   [EXPIRE] 2714007632 — 9 CS B2445 Carpet/Furniture/Asbestos (due 2026-08-20 · BidNet Direct)
2026-08-21 07:30:03,285 INFO   [EXPIRE] 2714007632 — 9 CS B2445 Carpet/Furniture/Asbestos (due 2026-08-20 · BidNet Direct)
2026-08-21 07:30:03,285 INFO   [EXPIRE] 2713978817 — 9 OSS (Base Ops) B1060 Carpet/Furniture/Asbestos (due 2026-08-20 · BidNet Direct)
2026-08-21 07:30:03,285 INFO   [EXPIRE] 2713978817 — 9 OSS (Base Ops) B1060 Carpet/Furniture/Asbestos (due 2026-08-20 · BidNet Direct)
2026-08-21 07:30:04,199 INFO HTTP Request: PATCH https://obrqnthgqczkhffbsbac.supabase.co/rest/v1/bids?bid_id=in.%28SAM-FA4686269OSSB1060%2C444098517744%2CSAM-FA4686269RWB2161%2CSAM-FA4686269CSB2445%2CCRISP-892%2CSAM-19C02026Q0014%2C444110452307%2CSAM-FA461326Q2010%2CSAM-15BBR026Q00000034%2C2714007632%2C2713978817%29 "HTTP/2 200 OK"
2026-08-21 07:30:04,199 INFO HTTP Request: PATCH https://obrqnthgqczkhffbsbac.supabase.co/rest/v1/bids?bid_id=in.%28SAM-FA4686269OSSB1060%2C444098517744%2CSAM-FA4686269RWB2161%2CSAM-FA4686269CSB2445%2CCRISP-892%2CSAM-19C02026Q0014%2C444110452307%2CSAM-FA461326Q2010%2CSAM-15BBR026Q00000034%2C2714007632%2C2713978817%29 "HTTP/2 200 OK"
2026-08-21 07:30:04,202 INFO Expired 11 bid(s)
2026-08-21 07:30:04,202 INFO Expired 11 bid(s)
2026-08-21 07:30:04,608 INFO HTTP Request: GET https://obrqnthgqczkhffbsbac.supabase.co/rest/v1/bids?select=bid_id%2Ctitle%2Cbid_status&is_relevant=eq.True&bid_status=in.%28no_bid%2Cexpired%29 "HTTP/2 200 OK"
2026-08-21 07:30:04,608 INFO HTTP Request: GET https://obrqnthgqczkhffbsbac.supabase.co/rest/v1/bids?select=bid_id%2Ctitle%2Cbid_status&is_relevant=eq.True&bid_status=in.%28no_bid%2Cexpired%29 "HTTP/2 200 OK"
2026-08-21 07:30:04,609 INFO No manually-closed bids to sync
2026-08-21 07:30:04,609 INFO No manually-closed bids to sync
✓ Expired 11 past-due bids
2026-08-24 07:30:02,958 INFO HTTP Request: GET https://obrqnthgqczkhffbsbac.supabase.co/rest/v1/bids?select=bid_id%2Ctitle%2Cagency%2Cdue_date%2Csource&due_date=lt.2026-08-24&bid_status=neq.expired "HTTP/2 200 OK"
2026-08-24 07:30:02,958 INFO HTTP Request: GET https://obrqnthgqczkhffbsbac.supabase.co/rest/v1/bids?select=bid_id%2Ctitle%2Cagency%2Cdue_date%2Csource&due_date=lt.2026-08-24&bid_status=neq.expired "HTTP/2 200 OK"
2026-08-24 07:30:02,961 INFO Found 19 past-due bid(s)
2026-08-24 07:30:02,961 INFO Found 19 past-due bid(s)
2026-08-24 07:30:02,962 INFO   [EXPIRE] SAM-PR15858953 — Request for Quotes for comprehensive renovation works a (due 2026-08-21 · SAM.gov)
2026-08-24 07:30:02,962 INFO   [EXPIRE] SAM-PR15858953 — Request for Quotes for comprehensive renovation works a (due 2026-08-21 · SAM.gov)
2026-08-24 07:30:02,962 INFO   [EXPIRE] 444119643433 — Trash Chute Cleaning Services (due 2026-08-21 · BidNet Direct)
2026-08-24 07:30:02,962 INFO   [EXPIRE] 444119643433 — Trash Chute Cleaning Services (due 2026-08-21 · BidNet Direct)
2026-08-24 07:30:02,962 INFO   [EXPIRE] 444118548087 — ACCESSIBILITY IMPROVEMENTS FOR FIREHOUSE BUILDING CIP N (due 2026-08-21 · BidNet Direct)
2026-08-24 07:30:02,962 INFO   [EXPIRE] 444118548087 — ACCESSIBILITY IMPROVEMENTS FOR FIREHOUSE BUILDING CIP N (due 2026-08-21 · BidNet Direct)
2026-08-24 07:30:02,962 INFO   [EXPIRE] CRISP-887 — FF&E at Marshall Elementary School (due 2026-08-21 · Crisp Plan Room)
2026-08-24 07:30:02,962 INFO   [EXPIRE] CRISP-887 — FF&E at Marshall Elementary School (due 2026-08-21 · Crisp Plan Room)
2026-08-24 07:30:02,962 INFO   [EXPIRE] CRISP-894 — Clifford Math & Technology Magnet ES - SEEDS (due 2026-08-21 · Crisp Plan Room)
2026-08-24 07:30:02,962 INFO   [EXPIRE] CRISP-894 — Clifford Math & Technology Magnet ES - SEEDS (due 2026-08-21 · Crisp Plan Room)
2026-08-24 07:30:02,962 INFO   [EXPIRE] 444119407815 — Vehicle Purchase (due 2026-08-21 · BidNet Direct)
2026-08-24 07:30:02,962 INFO   [EXPIRE] 444119407815 — Vehicle Purchase (due 2026-08-21 · BidNet Direct)
2026-08-24 07:30:02,962 INFO   [EXPIRE] SAM-36C24526Q0746 — 6515--WASHER/DECONTAMINTION t (due 2026-08-21 · SAM.gov)
2026-08-24 07:30:02,962 INFO   [EXPIRE] SAM-36C24526Q0746 — 6515--WASHER/DECONTAMINTION t (due 2026-08-21 · SAM.gov)
2026-08-24 07:30:02,962 INFO   [EXPIRE] SAM-140P6226Q0003 — JEFF - Terrazzo Refinishing (due 2026-08-21 · SAM.gov)
2026-08-24 07:30:02,962 INFO   [EXPIRE] SAM-140P6226Q0003 — JEFF - Terrazzo Refinishing (due 2026-08-21 · SAM.gov)
2026-08-24 07:30:02,962 INFO   [EXPIRE] SAM-36C24626Q0782 — Z2FD--Epoxy Flooring-Kitchen Floor (due 2026-08-21 · SAM.gov)
2026-08-24 07:30:02,962 INFO   [EXPIRE] SAM-36C24626Q0782 — Z2FD--Epoxy Flooring-Kitchen Floor (due 2026-08-21 · SAM.gov)
2026-08-24 07:30:02,963 INFO   [EXPIRE] 444104517331 — HSA-3rd Floor Cabling Project (due 2026-08-21 · BidNet Direct)
2026-08-24 07:30:02,963 INFO   [EXPIRE] 444104517331 — HSA-3rd Floor Cabling Project (due 2026-08-21 · BidNet Direct)
2026-08-24 07:30:02,963 INFO   [EXPIRE] SAM-1240LT26Q0144 — Jeffco Airtanker Base Flooring Replacement (due 2026-08-21 · SAM.gov)
2026-08-24 07:30:02,963 INFO   [EXPIRE] SAM-1240LT26Q0144 — Jeffco Airtanker Base Flooring Replacement (due 2026-08-21 · SAM.gov)
2026-08-24 07:30:02,963 INFO   [EXPIRE] SAM-140R4026Q0133 — Z--SLV-CB BUILDING MAINTENANCE OFFICES (due 2026-08-21 · SAM.gov)
2026-08-24 07:30:02,963 INFO   [EXPIRE] SAM-140R4026Q0133 — Z--SLV-CB BUILDING MAINTENANCE OFFICES (due 2026-08-21 · SAM.gov)
2026-08-24 07:30:02,963 INFO   [EXPIRE] 444133639747 — NSF/ISO FOOD CERTIFIED 20-FOOT WALK-IN REFRIGERATED CON (due 2026-08-21 · BidNet Direct)
2026-08-24 07:30:02,963 INFO   [EXPIRE] 444133639747 — NSF/ISO FOOD CERTIFIED 20-FOOT WALK-IN REFRIGERATED CON (due 2026-08-21 · BidNet Direct)
2026-08-24 07:30:02,963 INFO   [EXPIRE] SAM-80NSSC26941772Q — Electrostatic Discharge (ESD) compliant flooring materi (due 2026-08-21 · SAM.gov)
2026-08-24 07:30:02,963 INFO   [EXPIRE] SAM-80NSSC26941772Q — Electrostatic Discharge (ESD) compliant flooring materi (due 2026-08-21 · SAM.gov)
2026-08-24 07:30:02,963 INFO   [EXPIRE] SAM-SS-TTB-26-055 — Intent to Sole Source: Absolute RSD - Office Space Reno (due 2026-08-21 · SAM.gov)
2026-08-24 07:30:02,963 INFO   [EXPIRE] SAM-SS-TTB-26-055 — Intent to Sole Source: Absolute RSD - Office Space Reno (due 2026-08-21 · SAM.gov)
2026-08-24 07:30:02,963 INFO   [EXPIRE] 444129946234 — 2027 Chevrolet Traverse LT AWD 4DR (due 2026-08-21 · BidNet Direct)
2026-08-24 07:30:02,963 INFO   [EXPIRE] 444129946234 — 2027 Chevrolet Traverse LT AWD 4DR (due 2026-08-21 · BidNet Direct)
2026-08-24 07:30:02,963 INFO   [EXPIRE] 444122074337 — Bear Valley Sheriff's Substation Architectural (due 2026-08-21 · BidNet Direct)
2026-08-24 07:30:02,963 INFO   [EXPIRE] 444122074337 — Bear Valley Sheriff's Substation Architectural (due 2026-08-21 · BidNet Direct)
2026-08-24 07:30:02,963 INFO   [EXPIRE] SAM-DACA095260084200 — Retail Space to Lease – Lemon Grove/ Le Mesa/ Spring Va (due 2026-08-22 · SAM.gov)
2026-08-24 07:30:02,963 INFO   [EXPIRE] SAM-DACA095260084200 — Retail Space to Lease – Lemon Grove/ Le Mesa/ Spring Va (due 2026-08-22 · SAM.gov)
2026-08-24 07:30:02,963 INFO   [EXPIRE] SAM-36C26027Q0012 — Y1DZ--692-26-201 Refresh Halls and Walls throughout Cam (due 2026-08-22 · SAM.gov)
2026-08-24 07:30:02,963 INFO   [EXPIRE] SAM-36C26027Q0012 — Y1DZ--692-26-201 Refresh Halls and Walls throughout Cam (due 2026-08-22 · SAM.gov)
2026-08-24 07:30:03,879 INFO HTTP Request: PATCH https://obrqnthgqczkhffbsbac.supabase.co/rest/v1/bids?bid_id=in.%28SAM-PR15858953%2C444119643433%2C444118548087%2CCRISP-887%2CCRISP-894%2C444119407815%2CSAM-36C24526Q0746%2CSAM-140P6226Q0003%2CSAM-36C24626Q0782%2C444104517331%2CSAM-1240LT26Q0144%2CSAM-140R4026Q0133%2C444133639747%2CSAM-80NSSC26941772Q%2CSAM-SS-TTB-26-055%2C444129946234%2C444122074337%2CSAM-DACA095260084200%2CSAM-36C26027Q0012%29 "HTTP/2 200 OK"
2026-08-24 07:30:03,879 INFO HTTP Request: PATCH https://obrqnthgqczkhffbsbac.supabase.co/rest/v1/bids?bid_id=in.%28SAM-PR15858953%2C444119643433%2C444118548087%2CCRISP-887%2CCRISP-894%2C444119407815%2CSAM-36C24526Q0746%2CSAM-140P6226Q0003%2CSAM-36C24626Q0782%2C444104517331%2CSAM-1240LT26Q0144%2CSAM-140R4026Q0133%2C444133639747%2CSAM-80NSSC26941772Q%2CSAM-SS-TTB-26-055%2C444129946234%2C444122074337%2CSAM-DACA095260084200%2CSAM-36C26027Q0012%29 "HTTP/2 200 OK"
2026-08-24 07:30:03,883 INFO Expired 19 bid(s)
2026-08-24 07:30:03,883 INFO Expired 19 bid(s)
2026-08-24 07:30:04,392 INFO HTTP Request: GET https://obrqnthgqczkhffbsbac.supabase.co/rest/v1/bids?select=bid_id%2Ctitle%2Cbid_status&is_relevant=eq.True&bid_status=in.%28no_bid%2Cexpired%29 "HTTP/2 200 OK"
2026-08-24 07:30:04,392 INFO HTTP Request: GET https://obrqnthgqczkhffbsbac.supabase.co/rest/v1/bids?select=bid_id%2Ctitle%2Cbid_status&is_relevant=eq.True&bid_status=in.%28no_bid%2Cexpired%29 "HTTP/2 200 OK"
2026-08-24 07:30:04,393 INFO No manually-closed bids to sync
2026-08-24 07:30:04,393 INFO No manually-closed bids to sync
✓ Expired 19 past-due bids
2026-08-25 07:30:03,933 INFO HTTP Request: GET https://obrqnthgqczkhffbsbac.supabase.co/rest/v1/bids?select=bid_id%2Ctitle%2Cagency%2Cdue_date%2Csource&due_date=lt.2026-08-25&bid_status=neq.expired "HTTP/2 200 OK"
2026-08-25 07:30:03,933 INFO HTTP Request: GET https://obrqnthgqczkhffbsbac.supabase.co/rest/v1/bids?select=bid_id%2Ctitle%2Cagency%2Cdue_date%2Csource&due_date=lt.2026-08-25&bid_status=neq.expired "HTTP/2 200 OK"
2026-08-25 07:30:03,936 INFO Found 3 past-due bid(s)
2026-08-25 07:30:03,936 INFO Found 3 past-due bid(s)
2026-08-25 07:30:03,937 INFO   [EXPIRE] SAM-36C25926Q0532 — S208--Janitorial OKC VAMC Base w/4OY 09-01-2026 to 08-3 (due 2026-08-24 · SAM.gov)
2026-08-25 07:30:03,937 INFO   [EXPIRE] SAM-36C25926Q0532 — S208--Janitorial OKC VAMC Base w/4OY 09-01-2026 to 08-3 (due 2026-08-24 · SAM.gov)
2026-08-25 07:30:03,937 INFO   [EXPIRE] 444132081754 — EXT MOH | Sunnydale Market at Amani TI [Rebid] (due 2026-08-24 · BidNet Direct)
2026-08-25 07:30:03,937 INFO   [EXPIRE] 444132081754 — EXT MOH | Sunnydale Market at Amani TI [Rebid] (due 2026-08-24 · BidNet Direct)
2026-08-25 07:30:03,937 INFO   [EXPIRE] SAM-36C24126Q0728 — W083--SCI Tent/Canopy Rental Amending Combined Synopsis (due 2026-08-24 · SAM.gov)
2026-08-25 07:30:03,937 INFO   [EXPIRE] SAM-36C24126Q0728 — W083--SCI Tent/Canopy Rental Amending Combined Synopsis (due 2026-08-24 · SAM.gov)
2026-08-25 07:30:04,441 INFO HTTP Request: PATCH https://obrqnthgqczkhffbsbac.supabase.co/rest/v1/bids?bid_id=in.%28SAM-36C25926Q0532%2C444132081754%2CSAM-36C24126Q0728%29 "HTTP/2 200 OK"
2026-08-25 07:30:04,441 INFO HTTP Request: PATCH https://obrqnthgqczkhffbsbac.supabase.co/rest/v1/bids?bid_id=in.%28SAM-36C25926Q0532%2C444132081754%2CSAM-36C24126Q0728%29 "HTTP/2 200 OK"
2026-08-25 07:30:04,443 INFO Expired 3 bid(s)
2026-08-25 07:30:04,443 INFO Expired 3 bid(s)
2026-08-25 07:30:04,852 INFO HTTP Request: GET https://obrqnthgqczkhffbsbac.supabase.co/rest/v1/bids?select=bid_id%2Ctitle%2Cbid_status&is_relevant=eq.True&bid_status=in.%28no_bid%2Cexpired%29 "HTTP/2 200 OK"
2026-08-25 07:30:04,852 INFO HTTP Request: GET https://obrqnthgqczkhffbsbac.supabase.co/rest/v1/bids?select=bid_id%2Ctitle%2Cbid_status&is_relevant=eq.True&bid_status=in.%28no_bid%2Cexpired%29 "HTTP/2 200 OK"
2026-08-25 07:30:04,853 INFO No manually-closed bids to sync
2026-08-25 07:30:04,853 INFO No manually-closed bids to sync
✓ Expired 3 past-due bids
2026-08-26 07:30:02,920 INFO HTTP Request: GET https://obrqnthgqczkhffbsbac.supabase.co/rest/v1/bids?select=bid_id%2Ctitle%2Cagency%2Cdue_date%2Csource&due_date=lt.2026-08-26&bid_status=neq.expired "HTTP/2 200 OK"
2026-08-26 07:30:02,920 INFO HTTP Request: GET https://obrqnthgqczkhffbsbac.supabase.co/rest/v1/bids?select=bid_id%2Ctitle%2Cagency%2Cdue_date%2Csource&due_date=lt.2026-08-26&bid_status=neq.expired "HTTP/2 200 OK"
2026-08-26 07:30:02,923 INFO Found 12 past-due bid(s)
2026-08-26 07:30:02,923 INFO Found 12 past-due bid(s)
2026-08-26 07:30:02,924 INFO   [EXPIRE] 444120882844 — Exhaust Evacuation System Replacement in Alameda County (due 2026-08-25 · BidNet Direct)
2026-08-26 07:30:02,924 INFO   [EXPIRE] 444120882844 — Exhaust Evacuation System Replacement in Alameda County (due 2026-08-25 · BidNet Direct)
2026-08-26 07:30:02,924 INFO   [EXPIRE] SAM-1175174 — Sources Sought: 1000 Watt Pulsed Laser Cleaner (due 2026-08-25 · SAM.gov)
2026-08-26 07:30:02,924 INFO   [EXPIRE] SAM-1175174 — Sources Sought: 1000 Watt Pulsed Laser Cleaner (due 2026-08-25 · SAM.gov)
2026-08-26 07:30:02,924 INFO   [EXPIRE] SAM-36C24626Q0690 — S201--Janitorial Services FY 26 Durham (due 2026-08-25 · SAM.gov)
2026-08-26 07:30:02,924 INFO   [EXPIRE] SAM-36C24626Q0690 — S201--Janitorial Services FY 26 Durham (due 2026-08-25 · SAM.gov)
2026-08-26 07:30:02,924 INFO   [EXPIRE] SAM-PANAPG26052959 — Aberdeen Proving Ground Plumbing Repair (due 2026-08-25 · SAM.gov)
2026-08-26 07:30:02,924 INFO   [EXPIRE] SAM-PANAPG26052959 — Aberdeen Proving Ground Plumbing Repair (due 2026-08-25 · SAM.gov)
2026-08-26 07:30:02,924 INFO   [EXPIRE] SAM-36C26226Q1083 — R430--Fire Guard Services for SAVAHCS POP: 09/01/2026 - (due 2026-08-25 · SAM.gov)
2026-08-26 07:30:02,924 INFO   [EXPIRE] SAM-36C26226Q1083 — R430--Fire Guard Services for SAVAHCS POP: 09/01/2026 - (due 2026-08-25 · SAM.gov)
2026-08-26 07:30:02,924 INFO   [EXPIRE] 444113566685 — Wilson Park Senior Adult Services Accessibility Improve (due 2026-08-25 · BidNet Direct)
2026-08-26 07:30:02,924 INFO   [EXPIRE] 444113566685 — Wilson Park Senior Adult Services Accessibility Improve (due 2026-08-25 · BidNet Direct)
2026-08-26 07:30:02,924 INFO   [EXPIRE] 444128603809 — KR-1 AUTO KERATOREFRACTOMETER, DHS (due 2026-08-25 · BidNet Direct)
2026-08-26 07:30:02,924 INFO   [EXPIRE] 444128603809 — KR-1 AUTO KERATOREFRACTOMETER, DHS (due 2026-08-25 · BidNet Direct)
2026-08-26 07:30:02,924 INFO   [EXPIRE] CRISP-897 — Roofing (due 2026-08-25 · Crisp Plan Room)
2026-08-26 07:30:02,924 INFO   [EXPIRE] CRISP-897 — Roofing (due 2026-08-25 · Crisp Plan Room)
2026-08-26 07:30:02,924 INFO   [EXPIRE] SAM-FA500026Q0035 — JBER Chapel Flooring Replacement (due 2026-08-25 · SAM.gov)
2026-08-26 07:30:02,924 INFO   [EXPIRE] SAM-FA500026Q0035 — JBER Chapel Flooring Replacement (due 2026-08-25 · SAM.gov)
2026-08-26 07:30:02,924 INFO   [EXPIRE] SAM-19BR2526Q0012 — BSB|FAC|7901 RSTR|Chancery Corridors Carpet replacement (due 2026-08-25 · SAM.gov)
2026-08-26 07:30:02,924 INFO   [EXPIRE] SAM-19BR2526Q0012 — BSB|FAC|7901 RSTR|Chancery Corridors Carpet replacement (due 2026-08-25 · SAM.gov)
2026-08-26 07:30:02,925 INFO   [EXPIRE] 444111137798 — Buildings EE and LL Refresh Project (due 2026-08-25 · BidNet Direct)
2026-08-26 07:30:02,925 INFO   [EXPIRE] 444111137798 — Buildings EE and LL Refresh Project (due 2026-08-25 · BidNet Direct)
2026-08-26 07:30:02,925 INFO   [EXPIRE] SAM-W911SG-26-B-A007 — B2472 Kitchenette Installation, Ft Bliss, TX (due 2026-08-25 · SAM.gov)
2026-08-26 07:30:02,925 INFO   [EXPIRE] SAM-W911SG-26-B-A007 — B2472 Kitchenette Installation, Ft Bliss, TX (due 2026-08-25 · SAM.gov)
2026-08-26 07:30:03,797 INFO HTTP Request: PATCH https://obrqnthgqczkhffbsbac.supabase.co/rest/v1/bids?bid_id=in.%28444120882844%2CSAM-1175174%2CSAM-36C24626Q0690%2CSAM-PANAPG26052959%2CSAM-36C26226Q1083%2C444113566685%2C444128603809%2CCRISP-897%2CSAM-FA500026Q0035%2CSAM-19BR2526Q0012%2C444111137798%2CSAM-W911SG-26-B-A007%29 "HTTP/2 200 OK"
2026-08-26 07:30:03,797 INFO HTTP Request: PATCH https://obrqnthgqczkhffbsbac.supabase.co/rest/v1/bids?bid_id=in.%28444120882844%2CSAM-1175174%2CSAM-36C24626Q0690%2CSAM-PANAPG26052959%2CSAM-36C26226Q1083%2C444113566685%2C444128603809%2CCRISP-897%2CSAM-FA500026Q0035%2CSAM-19BR2526Q0012%2C444111137798%2CSAM-W911SG-26-B-A007%29 "HTTP/2 200 OK"
2026-08-26 07:30:03,800 INFO Expired 12 bid(s)
2026-08-26 07:30:03,800 INFO Expired 12 bid(s)
2026-08-26 07:30:04,387 INFO HTTP Request: GET https://obrqnthgqczkhffbsbac.supabase.co/rest/v1/bids?select=bid_id%2Ctitle%2Cbid_status&is_relevant=eq.True&bid_status=in.%28no_bid%2Cexpired%29 "HTTP/2 200 OK"
2026-08-26 07:30:04,387 INFO HTTP Request: GET https://obrqnthgqczkhffbsbac.supabase.co/rest/v1/bids?select=bid_id%2Ctitle%2Cbid_status&is_relevant=eq.True&bid_status=in.%28no_bid%2Cexpired%29 "HTTP/2 200 OK"
2026-08-26 07:30:04,388 INFO No manually-closed bids to sync
2026-08-26 07:30:04,388 INFO No manually-closed bids to sync
✓ Expired 12 past-due bids
2026-08-27 07:36:04,239 INFO HTTP Request: GET https://obrqnthgqczkhffbsbac.supabase.co/rest/v1/bids?select=bid_id%2Ctitle%2Cagency%2Cdue_date%2Csource&due_date=lt.2026-08-27&bid_status=neq.expired "HTTP/2 200 OK"
2026-08-27 07:36:04,239 INFO HTTP Request: GET https://obrqnthgqczkhffbsbac.supabase.co/rest/v1/bids?select=bid_id%2Ctitle%2Cagency%2Cdue_date%2Csource&due_date=lt.2026-08-27&bid_status=neq.expired "HTTP/2 200 OK"
2026-08-27 07:36:04,242 INFO Found 20 past-due bid(s)
2026-08-27 07:36:04,242 INFO Found 20 past-due bid(s)
2026-08-27 07:36:04,243 INFO   [EXPIRE] SAM-FA309926Q1021 — BLDG. 380 – Carpet Replacement Sustainment Project (due 2026-08-26 · SAM.gov)
2026-08-27 07:36:04,243 INFO   [EXPIRE] SAM-FA309926Q1021 — BLDG. 380 – Carpet Replacement Sustainment Project (due 2026-08-26 · SAM.gov)
2026-08-27 07:36:04,243 INFO   [EXPIRE] SAM-FA468626QS026 — 9 MUNS B1322 - Asbestos Abatement & Carpet Replacement (due 2026-08-26 · SAM.gov)
2026-08-27 07:36:04,243 INFO   [EXPIRE] SAM-FA468626QS026 — 9 MUNS B1322 - Asbestos Abatement & Carpet Replacement (due 2026-08-26 · SAM.gov)
2026-08-27 07:36:04,243 INFO   [EXPIRE] SAM-FA309926Q1020 — OSS Bldg. 308 Sustainment Project (due 2026-08-26 · SAM.gov)
2026-08-27 07:36:04,243 INFO   [EXPIRE] SAM-FA309926Q1020 — OSS Bldg. 308 Sustainment Project (due 2026-08-26 · SAM.gov)
2026-08-27 07:36:04,243 INFO   [EXPIRE] SAM-70Z02726RFQ000053 — Base Portsmouth Wheelhouse Flooring (due 2026-08-26 · SAM.gov)
2026-08-27 07:36:04,243 INFO   [EXPIRE] SAM-70Z02726RFQ000053 — Base Portsmouth Wheelhouse Flooring (due 2026-08-26 · SAM.gov)
2026-08-27 07:36:04,243 INFO   [EXPIRE] 2714574242 — Relocation of MDF at 450 GOLDEN GATE AVE SAN FRANCISCO  (due 2026-08-26 · BidNet Direct)
2026-08-27 07:36:04,243 INFO   [EXPIRE] 2714574242 — Relocation of MDF at 450 GOLDEN GATE AVE SAN FRANCISCO  (due 2026-08-26 · BidNet Direct)
2026-08-27 07:36:04,243 INFO   [EXPIRE] SAM-PR16181780 — New Van for ESO Office (due 2026-08-26 · SAM.gov)
2026-08-27 07:36:04,243 INFO   [EXPIRE] SAM-PR16181780 — New Van for ESO Office (due 2026-08-26 · SAM.gov)
2026-08-27 07:36:04,243 INFO   [EXPIRE] 444101942206 — HSIP Cycle 11 – City Wide Safety Improvement (due 2026-08-26 · BidNet Direct)
2026-08-27 07:36:04,243 INFO   [EXPIRE] 444101942206 — HSIP Cycle 11 – City Wide Safety Improvement (due 2026-08-26 · BidNet Direct)
2026-08-27 07:36:04,243 INFO   [EXPIRE] 9406268313 — Operation of The Wheel Concession (due 2026-08-26 · BidNet Direct)
2026-08-27 07:36:04,243 INFO   [EXPIRE] 9406268313 — Operation of The Wheel Concession (due 2026-08-26 · BidNet Direct)
2026-08-27 07:36:04,244 INFO   [EXPIRE] SAM-W91QF4IFB2026Pool — Grant Pool Repairs Fort Leavenworth (due 2026-08-26 · SAM.gov)
2026-08-27 07:36:04,244 INFO   [EXPIRE] SAM-W91QF4IFB2026Pool — Grant Pool Repairs Fort Leavenworth (due 2026-08-26 · SAM.gov)
2026-08-27 07:36:04,244 INFO   [EXPIRE] SAM-FA309926Q0020 — Laughlin AFB - Bldg 222 Carpet Replacement (due 2026-08-26 · SAM.gov)
2026-08-27 07:36:04,244 INFO   [EXPIRE] SAM-FA309926Q0020 — Laughlin AFB - Bldg 222 Carpet Replacement (due 2026-08-26 · SAM.gov)
2026-08-27 07:36:04,244 INFO   [EXPIRE] SAM-36C24526Q0637 — N055--INSTALLATION OF LVT FLOORING (due 2026-08-26 · SAM.gov)
2026-08-27 07:36:04,244 INFO   [EXPIRE] SAM-36C24526Q0637 — N055--INSTALLATION OF LVT FLOORING (due 2026-08-26 · SAM.gov)
2026-08-27 07:36:04,244 INFO   [EXPIRE] SAM-FA486126R0024 — 549 CTS - PKA - WT17959925 - Renovate Bldg. 2340 (due 2026-08-26 · SAM.gov)
2026-08-27 07:36:04,244 INFO   [EXPIRE] SAM-FA486126R0024 — 549 CTS - PKA - WT17959925 - Renovate Bldg. 2340 (due 2026-08-26 · SAM.gov)
2026-08-27 07:36:04,244 INFO   [EXPIRE] 444118600000 — Camp Winthers PH 2 Modernization (due 2026-08-26 · BidNet Direct)
2026-08-27 07:36:04,244 INFO   [EXPIRE] 444118600000 — Camp Winthers PH 2 Modernization (due 2026-08-26 · BidNet Direct)
2026-08-27 07:36:04,244 INFO   [EXPIRE] SAM-FA251726QA029 — Solicitation- WT 18058173 Airfield and Weather Flight C (due 2026-08-26 · SAM.gov)
2026-08-27 07:36:04,244 INFO   [EXPIRE] SAM-FA251726QA029 — Solicitation- WT 18058173 Airfield and Weather Flight C (due 2026-08-26 · SAM.gov)
2026-08-27 07:36:04,244 INFO   [EXPIRE] 444122015151 — MUNICIPAL AIRPORT PARKING LOT REHABILITATION AND ADA RE (due 2026-08-26 · BidNet Direct)
2026-08-27 07:36:04,244 INFO   [EXPIRE] 444122015151 — MUNICIPAL AIRPORT PARKING LOT REHABILITATION AND ADA RE (due 2026-08-26 · BidNet Direct)
2026-08-27 07:36:04,244 INFO   [EXPIRE] SAM-36C25926Q0674 — G099--Eastern Oklahoma VA Health Care System (EOVAHCS)  (due 2026-08-26 · SAM.gov)
2026-08-27 07:36:04,244 INFO   [EXPIRE] SAM-36C25926Q0674 — G099--Eastern Oklahoma VA Health Care System (EOVAHCS)  (due 2026-08-26 · SAM.gov)
2026-08-27 07:36:04,244 INFO   [EXPIRE] SAM-19GE5026Q0137 — Repair of compound perimeter wall between the U.S. Emba (due 2026-08-26 · SAM.gov)
2026-08-27 07:36:04,244 INFO   [EXPIRE] SAM-19GE5026Q0137 — Repair of compound perimeter wall between the U.S. Emba (due 2026-08-26 · SAM.gov)
2026-08-27 07:36:04,244 INFO   [EXPIRE] SAM-12445526Q0121 — Mondeaux Floor Refinishing (due 2026-08-26 · SAM.gov)
2026-08-27 07:36:04,244 INFO   [EXPIRE] SAM-12445526Q0121 — Mondeaux Floor Refinishing (due 2026-08-26 · SAM.gov)
2026-08-27 07:36:04,244 INFO   [EXPIRE] 444122015196 — Lounge Seating Kits (due 2026-08-26 · BidNet Direct)
2026-08-27 07:36:04,244 INFO   [EXPIRE] 444122015196 — Lounge Seating Kits (due 2026-08-26 · BidNet Direct)
2026-08-27 07:36:04,244 INFO   [EXPIRE] SAM-36C24226Q0887 — 7220--36C242-26-AP-4139 | 528-26-3-8893-0611 Albany 10B (due 2026-08-26 · SAM.gov)
2026-08-27 07:36:04,244 INFO   [EXPIRE] SAM-36C24226Q0887 — 7220--36C242-26-AP-4139 | 528-26-3-8893-0611 Albany 10B (due 2026-08-26 · SAM.gov)
2026-08-27 07:36:05,079 INFO HTTP Request: PATCH https://obrqnthgqczkhffbsbac.supabase.co/rest/v1/bids?bid_id=in.%28SAM-FA309926Q1021%2CSAM-FA468626QS026%2CSAM-FA309926Q1020%2CSAM-70Z02726RFQ000053%2C2714574242%2CSAM-PR16181780%2C444101942206%2C9406268313%2CSAM-W91QF4IFB2026Pool%2CSAM-FA309926Q0020%2CSAM-36C24526Q0637%2CSAM-FA486126R0024%2C444118600000%2CSAM-FA251726QA029%2C444122015151%2CSAM-36C25926Q0674%2CSAM-19GE5026Q0137%2CSAM-12445526Q0121%2C444122015196%2CSAM-36C24226Q0887%29 "HTTP/2 200 OK"
2026-08-27 07:36:05,079 INFO HTTP Request: PATCH https://obrqnthgqczkhffbsbac.supabase.co/rest/v1/bids?bid_id=in.%28SAM-FA309926Q1021%2CSAM-FA468626QS026%2CSAM-FA309926Q1020%2CSAM-70Z02726RFQ000053%2C2714574242%2CSAM-PR16181780%2C444101942206%2C9406268313%2CSAM-W91QF4IFB2026Pool%2CSAM-FA309926Q0020%2CSAM-36C24526Q0637%2CSAM-FA486126R0024%2C444118600000%2CSAM-FA251726QA029%2C444122015151%2CSAM-36C25926Q0674%2CSAM-19GE5026Q0137%2CSAM-12445526Q0121%2C444122015196%2CSAM-36C24226Q0887%29 "HTTP/2 200 OK"
2026-08-27 07:36:05,083 INFO Expired 20 bid(s)
2026-08-27 07:36:05,083 INFO Expired 20 bid(s)
2026-08-27 07:36:05,946 INFO HTTP Request: GET https://obrqnthgqczkhffbsbac.supabase.co/rest/v1/bids?select=bid_id%2Ctitle%2Cbid_status&is_relevant=eq.True&bid_status=in.%28no_bid%2Cexpired%29 "HTTP/2 200 OK"
2026-08-27 07:36:05,946 INFO HTTP Request: GET https://obrqnthgqczkhffbsbac.supabase.co/rest/v1/bids?select=bid_id%2Ctitle%2Cbid_status&is_relevant=eq.True&bid_status=in.%28no_bid%2Cexpired%29 "HTTP/2 200 OK"
2026-08-27 07:36:05,947 INFO No manually-closed bids to sync
2026-08-27 07:36:05,947 INFO No manually-closed bids to sync
✓ Expired 20 past-due bids
