FCU Bid Scanner
==================================================
Searching 7 keyword groups across sources...

Searching BidNet Direct (CA public bids)...
  → Searching: "flooring"...
    ✓ 139 listed, 25 parsed
  → Searching: "carpet"...
    ✓ 33 listed, 25 parsed
  → Searching: "resilient flooring"...
    ✓ 0 listed, 0 parsed
  → Searching: "window covering"...
    ✓ 3 listed, 3 parsed
  → Searching: "blinds"...
    ✓ 9 listed, 8 parsed
  → Searching: "LVT vinyl"...
    ✓ 0 listed, 0 parsed
  → Searching: "tile installation"...
    ✓ 2 listed, 2 parsed

Searching Cal eProcure (CA state portal)...
  → "flooring": 100 rows, 100 parsed
  → "carpet": 7 rows, 7 parsed
  → "resilient flooring": 5 rows, 5 parsed
  → "window covering": 0 rows, 0 parsed
  → "blinds": 6 rows, 6 parsed
  → "LVT vinyl": 3 rows, 3 parsed
  → "tile installation": 0 rows, 0 parsed
  ✓ Cal eProcure total: 121 bids

Searching OpenGov portals (Sacramento, SF, Alameda)...
  → City of Bell...
  ⚠ City of Bell: Cloudflare blocking — run --save-cookies-opengov to refresh
    ✓ 0 bids
  → Redondo Beach...
  ⚠ Redondo Beach: Cloudflare blocking — run --save-cookies-opengov to refresh
    ✓ 0 bids
  → Manhattan Beach...
  ⚠ Manhattan Beach: Cloudflare blocking — run --save-cookies-opengov to refresh
    ✓ 0 bids
  → Pasadena...
  ⚠ Pasadena: Cloudflare blocking — run --save-cookies-opengov to refresh
    ✓ 0 bids
  → Santa Monica...
  ⚠ Santa Monica: Cloudflare blocking — run --save-cookies-opengov to refresh
    ✓ 0 bids
  → Sacramento...
  ⚠ Sacramento: Cloudflare blocking — run --save-cookies-opengov to refresh
    ✓ 0 bids
  → San Francisco...
  ⚠ San Francisco: Cloudflare blocking — run --save-cookies-opengov to refresh
    ✓ 0 bids
  → Alameda County...
  ⚠ Alameda County: Cloudflare blocking — run --save-cookies-opengov to refresh
    ✓ 0 bids

Searching SoCal Plan Room...
  ✓ 3 open bids (0 flooring-relevant)

Searching Crisp Plan Room...
  ✓ 17 open bids (0 flooring-relevant)

Searching Caltrans CCOP (all CA districts)...
  ✓ 149 projects scanned, 4 flooring-relevant

Searching SAM.gov (federal CA Contract Opportunities)...
  → "flooring"...
    ✓ 89 CA bids
  → "carpet"...
    ✓ 28 CA bids
  → "resilient flooring"...
    ✓ 0 CA bids
  → "window covering"...
    ✓ 4 CA bids
  → "blinds"...
    ✓ 12 CA bids
  → "LVT vinyl"...
    ✓ 0 CA bids
  → "tile installation"...
    ✓ 21 CA bids

Searching Quality Bidders (CA school district bids)...
  ✓ 74 open bids fetched, 2 flooring-relevant

Total: 317 unique CA bids (56 relevant to flooring)

Saving to Supabase...
  ✓ 0 new bids added · 317 existing updated

Sending scan summary...
  ✓ Email sent to ['gutarra.leonardo@gmail.com', 'leonardo.gutarra001@gmail.com']
  ✓ Scan summary sent (7 sources)

✓ Report saved: ./output/bid-report-2026-04-29.html
  317 total bids · 56 flooring/relevant

Open in browser:
  open "./output/bid-report-2026-04-29.html"
FCU Bid Scanner
==================================================
Searching 7 keyword groups across sources...

Searching BidNet Direct (CA public bids)...
  → Searching: "flooring"...
    ✓ 141 listed, 25 parsed
  → Searching: "carpet"...
    ✓ 28 listed, 25 parsed
  → Searching: "resilient flooring"...
    ✓ 0 listed, 0 parsed
  → Searching: "window covering"...
    ✓ 3 listed, 3 parsed
  → Searching: "blinds"...
    ✓ 9 listed, 8 parsed
  → Searching: "LVT vinyl"...
    ✓ 0 listed, 0 parsed
  → Searching: "tile installation"...
    ✓ 2 listed, 2 parsed

Searching Cal eProcure (CA state portal)...
  → "flooring": 100 rows, 100 parsed
  → "carpet": 8 rows, 8 parsed
  → "resilient flooring": 0 rows, 0 parsed
  → "window covering": 0 rows, 0 parsed
  → "blinds": 0 rows, 0 parsed
  → "LVT vinyl": 3 rows, 3 parsed
  → "tile installation": 0 rows, 0 parsed
  ✓ Cal eProcure total: 111 bids

Searching OpenGov portals (Sacramento, SF, Alameda)...
  → City of Bell...
  ⚠ City of Bell: Cloudflare blocking — run --save-cookies-opengov to refresh
    ✓ 0 bids
  → Redondo Beach...
  ⚠ Redondo Beach: Cloudflare blocking — run --save-cookies-opengov to refresh
    ✓ 0 bids
  → Manhattan Beach...
  ⚠ Manhattan Beach: Cloudflare blocking — run --save-cookies-opengov to refresh
    ✓ 0 bids
  → Pasadena...
  ⚠ Pasadena: Cloudflare blocking — run --save-cookies-opengov to refresh
    ✓ 0 bids
  → Santa Monica...
  ⚠ Santa Monica: Cloudflare blocking — run --save-cookies-opengov to refresh
    ✓ 0 bids
  → Sacramento...
  ⚠ Sacramento: Cloudflare blocking — run --save-cookies-opengov to refresh
    ✓ 0 bids
  → San Francisco...
  ⚠ San Francisco: Cloudflare blocking — run --save-cookies-opengov to refresh
    ✓ 0 bids
  → Alameda County...
  ⚠ Alameda County: Cloudflare blocking — run --save-cookies-opengov to refresh
    ✓ 0 bids

Searching SoCal Plan Room...
  ✓ 2 open bids (0 flooring-relevant)

Searching Crisp Plan Room...
  ✓ 20 open bids (3 flooring-relevant)

Searching Caltrans CCOP (all CA districts)...
  ✓ 149 projects scanned, 7 flooring-relevant

Searching SAM.gov (federal CA Contract Opportunities)...
  → "flooring"...
    ✓ 92 CA bids
  → "carpet"...
    ✓ 31 CA bids
  → "resilient flooring"...
    ✓ 0 CA bids
  → "window covering"...
    ✓ 4 CA bids
  → "blinds"...
    ✓ 12 CA bids
  → "LVT vinyl"...
    ✓ 0 CA bids
  → "tile installation"...
    ✓ 20 CA bids

Searching Quality Bidders (CA school district bids)...
  ✓ 74 open bids fetched, 26 flooring-relevant

Total: 353 unique CA bids (130 relevant to flooring)

Saving to Supabase...
  ✓ 47 new bids added · 306 existing updated

Sending scan summary...
  ✓ Email sent to ['gutarra.leonardo@gmail.com', 'leonardo.gutarra001@gmail.com']
  ✓ Scan summary sent (7 sources)
Sending new-bid digest (33 relevant)...
  ✓ Email sent to ['gutarra.leonardo@gmail.com', 'leonardo.gutarra001@gmail.com']

✓ Report saved: ./output/bid-report-2026-04-30.html
  353 total bids · 130 flooring/relevant

Open in browser:
  open "./output/bid-report-2026-04-30.html"
FCU Bid Scanner
==================================================
Searching 7 keyword groups across sources...

Searching BidNet Direct (CA public bids)...
  → Searching: "flooring"...
    ✓ 138 listed, 25 parsed
  → Searching: "carpet"...
    ✓ 26 listed, 25 parsed
  → Searching: "resilient flooring"...
    ✓ 0 listed, 0 parsed
  → Searching: "window covering"...
    ✓ 2 listed, 2 parsed
  → Searching: "blinds"...
    ✓ 10 listed, 9 parsed
  → Searching: "LVT vinyl"...
    ✓ 0 listed, 0 parsed
  → Searching: "tile installation"...
    ✓ 2 listed, 2 parsed

Searching Cal eProcure (CA state portal)...
  → "flooring": 100 rows, 100 parsed
  → "carpet": 6 rows, 6 parsed
  → "resilient flooring": 0 rows, 0 parsed
  → "window covering": 0 rows, 0 parsed
  → "blinds": 0 rows, 0 parsed
  → "LVT vinyl": 0 rows, 0 parsed
  → "tile installation": 0 rows, 0 parsed
  ✓ Cal eProcure total: 106 bids

Searching OpenGov portals (Sacramento, SF, Alameda)...
  → City of Bell...
  ⚠ City of Bell: Cloudflare blocking — run --save-cookies-opengov to refresh
    ✓ 0 bids
  → Redondo Beach...
  ⚠ Redondo Beach: Cloudflare blocking — run --save-cookies-opengov to refresh
    ✓ 0 bids
  → Manhattan Beach...
  ⚠ Manhattan Beach: Cloudflare blocking — run --save-cookies-opengov to refresh
    ✓ 0 bids
  → Pasadena...
  ⚠ Pasadena: Cloudflare blocking — run --save-cookies-opengov to refresh
    ✓ 0 bids
  → Santa Monica...
  ⚠ Santa Monica: Cloudflare blocking — run --save-cookies-opengov to refresh
    ✓ 0 bids
  → Sacramento...
  ⚠ Sacramento: Cloudflare blocking — run --save-cookies-opengov to refresh
    ✓ 0 bids
  → San Francisco...
  ⚠ San Francisco: Cloudflare blocking — run --save-cookies-opengov to refresh
    ✓ 0 bids
  → Alameda County...
  ⚠ Alameda County: Cloudflare blocking — run --save-cookies-opengov to refresh
    ✓ 0 bids

Searching SoCal Plan Room...
  ✓ 2 open bids (0 flooring-relevant)

Searching Crisp Plan Room...
  ✓ 22 open bids (3 flooring-relevant)

Searching Caltrans CCOP (all CA districts)...
  ✓ 149 projects scanned, 6 flooring-relevant

Searching SAM.gov (federal CA Contract Opportunities)...
  → "flooring"...
    ✓ 91 CA bids
  → "carpet"...
    ✓ 31 CA bids
  → "resilient flooring"...
    ✓ 0 CA bids
  → "window covering"...
    ✓ 4 CA bids
  → "blinds"...
    ✓ 12 CA bids
  → "LVT vinyl"...
    ✓ 0 CA bids
  → "tile installation"...
    ✓ 19 CA bids

Searching Quality Bidders (CA school district bids)...
  ✓ 74 open bids fetched, 28 flooring-relevant

Total: 355 unique CA bids (126 relevant to flooring)

Saving to Supabase...
  ✓ 19 new bids added · 336 existing updated

Sending scan summary...
  ✓ Email sent to ['gutarra.leonardo@gmail.com', 'leonardo.gutarra001@gmail.com']
  ✓ Scan summary sent (7 sources)
Sending new-bid digest (5 relevant)...
  ✓ Email sent to ['gutarra.leonardo@gmail.com', 'leonardo.gutarra001@gmail.com']

✓ Report saved: ./output/bid-report-2026-05-01.html
  355 total bids · 126 flooring/relevant

Open in browser:
  open "./output/bid-report-2026-05-01.html"
FCU Bid Scanner
==================================================
Searching 7 keyword groups across sources...

Searching BidNet Direct (CA public bids)...
  → Searching: "flooring"...
    ✓ 131 listed, 25 parsed
  → Searching: "carpet"...
    ✓ 25 listed, 25 parsed
  → Searching: "resilient flooring"...
    ✓ 0 listed, 0 parsed
  → Searching: "window covering"...
    ✓ 2 listed, 2 parsed
  → Searching: "blinds"...
    ✓ 10 listed, 9 parsed
  → Searching: "LVT vinyl"...
    ✓ 0 listed, 0 parsed
  → Searching: "tile installation"...
    ✓ 2 listed, 2 parsed

Searching Cal eProcure (CA state portal)...
  → "flooring": 100 rows, 100 parsed
  → "carpet": 6 rows, 6 parsed
  → "resilient flooring": 0 rows, 0 parsed
  → "window covering": 0 rows, 0 parsed
  → "blinds": 6 rows, 6 parsed
  → "LVT vinyl": 0 rows, 0 parsed
  → "tile installation": 0 rows, 0 parsed
  ✓ Cal eProcure total: 112 bids

Searching OpenGov portals (Sacramento, SF, Alameda)...
  → City of Bell...
  ⚠ City of Bell: Cloudflare blocking — run --save-cookies-opengov to refresh
    ✓ 0 bids
  → Redondo Beach...
  ⚠ Redondo Beach: Cloudflare blocking — run --save-cookies-opengov to refresh
    ✓ 0 bids
  → Manhattan Beach...
  ⚠ Manhattan Beach: Cloudflare blocking — run --save-cookies-opengov to refresh
    ✓ 0 bids
  → Pasadena...
  ⚠ Pasadena: Cloudflare blocking — run --save-cookies-opengov to refresh
    ✓ 0 bids
  → Santa Monica...
  ⚠ Santa Monica: Cloudflare blocking — run --save-cookies-opengov to refresh
    ✓ 0 bids
  → Sacramento...
  ⚠ Sacramento: Cloudflare blocking — run --save-cookies-opengov to refresh
    ✓ 0 bids
  → San Francisco...
  ⚠ San Francisco: Cloudflare blocking — run --save-cookies-opengov to refresh
    ✓ 0 bids
  → Alameda County...
  ⚠ Alameda County: Cloudflare blocking — run --save-cookies-opengov to refresh
    ✓ 0 bids

Searching SoCal Plan Room...
  ✓ 2 open bids (0 flooring-relevant)

Searching Crisp Plan Room...
  ✓ 19 open bids (3 flooring-relevant)

Searching Caltrans CCOP (all CA districts)...
  ⚠ Caltrans CCOP error: Page.goto: Timeout 30000ms exceeded.
Call log:
  - navigating to "https://ccop.dot.ca.gov/onestopshop/1,2,3,4,5,6,7,8,9,10,11,12", waiting until "networkidle"


Searching SAM.gov (federal CA Contract Opportunities)...
  → "flooring"...
    ✓ 91 CA bids
  → "carpet"...
    ✓ 28 CA bids
  → "resilient flooring"...
    ✓ 0 CA bids
  → "window covering"...
    ✓ 4 CA bids
  → "blinds"...
    ✓ 12 CA bids
  → "LVT vinyl"...
    ✓ 0 CA bids
  → "tile installation"...
    ✓ 19 CA bids

Searching Quality Bidders (CA school district bids)...
  ✓ 72 open bids fetched, 28 flooring-relevant

Total: 345 unique CA bids (122 relevant to flooring)

Saving to Supabase...
  + 2 PlanetBids bids pulled from queue
  ✓ 5 new bids added · 340 existing updated
  ✓ 2 PlanetBids bids marked as digested

  347 total bids · 122 flooring/relevant
FCU Bid Scanner
==================================================
Searching 7 keyword groups across sources...

Searching BidNet Direct (CA public bids)...
  → Searching: "flooring"...
    ✓ 133 listed, 25 parsed
  → Searching: "carpet"...
    ✓ 26 listed, 25 parsed
  → Searching: "resilient flooring"...
    ✓ 0 listed, 0 parsed
  → Searching: "window covering"...
    ✓ 2 listed, 2 parsed
  → Searching: "blinds"...
    ✓ 10 listed, 9 parsed
  → Searching: "LVT vinyl"...
    ✓ 0 listed, 0 parsed
  → Searching: "tile installation"...
    ✓ 2 listed, 2 parsed

Searching Cal eProcure (CA state portal)...
  → "flooring": 100 rows, 100 parsed
  → "carpet": 0 rows, 0 parsed
  → "resilient flooring": 0 rows, 0 parsed
  → "window covering": 0 rows, 0 parsed
  → "blinds": 0 rows, 0 parsed
  → "LVT vinyl": 0 rows, 0 parsed
  → "tile installation": 0 rows, 0 parsed
  ✓ Cal eProcure total: 100 bids

Searching SoCal Plan Room...
  ✓ 2 open bids (0 flooring-relevant)

Searching Crisp Plan Room...
  ✓ 19 open bids (3 flooring-relevant)

Searching Caltrans CCOP (all CA districts)...
  ✓ 149 projects scanned, 6 flooring-relevant

Searching SAM.gov (federal CA Contract Opportunities)...
  → "flooring"...
    ✓ 91 CA bids
  → "carpet"...
    ✓ 29 CA bids
  → "resilient flooring"...
    ✓ 0 CA bids
  → "window covering"...
    ✓ 4 CA bids
  → "blinds"...
    ✓ 12 CA bids
  → "LVT vinyl"...
    ✓ 0 CA bids
  → "tile installation"...
    ✓ 21 CA bids

Searching Quality Bidders (CA school district bids)...
  ✓ 70 open bids fetched, 27 flooring-relevant

Total: 347 unique CA bids (127 relevant to flooring)

Saving to Supabase...
  ✓ 2 new bids added · 345 existing updated

Sending scan summary...
  ✓ Email sent to ['leonardo.gutarra001@gmail.com']
  ✓ Scan summary sent (7 sources)
  Sending new-bid digest (1 relevant)...
  ✓ Email sent to ['ben@benlee.ventures', 'lee.joanne.c@gmail.com', 'floorcoveringunltd@msn.com', 'leonardo.gutarra001@gmail.com']

  347 total bids · 127 flooring/relevant
FCU Bid Scanner
==================================================
Searching 7 keyword groups across sources...

Searching BidNet Direct (CA public bids)...
  → Searching: "flooring"...
    ✓ 130 listed, 25 parsed
  → Searching: "carpet"...
    ✓ 25 listed, 25 parsed
  → Searching: "resilient flooring"...
    ✓ 0 listed, 0 parsed
  → Searching: "window covering"...
    ✓ 1 listed, 1 parsed
  → Searching: "blinds"...
    ✓ 11 listed, 10 parsed
  → Searching: "LVT vinyl"...
    ✓ 0 listed, 0 parsed
  → Searching: "tile installation"...
    ✓ 2 listed, 2 parsed

Searching Cal eProcure (CA state portal)...
  → "flooring": 100 rows, 100 parsed
  ⚠ Cal eProcure error for 'carpet': ElementHandle.click: Timeout 30000ms exceeded.
Call log:
  - attempting click action
    2 × waiting for element to be visible, enabled and stable
      - element is visible, enabled and stable
      - scrolling into view if needed
      - done scrolling
      - <div class="overlay">↵    </div> from <div id="loadingContainer">…</div> subtree intercepts pointer events
    - retrying click action
    - waiting 20ms
    2 × waiting for element to be visible, enabled and stable
      - element is visible, enabled and stable
      - scrolling into view if needed
      - done scrolling
      - <div class="overlay">↵    </div> from <div id="loadingContainer">…</div> subtree intercepts pointer events
    - retrying click action
      - waiting 100ms
    39 × waiting for element to be visible, enabled and stable
       - element is visible, enabled and stable
       - scrolling into view if needed
       - done scrolling
       - <div class="overlay">↵    </div> from <div id="loadingContainer">…</div> subtree intercepts pointer events
     - retrying click action
       - waiting 500ms
    - waiting for element to be visible, enabled and stable

  ⚠ Cal eProcure error for 'resilient flooring': ElementHandle.click: Timeout 30000ms exceeded.
Call log:
  - attempting click action
    2 × waiting for element to be visible, enabled and stable
      - element is visible, enabled and stable
      - scrolling into view if needed
      - done scrolling
      - <div class="overlay">↵    </div> from <div id="loadingContainer">…</div> subtree intercepts pointer events
    - retrying click action
    - waiting 20ms
    2 × waiting for element to be visible, enabled and stable
      - element is visible, enabled and stable
      - scrolling into view if needed
      - done scrolling
      - <div class="overlay">↵    </div> from <div id="loadingContainer">…</div> subtree intercepts pointer events
    - retrying click action
      - waiting 100ms
    39 × waiting for element to be visible, enabled and stable
       - element is visible, enabled and stable
       - scrolling into view if needed
       - done scrolling
       - <div class="overlay">↵    </div> from <div id="loadingContainer">…</div> subtree intercepts pointer events
     - retrying click action
       - waiting 500ms
    - waiting for element to be visible, enabled and stable

  ⚠ Cal eProcure error for 'window covering': ElementHandle.click: Timeout 30000ms exceeded.
Call log:
  - attempting click action
    2 × waiting for element to be visible, enabled and stable
      - element is visible, enabled and stable
      - scrolling into view if needed
      - done scrolling
      - <div class="overlay">↵    </div> from <div id="loadingContainer">…</div> subtree intercepts pointer events
    - retrying click action
    - waiting 20ms
    2 × waiting for element to be visible, enabled and stable
      - element is visible, enabled and stable
      - scrolling into view if needed
      - done scrolling
      - <div class="overlay">↵    </div> from <div id="loadingContainer">…</div> subtree intercepts pointer events
    - retrying click action
      - waiting 100ms
    42 × waiting for element to be visible, enabled and stable
       - element is visible, enabled and stable
       - scrolling into view if needed
       - done scrolling
       - <div class="overlay">↵    </div> from <div id="loadingContainer">…</div> subtree intercepts pointer events
     - retrying click action
       - waiting 500ms

  ⚠ Cal eProcure error for 'blinds': ElementHandle.click: Timeout 30000ms exceeded.
Call log:
  - attempting click action
    2 × waiting for element to be visible, enabled and stable
      - element is visible, enabled and stable
      - scrolling into view if needed
      - done scrolling
      - <div class="overlay">↵    </div> from <div id="loadingContainer">…</div> subtree intercepts pointer events
    - retrying click action
    - waiting 20ms
    2 × waiting for element to be visible, enabled and stable
      - element is visible, enabled and stable
      - scrolling into view if needed
      - done scrolling
      - <div class="overlay">↵    </div> from <div id="loadingContainer">…</div> subtree intercepts pointer events
    - retrying click action
      - waiting 100ms
    44 × waiting for element to be visible, enabled and stable
       - element is visible, enabled and stable
       - scrolling into view if needed
       - done scrolling
       - <div class="overlay">↵    </div> from <div id="loadingContainer">…</div> subtree intercepts pointer events
     - retrying click action
       - waiting 500ms

  ⚠ Cal eProcure error for 'LVT vinyl': ElementHandle.click: Timeout 30000ms exceeded.
Call log:
  - attempting click action
    2 × waiting for element to be visible, enabled and stable
      - element is visible, enabled and stable
      - scrolling into view if needed
      - done scrolling
      - <div class="overlay">↵    </div> from <div id="loadingContainer">…</div> subtree intercepts pointer events
    - retrying click action
    - waiting 20ms
    2 × waiting for element to be visible, enabled and stable
      - element is visible, enabled and stable
      - scrolling into view if needed
      - done scrolling
      - <div class="overlay">↵    </div> from <div id="loadingContainer">…</div> subtree intercepts pointer events
    - retrying click action
      - waiting 100ms
    44 × waiting for element to be visible, enabled and stable
       - element is visible, enabled and stable
       - scrolling into view if needed
       - done scrolling
       - <div class="overlay">↵    </div> from <div id="loadingContainer">…</div> subtree intercepts pointer events
     - retrying click action
       - waiting 500ms

  ⚠ Cal eProcure error for 'tile installation': ElementHandle.click: Timeout 30000ms exceeded.
Call log:
  - attempting click action
    2 × waiting for element to be visible, enabled and stable
      - element is visible, enabled and stable
      - scrolling into view if needed
      - done scrolling
      - <div class="overlay">↵    </div> from <div id="loadingContainer">…</div> subtree intercepts pointer events
    - retrying click action
    - waiting 20ms
    2 × waiting for element to be visible, enabled and stable
      - element is visible, enabled and stable
      - scrolling into view if needed
      - done scrolling
      - <div class="overlay">↵    </div> from <div id="loadingContainer">…</div> subtree intercepts pointer events
    - retrying click action
      - waiting 100ms
    44 × waiting for element to be visible, enabled and stable
       - element is visible, enabled and stable
       - scrolling into view if needed
       - done scrolling
       - <div class="overlay">↵    </div> from <div id="loadingContainer">…</div> subtree intercepts pointer events
     - retrying click action
       - waiting 500ms

  ✓ Cal eProcure total: 100 bids

Searching SoCal Plan Room...
  ✓ 2 open bids (0 flooring-relevant)

Searching Crisp Plan Room...
  ✓ 18 open bids fetched, 5 flooring-relevant

Searching Caltrans CCOP (all CA districts)...
  ✓ 149 projects scanned, 6 flooring-relevant

Searching SAM.gov (federal CA Contract Opportunities)...
  → "flooring"...
    ✓ 92 CA bids
  → "carpet"...
    ✓ 29 CA bids
  → "resilient flooring"...
    ✓ 0 CA bids
  → "window covering"...
    ✓ 5 CA bids
  → "blinds"...
    ✓ 12 CA bids
  → "LVT vinyl"...
    ✓ 0 CA bids
  → "tile installation"...
    ✓ 21 CA bids

Searching Quality Bidders (CA school district bids)...
  ✓ 62 open bids fetched, 24 flooring-relevant

Total: 348 unique CA bids (134 relevant to flooring)

Saving to Supabase...
  ✓ 12 new bids added · 336 existing updated

Sending scan summary...
  ✓ Email sent to ['leonardo.gutarra001@gmail.com']
  ✓ Scan summary sent (7 sources)
  Sending new-bid digest (7 relevant)...
  ✓ Email sent to ['ben@benlee.ventures', 'lee.joanne.c@gmail.com', 'floorcoveringunltd@msn.com', 'leonardo.gutarra001@gmail.com']

  348 total bids · 134 flooring/relevant
FCU Bid Scanner
==================================================
Searching 7 keyword groups across sources...

Searching BidNet Direct (CA public bids)...
  → Searching: "flooring"...
    ✓ 145 listed, 25 parsed
  → Searching: "carpet"...
    ✓ 26 listed, 25 parsed
  → Searching: "resilient flooring"...
    ✓ 0 listed, 0 parsed
  → Searching: "window covering"...
    ✓ 1 listed, 1 parsed
  → Searching: "blinds"...
    ✓ 11 listed, 10 parsed
  → Searching: "LVT vinyl"...
    ✓ 0 listed, 0 parsed
  → Searching: "tile installation"...
    ✓ 1 listed, 1 parsed

Searching Cal eProcure (CA state portal)...
  → "flooring": 100 rows, 100 parsed
  → "carpet": 4 rows, 4 parsed
  → "resilient flooring": 0 rows, 0 parsed
  → "window covering": 0 rows, 0 parsed
  → "blinds": 4 rows, 4 parsed
  → "LVT vinyl": 0 rows, 0 parsed
  → "tile installation": 0 rows, 0 parsed
  ✓ Cal eProcure total: 108 bids

Searching SoCal Plan Room...
  ✓ 2 open bids (0 flooring-relevant)

Searching Crisp Plan Room...
  ✓ 17 open bids fetched, 5 flooring-relevant

Searching Caltrans CCOP (all CA districts)...
  ✓ 149 projects scanned, 6 flooring-relevant

Searching SAM.gov (federal CA Contract Opportunities)...
  → "flooring"...
    ✓ 93 CA bids
  → "carpet"...
    ✓ 32 CA bids
  → "resilient flooring"...
    ✓ 0 CA bids
  → "window covering"...
    ✓ 6 CA bids
  → "blinds"...
    ✓ 12 CA bids
  → "LVT vinyl"...
    ✓ 0 CA bids
  → "tile installation"...
    ✓ 22 CA bids

Searching Quality Bidders (CA school district bids)...
  ✓ 65 open bids fetched, 27 flooring-relevant

Total: 357 unique CA bids (136 relevant to flooring)

Saving to Supabase...
  ✓ 29 new bids added · 328 existing updated

Sending scan summary...
  ✓ Email sent to ['leonardo.gutarra001@gmail.com']
  ✓ Scan summary sent (7 sources)
  Sending new-bid digest (8 relevant)...
  ✓ Email sent to ['ben@benlee.ventures', 'lee.joanne.c@gmail.com', 'floorcoveringunltd@msn.com', 'leonardo.gutarra001@gmail.com']

  357 total bids · 136 flooring/relevant
FCU Bid Scanner
==================================================
Searching 7 keyword groups across sources...

Searching BidNet Direct (CA public bids)...
  → Searching: "flooring"...
    ✓ 142 listed, 25 parsed
  → Searching: "carpet"...
    ✓ 27 listed, 25 parsed
  → Searching: "resilient flooring"...
    ✓ 1 listed, 1 parsed
  → Searching: "window covering"...
    ✓ 1 listed, 1 parsed
  → Searching: "blinds"...
    ✓ 11 listed, 10 parsed
  → Searching: "LVT vinyl"...
    ✓ 0 listed, 0 parsed
  → Searching: "tile installation"...
    ✓ 1 listed, 1 parsed

Searching Cal eProcure (CA state portal)...
  → "flooring": 12 rows, 12 parsed
  → "carpet": 4 rows, 4 parsed
  → "resilient flooring": 0 rows, 0 parsed
  → "window covering": 0 rows, 0 parsed
  → "blinds": 4 rows, 4 parsed
  → "LVT vinyl": 0 rows, 0 parsed
  → "tile installation": 0 rows, 0 parsed
  ✓ Cal eProcure total: 20 bids

Searching SoCal Plan Room...
  ✓ 2 open bids (0 flooring-relevant)

Searching Crisp Plan Room...
  ✓ 16 open bids fetched, 4 flooring-relevant

Searching Caltrans CCOP (all CA districts)...
  ✓ 149 projects scanned, 5 flooring-relevant

Searching SAM.gov (federal CA Contract Opportunities)...
  → "flooring"...
    ✓ 93 CA bids
  → "carpet"...
    ✓ 34 CA bids
  → "resilient flooring"...
    ✓ 0 CA bids
  → "window covering"...
    ✓ 6 CA bids
  → "blinds"...
    ✓ 12 CA bids
  → "LVT vinyl"...
    ✓ 0 CA bids
  → "tile installation"...
    ✓ 24 CA bids

Searching Quality Bidders (CA school district bids)...
  ✓ 64 open bids fetched, 25 flooring-relevant

Total: 262 unique CA bids (125 relevant to flooring)

Saving to Supabase...
  ✓ 20 new bids added · 242 existing updated

Sending scan summary...
  ✓ Email sent to ['leonardo.gutarra001@gmail.com']
  ✓ Scan summary sent (7 sources)
  Sending new-bid digest (7 relevant)...
  ✓ Email sent to ['ben@benlee.ventures', 'lee.joanne.c@gmail.com', 'floorcoveringunltd@msn.com', 'leonardo.gutarra001@gmail.com']

  262 total bids · 125 flooring/relevant
FCU Bid Scanner
==================================================
Searching 7 keyword groups across sources...

Searching BidNet Direct (CA public bids)...
  → Searching: "flooring"...
    ✓ 145 listed, 25 parsed
  → Searching: "carpet"...
    ✓ 26 listed, 25 parsed
  → Searching: "resilient flooring"...
    ✓ 1 listed, 1 parsed
  → Searching: "window covering"...
    ✓ 1 listed, 1 parsed
  → Searching: "blinds"...
    ✓ 12 listed, 11 parsed
  → Searching: "LVT vinyl"...
    ✓ 0 listed, 0 parsed
  → Searching: "tile installation"...
    ✓ 1 listed, 1 parsed

Searching Cal eProcure (CA state portal)...
  → "flooring": 100 rows, 100 parsed
  → "carpet": 4 rows, 4 parsed
  → "resilient flooring": 0 rows, 0 parsed
  → "window covering": 0 rows, 0 parsed
  → "blinds": 4 rows, 4 parsed
  → "LVT vinyl": 0 rows, 0 parsed
  → "tile installation": 0 rows, 0 parsed
  ✓ Cal eProcure total: 108 bids

Searching SoCal Plan Room...
  ✓ 2 open bids (0 flooring-relevant)

Searching Crisp Plan Room...
  ✓ 17 open bids fetched, 4 flooring-relevant

Searching Caltrans CCOP (all CA districts)...
  ✓ 149 projects scanned, 5 flooring-relevant

Searching SAM.gov (federal CA Contract Opportunities)...
  → "flooring"...
    ✓ 93 CA bids
  → "carpet"...
    ✓ 35 CA bids
  → "resilient flooring"...
    ✓ 0 CA bids
  → "window covering"...
    ✓ 6 CA bids
  → "blinds"...
    ✓ 12 CA bids
  → "LVT vinyl"...
    ✓ 0 CA bids
  → "tile installation"...
    ✓ 21 CA bids

Searching Quality Bidders (CA school district bids)...
  ✓ 64 open bids fetched, 25 flooring-relevant

Total: 349 unique CA bids (123 relevant to flooring)

Saving to Supabase...
  ✓ 21 new bids added · 328 existing updated

Sending scan summary...
  ✓ Email sent to ['leonardo.gutarra001@gmail.com']
  ✓ Scan summary sent (7 sources)
  Sending new-bid digest (8 relevant)...
  ✓ Email sent to ['ben@benlee.ventures', 'lee.joanne.c@gmail.com', 'floorcoveringunltd@msn.com', 'leonardo.gutarra001@gmail.com']

  349 total bids · 123 flooring/relevant
FCU Bid Scanner
==================================================
Searching 7 keyword groups across sources...

Searching BidNet Direct (CA public bids)...
  → Searching: "flooring"...
    ✓ 143 listed, 25 parsed
  → Searching: "carpet"...
    ✓ 22 listed, 22 parsed
  → Searching: "resilient flooring"...
    ✓ 1 listed, 1 parsed
  → Searching: "window covering"...
    ✓ 1 listed, 1 parsed
  → Searching: "blinds"...
    ✓ 10 listed, 9 parsed
  → Searching: "LVT vinyl"...
    ✓ 0 listed, 0 parsed
  → Searching: "tile installation"...
    ✓ 1 listed, 1 parsed

Searching Cal eProcure (CA state portal)...
  → "flooring": 100 rows, 100 parsed
  → "carpet": 4 rows, 4 parsed
  → "resilient flooring": 2 rows, 2 parsed
  → "window covering": 0 rows, 0 parsed
  → "blinds": 4 rows, 4 parsed
  → "LVT vinyl": 0 rows, 0 parsed
  → "tile installation": 0 rows, 0 parsed
  ✓ Cal eProcure total: 110 bids

Searching SoCal Plan Room...
  ✓ 2 open bids (0 flooring-relevant)

Searching Crisp Plan Room...
  ✓ 18 open bids fetched, 4 flooring-relevant

Searching Caltrans CCOP (all CA districts)...
  ✓ 149 projects scanned, 5 flooring-relevant

Searching SAM.gov (federal CA Contract Opportunities)...
  → "flooring"...
    ✓ 95 CA bids
  → "carpet"...
    ✓ 38 CA bids
  → "resilient flooring"...
    ✓ 0 CA bids
  → "window covering"...
    ✓ 6 CA bids
  → "blinds"...
    ✓ 13 CA bids
  → "LVT vinyl"...
    ✓ 0 CA bids
  → "tile installation"...
    ✓ 21 CA bids

Searching Quality Bidders (CA school district bids)...
  ✓ 64 open bids fetched, 25 flooring-relevant

Total: 353 unique CA bids (126 relevant to flooring)

Saving to Supabase...
  ✓ 17 new bids added · 336 existing updated

Sending scan summary...
  ✓ Email sent to ['leonardo.gutarra001@gmail.com']
  ✓ Scan summary sent (7 sources)
  Sending new-bid digest (6 relevant)...
  ✓ Email sent to ['ben@benlee.ventures', 'lee.joanne.c@gmail.com', 'floorcoveringunltd@msn.com', 'leonardo.gutarra001@gmail.com']

  353 total bids · 126 flooring/relevant
FCU Bid Scanner
==================================================
Searching 7 keyword groups across sources...

Searching BidNet Direct (CA public bids)...
  → Searching: "flooring"...
    ✓ 144 listed, 25 parsed
  → Searching: "carpet"...
    ✓ 21 listed, 21 parsed
  → Searching: "resilient flooring"...
    ✓ 1 listed, 1 parsed
  → Searching: "window covering"...
    ✓ 1 listed, 1 parsed
  → Searching: "blinds"...
    ✓ 11 listed, 10 parsed
  → Searching: "LVT vinyl"...
    ✓ 0 listed, 0 parsed
  → Searching: "tile installation"...
    ✓ 1 listed, 1 parsed

Searching Cal eProcure (CA state portal)...
  → "flooring": 8 rows, 8 parsed
  → "carpet": 4 rows, 4 parsed
  → "resilient flooring": 0 rows, 0 parsed
  → "window covering": 0 rows, 0 parsed
  → "blinds": 4 rows, 4 parsed
  → "LVT vinyl": 0 rows, 0 parsed
  → "tile installation": 0 rows, 0 parsed
  ✓ Cal eProcure total: 16 bids

Searching SoCal Plan Room...
  ✓ 2 open bids (0 flooring-relevant)

Searching Crisp Plan Room...
  ✓ 19 open bids fetched, 4 flooring-relevant

Searching Caltrans CCOP (all CA districts)...
  ✓ 149 projects scanned, 4 flooring-relevant

Searching SAM.gov (federal CA Contract Opportunities)...
  → "flooring"...
    ✓ 95 CA bids
  → "carpet"...
    ✓ 38 CA bids
  → "resilient flooring"...
    ✓ 0 CA bids
  → "window covering"...
    ✓ 6 CA bids
  → "blinds"...
    ✓ 13 CA bids
  → "LVT vinyl"...
    ✓ 0 CA bids
  → "tile installation"...
    ✓ 23 CA bids

Searching Quality Bidders (CA school district bids)...
  ✓ 55 open bids fetched, 21 flooring-relevant

Total: 261 unique CA bids (127 relevant to flooring)

Saving to Supabase...
  ✓ 14 new bids added · 247 existing updated

Sending scan summary...
  ✓ Email sent to ['leonardo.gutarra001@gmail.com']
  ✓ Scan summary sent (7 sources)
  Sending new-bid digest (5 relevant)...
  ✓ Email sent to ['ben@benlee.ventures', 'lee.joanne.c@gmail.com', 'floorcoveringunltd@msn.com', 'leonardo.gutarra001@gmail.com']

  261 total bids · 127 flooring/relevant
FCU Bid Scanner
==================================================
Searching 7 keyword groups across sources...

Searching BidNet Direct (CA public bids)...
  → Searching: "flooring"...
    ✓ 140 listed, 25 parsed
  → Searching: "carpet"...
    ✓ 20 listed, 20 parsed
  → Searching: "resilient flooring"...
    ✓ 1 listed, 1 parsed
  → Searching: "window covering"...
    ✓ 1 listed, 1 parsed
  → Searching: "blinds"...
    ✓ 10 listed, 9 parsed
  → Searching: "LVT vinyl"...
    ✓ 0 listed, 0 parsed
  → Searching: "tile installation"...
    ✓ 0 listed, 0 parsed

Searching Cal eProcure (CA state portal)...
  → "flooring": 100 rows, 100 parsed
  → "carpet": 4 rows, 4 parsed
  → "resilient flooring": 0 rows, 0 parsed
  → "window covering": 0 rows, 0 parsed
  → "blinds": 0 rows, 0 parsed
  → "LVT vinyl": 2 rows, 2 parsed
  → "tile installation": 2 rows, 2 parsed
  ✓ Cal eProcure total: 108 bids

Searching SoCal Plan Room...
  ✓ 2 open bids (0 flooring-relevant)

Searching Crisp Plan Room...
  ✓ 19 open bids fetched, 3 flooring-relevant

Searching Caltrans CCOP (all CA districts)...
  ✓ 149 projects scanned, 3 flooring-relevant

Searching SAM.gov (federal CA Contract Opportunities)...
  → "flooring"...
    ✓ 95 CA bids
  → "carpet"...
    ✓ 40 CA bids
  → "resilient flooring"...
    ✓ 0 CA bids
  → "window covering"...
    ✓ 6 CA bids
  → "blinds"...
    ✓ 13 CA bids
  → "LVT vinyl"...
    ✓ 0 CA bids
  → "tile installation"...
    ✓ 23 CA bids

Searching Quality Bidders (CA school district bids)...
  ✓ 50 open bids fetched, 19 flooring-relevant

Total: 347 unique CA bids (121 relevant to flooring)

Saving to Supabase...
  ✓ 10 new bids added · 337 existing updated

Sending scan summary...
  ✓ Email sent to ['leonardo.gutarra001@gmail.com']
  ✓ Scan summary sent (7 sources)
  Sending new-bid digest (5 relevant)...
  ✓ Email sent to ['ben@benlee.ventures', 'lee.joanne.c@gmail.com', 'floorcoveringunltd@msn.com', 'leonardo.gutarra001@gmail.com']

  347 total bids · 121 flooring/relevant
FCU Bid Scanner
==================================================
Searching 7 keyword groups across sources...

Searching BidNet Direct (CA public bids)...
  → Searching: "flooring"...
    ✓ 138 listed, 25 parsed
  → Searching: "carpet"...
    ✓ 19 listed, 19 parsed
  → Searching: "resilient flooring"...
    ✓ 1 listed, 1 parsed
  → Searching: "window covering"...
    ✓ 0 listed, 0 parsed
  → Searching: "blinds"...
    ✓ 12 listed, 11 parsed
  → Searching: "LVT vinyl"...
    ✓ 0 listed, 0 parsed
  → Searching: "tile installation"...
    ✓ 0 listed, 0 parsed

Searching Cal eProcure (CA state portal)...
  → "flooring": 100 rows, 100 parsed
  → "carpet": 2 rows, 2 parsed
  → "resilient flooring": 2 rows, 2 parsed
  → "window covering": 2 rows, 2 parsed
  → "blinds": 2 rows, 2 parsed
  → "LVT vinyl": 2 rows, 2 parsed
  → "tile installation": 2 rows, 2 parsed
  ✓ Cal eProcure total: 112 bids

Searching SoCal Plan Room...
  ✓ 1 open bids (0 flooring-relevant)

Searching Crisp Plan Room...
  ✓ 14 open bids fetched, 2 flooring-relevant

Searching Caltrans CCOP (all CA districts)...
  ✓ 149 projects scanned, 3 flooring-relevant

Searching SAM.gov (federal CA Contract Opportunities)...
  → "flooring"...
    ✓ 95 CA bids
  → "carpet"...
    ✓ 40 CA bids
  → "resilient flooring"...
    ✓ 0 CA bids
  → "window covering"...
    ✓ 6 CA bids
  → "blinds"...
    ✓ 14 CA bids
  → "LVT vinyl"...
    ✓ 0 CA bids
  → "tile installation"...
    ✓ 23 CA bids

Searching Quality Bidders (CA school district bids)...
  ✓ 41 open bids fetched, 17 flooring-relevant

Total: 344 unique CA bids (127 relevant to flooring)

Saving to Supabase...
  ✓ 13 new bids added · 331 existing updated

Sending scan summary...
  ✓ Email sent to ['leonardo.gutarra001@gmail.com']
  ✓ Scan summary sent (7 sources)
  Sending new-bid digest (7 relevant)...
  ✓ Email sent to ['ben@benlee.ventures', 'lee.joanne.c@gmail.com', 'floorcoveringunltd@msn.com', 'leonardo.gutarra001@gmail.com']

  344 total bids · 127 flooring/relevant
FCU Bid Scanner
==================================================
Searching 7 keyword groups across sources...

Searching BidNet Direct (CA public bids)...
  → Searching: "flooring"...
    ✓ 154 listed, 25 parsed
  → Searching: "carpet"...
    ✓ 21 listed, 21 parsed
  → Searching: "resilient flooring"...
    ✓ 1 listed, 1 parsed
  → Searching: "window covering"...
    ✓ 0 listed, 0 parsed
  → Searching: "blinds"...
    ✓ 13 listed, 12 parsed
  → Searching: "LVT vinyl"...
    ✓ 0 listed, 0 parsed
  → Searching: "tile installation"...
    ✓ 0 listed, 0 parsed

Searching Cal eProcure (CA state portal)...
  → "flooring": 100 rows, 100 parsed
  → "carpet": 2 rows, 2 parsed
  → "resilient flooring": 1 rows, 1 parsed
  → "window covering": 2 rows, 2 parsed
  → "blinds": 2 rows, 2 parsed
  → "LVT vinyl": 2 rows, 2 parsed
  → "tile installation": 1 rows, 1 parsed
  ✓ Cal eProcure total: 110 bids

Searching SoCal Plan Room...
  ✓ 1 open bids (0 flooring-relevant)

Searching Crisp Plan Room...
  ✓ 12 open bids fetched, 2 flooring-relevant

Searching Caltrans CCOP (all CA districts)...
  ✓ 149 projects scanned, 3 flooring-relevant

Searching SAM.gov (federal CA Contract Opportunities)...
  → "flooring"...
    ✓ 95 CA bids
  → "carpet"...
    ✓ 43 CA bids
  → "resilient flooring"...
    ✓ 0 CA bids
  → "window covering"...
    ✓ 5 CA bids
  → "blinds"...
    ✓ 14 CA bids
  → "LVT vinyl"...
    ✓ 0 CA bids
  → "tile installation"...
    ✓ 22 CA bids

Searching Quality Bidders (CA school district bids)...
  ✓ 47 open bids fetched, 17 flooring-relevant

Total: 343 unique CA bids (123 relevant to flooring)

Saving to Supabase...
  ✓ 31 new bids added · 312 existing updated

Sending scan summary...
  ✓ Email sent to ['leonardo.gutarra001@gmail.com']
  ✓ Scan summary sent (7 sources)
  Sending new-bid digest (8 relevant)...
  ✓ Email sent to ['ben@benlee.ventures', 'lee.joanne.c@gmail.com', 'floorcoveringunltd@msn.com', 'leonardo.gutarra001@gmail.com']

  343 total bids · 123 flooring/relevant
FCU Bid Scanner
==================================================
Searching 7 keyword groups across sources...

Searching BidNet Direct (CA public bids)...
  → Searching: "flooring"...
    ✓ 157 listed, 25 parsed
  → Searching: "carpet"...
    ✓ 21 listed, 21 parsed
  → Searching: "resilient flooring"...
    ✓ 1 listed, 1 parsed
  → Searching: "window covering"...
    ✓ 0 listed, 0 parsed
  → Searching: "blinds"...
    ✓ 12 listed, 11 parsed
  → Searching: "LVT vinyl"...
    ✓ 0 listed, 0 parsed
  → Searching: "tile installation"...
    ✓ 0 listed, 0 parsed

Searching Cal eProcure (CA state portal)...
  → "flooring": 100 rows, 100 parsed
  → "carpet": 2 rows, 2 parsed
  → "resilient flooring": 2 rows, 2 parsed
  → "window covering": 2 rows, 2 parsed
  → "blinds": 2 rows, 2 parsed
  → "LVT vinyl": 2 rows, 2 parsed
  → "tile installation": 1 rows, 1 parsed
  ✓ Cal eProcure total: 111 bids

Searching SoCal Plan Room...
  ✓ 1 open bids (0 flooring-relevant)

Searching Crisp Plan Room...
  ✓ 11 open bids fetched, 0 flooring-relevant

Searching Caltrans CCOP (all CA districts)...
  ✓ 149 projects scanned, 1 flooring-relevant

Searching SAM.gov (federal CA Contract Opportunities)...
  → "flooring"...
    ✓ 95 CA bids
  → "carpet"...
    ✓ 44 CA bids
  → "resilient flooring"...
    ✓ 0 CA bids
  → "window covering"...
    ✓ 5 CA bids
  → "blinds"...
    ✓ 14 CA bids
  → "LVT vinyl"...
    ✓ 0 CA bids
  → "tile installation"...
    ✓ 22 CA bids

Searching Quality Bidders (CA school district bids)...
  ✓ 47 open bids fetched, 0 flooring-relevant

Total: 323 unique CA bids (59 relevant to flooring)

Saving to Supabase...
  ✓ 11 new bids added · 312 existing updated

Sending scan summary...
  ✓ Email sent to ['leonardo.gutarra001@gmail.com']
  ✓ Scan summary sent (5 sources)
  Sending new-bid digest (2 relevant)...
  ✓ Email sent to ['ben@benlee.ventures', 'lee.joanne.c@gmail.com', 'floorcoveringunltd@msn.com', 'leonardo.gutarra001@gmail.com']

  323 total bids · 59 flooring/relevant
FCU Bid Scanner
==================================================
Searching 7 keyword groups across sources...

Searching BidNet Direct (CA public bids)...
  → Searching: "flooring"...
    ✓ 157 listed, 25 parsed
  → Searching: "carpet"...
    ✓ 23 listed, 23 parsed
  → Searching: "resilient flooring"...
    ✓ 1 listed, 1 parsed
  → Searching: "window covering"...
    ✓ 0 listed, 0 parsed
  → Searching: "blinds"...
    ✓ 12 listed, 11 parsed
  → Searching: "LVT vinyl"...
    ✓ 0 listed, 0 parsed
  → Searching: "tile installation"...
    ✓ 0 listed, 0 parsed

Searching Cal eProcure (CA state portal)...
  → "flooring": 100 rows, 100 parsed
  → "carpet": 2 rows, 2 parsed
  → "resilient flooring": 2 rows, 2 parsed
  → "window covering": 2 rows, 2 parsed
  → "blinds": 2 rows, 2 parsed
  → "LVT vinyl": 2 rows, 2 parsed
  → "tile installation": 2 rows, 2 parsed
  ✓ Cal eProcure total: 112 bids

Searching SoCal Plan Room...
  ✓ 1 open bids (0 flooring-relevant)

Searching Crisp Plan Room...
  ✓ 12 open bids fetched, 0 flooring-relevant

Searching Caltrans CCOP (all CA districts)...
  ✓ 149 projects scanned, 0 flooring-relevant

Searching SAM.gov (federal CA Contract Opportunities)...
  → "flooring"...
    ✓ 97 CA bids
  → "carpet"...
    ✓ 44 CA bids
  → "resilient flooring"...
    ✓ 0 CA bids
  → "window covering"...
    ✓ 5 CA bids
  → "blinds"...
    ✓ 14 CA bids
  → "LVT vinyl"...
    ✓ 0 CA bids
  → "tile installation"...
    ✓ 23 CA bids

Searching Quality Bidders (CA school district bids)...
  ✓ 46 open bids fetched, 0 flooring-relevant

Total: 326 unique CA bids (64 relevant to flooring)

Saving to Supabase...
  ✓ 15 new bids added · 311 existing updated

Sending scan summary...
  ✓ Email sent to ['leonardo.gutarra001@gmail.com']
  ✓ Scan summary sent (5 sources)
  Sending new-bid digest (9 relevant)...
  ✓ Email sent to ['ben@benlee.ventures', 'lee.joanne.c@gmail.com', 'floorcoveringunltd@msn.com', 'leonardo.gutarra001@gmail.com']

  326 total bids · 64 flooring/relevant
FCU Bid Scanner
==================================================
Searching 7 keyword groups across sources...

Searching BidNet Direct (CA public bids)...
  → Searching: "flooring"...
    ✓ 163 listed, 25 parsed
  → Searching: "carpet"...
    ✓ 23 listed, 23 parsed
  → Searching: "resilient flooring"...
    ✓ 1 listed, 1 parsed
  → Searching: "window covering"...
    ✓ 1 listed, 1 parsed
  → Searching: "blinds"...
    ✓ 11 listed, 10 parsed
  → Searching: "LVT vinyl"...
    ✓ 0 listed, 0 parsed
  → Searching: "tile installation"...
    ✓ 0 listed, 0 parsed

Searching Cal eProcure (CA state portal)...
  → "flooring": 8 rows, 8 parsed
  → "carpet": 4 rows, 4 parsed
  → "resilient flooring": 2 rows, 2 parsed
  → "window covering": 2 rows, 2 parsed
  → "blinds": 1 rows, 1 parsed
  → "LVT vinyl": 2 rows, 2 parsed
  → "tile installation": 2 rows, 2 parsed
  ✓ Cal eProcure total: 21 bids

Searching SoCal Plan Room...
  ✓ 1 open bids (0 flooring-relevant)

Searching Crisp Plan Room...
  ✓ 13 open bids fetched, 0 flooring-relevant

Searching Caltrans CCOP (all CA districts)...
  ✓ 149 projects scanned, 0 flooring-relevant

Searching SAM.gov (federal CA Contract Opportunities)...
  → "flooring"...
    ✓ 96 CA bids
  → "carpet"...
    ✓ 46 CA bids
  → "resilient flooring"...
    ✓ 0 CA bids
  → "window covering"...
    ✓ 5 CA bids
  → "blinds"...
    ✓ 14 CA bids
  → "LVT vinyl"...
    ✓ 0 CA bids
  → "tile installation"...
    ✓ 23 CA bids

Searching Quality Bidders (CA school district bids)...
  ✓ 40 open bids fetched, 1 flooring-relevant

Total: 226 unique CA bids (66 relevant to flooring)

Saving to Supabase...
  ✓ 12 new bids added · 214 existing updated

Sending scan summary...
  ✓ Email sent to ['leonardo.gutarra001@gmail.com']
  ✓ Scan summary sent (6 sources)
  Sending new-bid digest (5 relevant)...
  ✓ Email sent to ['ben@benlee.ventures', 'lee.joanne.c@gmail.com', 'floorcoveringunltd@msn.com', 'leonardo.gutarra001@gmail.com']

  226 total bids · 66 flooring/relevant
FCU Bid Scanner
==================================================
Searching 7 keyword groups across sources...

Searching BidNet Direct (CA public bids)...
  → Searching: "flooring"...
    ✓ 157 listed, 25 parsed
  → Searching: "carpet"...
    ✓ 22 listed, 22 parsed
  → Searching: "resilient flooring"...
    ✓ 1 listed, 1 parsed
  → Searching: "window covering"...
    ✓ 2 listed, 2 parsed
  → Searching: "blinds"...
    ✓ 12 listed, 11 parsed
  → Searching: "LVT vinyl"...
    ✓ 0 listed, 0 parsed
  → Searching: "tile installation"...
    ✓ 0 listed, 0 parsed

Searching Cal eProcure (CA state portal)...
  → "flooring": 100 rows, 100 parsed
  → "carpet": 2 rows, 2 parsed
  → "resilient flooring": 1 rows, 1 parsed
  → "window covering": 2 rows, 2 parsed
  → "blinds": 2 rows, 2 parsed
  → "LVT vinyl": 2 rows, 2 parsed
  → "tile installation": 2 rows, 2 parsed
  ✓ Cal eProcure total: 111 bids

Searching SoCal Plan Room...
  ✓ 2 open bids (0 flooring-relevant)

Searching Crisp Plan Room...
  ✓ 13 open bids fetched, 0 flooring-relevant

Searching Caltrans CCOP (all CA districts)...
  ✓ 149 projects scanned, 0 flooring-relevant

Searching SAM.gov (federal CA Contract Opportunities)...
  → "flooring"...
    ✓ 98 CA bids
  → "carpet"...
    ✓ 41 CA bids
  → "resilient flooring"...
    ✓ 0 CA bids
  → "window covering"...
    ✓ 5 CA bids
  → "blinds"...
    ✓ 14 CA bids
  → "LVT vinyl"...
    ✓ 0 CA bids
  → "tile installation"...
    ✓ 24 CA bids

Searching Quality Bidders (CA school district bids)...
  ✓ 38 open bids fetched, 1 flooring-relevant

Total: 322 unique CA bids (67 relevant to flooring)

Saving to Supabase...
  ✓ 19 new bids added · 303 existing updated

Sending scan summary...
  ✓ Email sent to ['leonardo.gutarra001@gmail.com']
  ✓ Scan summary sent (6 sources)
  Sending new-bid digest (5 relevant)...
  ✓ Email sent to ['ben@benlee.ventures', 'lee.joanne.c@gmail.com', 'floorcoveringunltd@msn.com', 'leonardo.gutarra001@gmail.com']

  322 total bids · 67 flooring/relevant
FCU Bid Scanner
==================================================
Searching 7 keyword groups across sources...

Searching BidNet Direct (CA public bids)...
  → Searching: "flooring"...
    ✓ 157 listed, 25 parsed
  → Searching: "carpet"...
    ✓ 22 listed, 22 parsed
  → Searching: "resilient flooring"...
    ✓ 1 listed, 1 parsed
  → Searching: "window covering"...
    ✓ 2 listed, 2 parsed
  → Searching: "blinds"...
    ✓ 10 listed, 10 parsed
  → Searching: "LVT vinyl"...
    ✓ 0 listed, 0 parsed
  → Searching: "tile installation"...
    ✓ 0 listed, 0 parsed

Searching Cal eProcure (CA state portal)...
  → "flooring": 8 rows, 8 parsed
  → "carpet": 2 rows, 2 parsed
  → "resilient flooring": 2 rows, 2 parsed
  → "window covering": 2 rows, 2 parsed
  → "blinds": 1 rows, 1 parsed
  → "LVT vinyl": 2 rows, 2 parsed
  → "tile installation": 1 rows, 1 parsed
  ✓ Cal eProcure total: 18 bids

Searching SoCal Plan Room...
  ✓ 2 open bids (0 flooring-relevant)

Searching Crisp Plan Room...
  ✓ 14 open bids fetched, 0 flooring-relevant

Searching Caltrans CCOP (all CA districts)...
  ✓ 149 projects scanned, 0 flooring-relevant

Searching SAM.gov (federal CA Contract Opportunities)...
  → "flooring"...
    ✓ 98 CA bids
  → "carpet"...
    ✓ 40 CA bids
  → "resilient flooring"...
    ✓ 0 CA bids
  → "window covering"...
    ✓ 4 CA bids
  → "blinds"...
    ✓ 14 CA bids
  → "LVT vinyl"...
    ✓ 0 CA bids
  → "tile installation"...
    ✓ 24 CA bids

Searching Quality Bidders (CA school district bids)...
  ✓ 35 open bids fetched, 1 flooring-relevant

Total: 223 unique CA bids (66 relevant to flooring)

Saving to Supabase...
  ✓ 7 new bids added · 216 existing updated

Sending scan summary...
  ✓ Email sent to ['leonardo.gutarra001@gmail.com']
  ✓ Scan summary sent (6 sources)

  223 total bids · 66 flooring/relevant
FCU Bid Scanner
==================================================
Searching 7 keyword groups across sources...

Searching BidNet Direct (CA public bids)...
  → Searching: "flooring"...
    ✓ 158 listed, 25 parsed
  → Searching: "carpet"...
    ✓ 23 listed, 23 parsed
  → Searching: "resilient flooring"...
    ✓ 1 listed, 1 parsed
  → Searching: "window covering"...
    ✓ 2 listed, 2 parsed
  → Searching: "blinds"...
    ✓ 9 listed, 9 parsed
  → Searching: "LVT vinyl"...
    ✓ 0 listed, 0 parsed
  → Searching: "tile installation"...
    ✓ 0 listed, 0 parsed

Searching Cal eProcure (CA state portal)...
  → "flooring": 8 rows, 8 parsed
  → "carpet": 2 rows, 2 parsed
  → "resilient flooring": 1 rows, 1 parsed
  → "window covering": 1 rows, 1 parsed
  → "blinds": 2 rows, 2 parsed
  → "LVT vinyl": 1 rows, 1 parsed
  → "tile installation": 1 rows, 1 parsed
  ✓ Cal eProcure total: 16 bids

Searching SoCal Plan Room...
  ✓ 2 open bids (0 flooring-relevant)

Searching Crisp Plan Room...
  ✓ 14 open bids fetched, 0 flooring-relevant

Searching Caltrans CCOP (all CA districts)...
  ✓ 149 projects scanned, 0 flooring-relevant

Searching SAM.gov (federal CA Contract Opportunities)...
  → "flooring"...
    ✓ 98 CA bids
  → "carpet"...
    ✓ 40 CA bids
  → "resilient flooring"...
    ✓ 0 CA bids
  → "window covering"...
    ✓ 4 CA bids
  → "blinds"...
    ✓ 14 CA bids
  → "LVT vinyl"...
    ✓ 0 CA bids
  → "tile installation"...
    ✓ 24 CA bids

Searching Quality Bidders (CA school district bids)...
  ✓ 38 open bids fetched, 1 flooring-relevant

Total: 223 unique CA bids (66 relevant to flooring)

Saving to Supabase...
  ✓ 2 new bids added · 221 existing updated

Sending scan summary...
  ✓ Email sent to ['leonardo.gutarra001@gmail.com']
  ✓ Scan summary sent (6 sources)

  223 total bids · 66 flooring/relevant
FCU Bid Scanner
==================================================
Searching 7 keyword groups across sources...

Searching BidNet Direct (CA public bids)...
  → Searching: "flooring"...
    ✓ 121 listed, 25 parsed
  → Searching: "carpet"...
    ✓ 0 listed, 0 parsed
  → Searching: "resilient flooring"...
    ✓ 0 listed, 0 parsed
  → Searching: "window covering"...
    ✓ 0 listed, 0 parsed
  → Searching: "blinds"...
    ✓ 0 listed, 0 parsed
  → Searching: "LVT vinyl"...
    ✓ 0 listed, 0 parsed
  → Searching: "tile installation"...
    ✓ 0 listed, 0 parsed

Searching Cal eProcure (CA state portal)...
  → "flooring": 8 rows, 8 parsed
  → "carpet": 4 rows, 4 parsed
  → "resilient flooring": 0 rows, 0 parsed
  → "window covering": 0 rows, 0 parsed
  → "blinds": 0 rows, 0 parsed
  → "LVT vinyl": 0 rows, 0 parsed
  → "tile installation": 0 rows, 0 parsed
  ✓ Cal eProcure total: 12 bids

Searching SoCal Plan Room...
  ✓ 2 open bids (0 flooring-relevant)

Searching Crisp Plan Room...
  ✓ 14 open bids fetched, 0 flooring-relevant

Searching Caltrans CCOP (all CA districts)...
  ✓ 149 projects scanned, 0 flooring-relevant

Searching SAM.gov (federal CA Contract Opportunities)...
  → "flooring"...
    ✓ 99 CA bids
  → "carpet"...
    ✓ 38 CA bids
  → "resilient flooring"...
    ✓ 0 CA bids
  → "window covering"...
    ✓ 4 CA bids
  → "blinds"...
    ✓ 13 CA bids
  → "LVT vinyl"...
    ✓ 0 CA bids
  → "tile installation"...
    ✓ 21 CA bids

Searching Quality Bidders (CA school district bids)...
  ✓ 24 open bids fetched, 0 flooring-relevant

Total: 208 unique CA bids (63 relevant to flooring)

Saving to Supabase...
  ✓ 1 new bids added · 207 existing updated

Sending scan summary...
  ✓ Email sent to ['leonardo.gutarra001@gmail.com']
  ✓ Scan summary sent (5 sources)

  208 total bids · 63 flooring/relevant
FCU Bid Scanner
==================================================
Searching 7 keyword groups across sources...

Searching BidNet Direct (CA public bids)...
  → Searching: "flooring"...
    ✓ 123 listed, 25 parsed
  → Searching: "carpet"...
    ✓ 18 listed, 18 parsed
  → Searching: "resilient flooring"...
    ✓ 0 listed, 0 parsed
  → Searching: "window covering"...
    ✓ 2 listed, 2 parsed
  → Searching: "blinds"...
    ✓ 6 listed, 6 parsed
  → Searching: "LVT vinyl"...
    ✓ 0 listed, 0 parsed
  → Searching: "tile installation"...
    ✓ 0 listed, 0 parsed

Searching Cal eProcure (CA state portal)...
  → "flooring": 8 rows, 8 parsed
  → "carpet": 6 rows, 6 parsed
  → "resilient flooring": 3 rows, 3 parsed
  → "window covering": 0 rows, 0 parsed
  → "blinds": 0 rows, 0 parsed
  → "LVT vinyl": 0 rows, 0 parsed
  → "tile installation": 0 rows, 0 parsed
  ✓ Cal eProcure total: 17 bids

Searching SoCal Plan Room...
  ✓ 2 open bids (0 flooring-relevant)

Searching Crisp Plan Room...
  ✓ 15 open bids fetched, 0 flooring-relevant

Searching Caltrans CCOP (all CA districts)...
  ✓ 149 projects scanned, 0 flooring-relevant

Searching SAM.gov (federal CA Contract Opportunities)...
  → "flooring"...
    ✓ 99 CA bids
  → "carpet"...
    ✓ 37 CA bids
  → "resilient flooring"...
    ✓ 0 CA bids
  → "window covering"...
    ✓ 4 CA bids
  → "blinds"...
    ✓ 14 CA bids
  → "LVT vinyl"...
    ✓ 0 CA bids
  → "tile installation"...
    ✓ 22 CA bids

Searching Quality Bidders (CA school district bids)...
  ✓ 26 open bids fetched, 0 flooring-relevant

Total: 228 unique CA bids (70 relevant to flooring)

Saving to Supabase...
  ✓ 21 new bids added · 207 existing updated

Sending scan summary...
  ✓ Email sent to ['leonardo.gutarra001@gmail.com']
  ✓ Scan summary sent (5 sources)
  Sending new-bid digest (5 relevant)...
  ✓ Email sent to ['ben@benlee.ventures', 'lee.joanne.c@gmail.com', 'floorcoveringunltd@msn.com', 'leonardo.gutarra001@gmail.com']

  228 total bids · 70 flooring/relevant
FCU Bid Scanner
==================================================
Searching 7 keyword groups across sources...

Searching BidNet Direct (CA public bids)...
  → Searching: "flooring"...
    ✓ 123 listed, 25 parsed
  → Searching: "carpet"...
    ✓ 22 listed, 22 parsed
  → Searching: "resilient flooring"...
    ✓ 0 listed, 0 parsed
  → Searching: "window covering"...
    ✓ 2 listed, 2 parsed
  → Searching: "blinds"...
    ✓ 6 listed, 6 parsed
  → Searching: "LVT vinyl"...
    ✓ 0 listed, 0 parsed
  → Searching: "tile installation"...
    ✓ 1 listed, 1 parsed

Searching Cal eProcure (CA state portal)...
  → "flooring": 8 rows, 8 parsed
  → "carpet": 6 rows, 6 parsed
  → "resilient flooring": 3 rows, 3 parsed
  → "window covering": 0 rows, 0 parsed
  → "blinds": 0 rows, 0 parsed
  → "LVT vinyl": 0 rows, 0 parsed
  → "tile installation": 0 rows, 0 parsed
  ✓ Cal eProcure total: 17 bids

Searching SoCal Plan Room...
  ✓ 2 open bids (0 flooring-relevant)

Searching Crisp Plan Room...
  ✓ 15 open bids fetched, 0 flooring-relevant

Searching Caltrans CCOP (all CA districts)...
  ✓ 149 projects scanned, 0 flooring-relevant

Searching SAM.gov (federal CA Contract Opportunities)...
  → "flooring"...
    ✓ 98 CA bids
  → "carpet"...
    ✓ 37 CA bids
  → "resilient flooring"...
    ✓ 0 CA bids
  → "window covering"...
    ✓ 4 CA bids
  → "blinds"...
    ✓ 14 CA bids
  → "LVT vinyl"...
    ✓ 0 CA bids
  → "tile installation"...
    ✓ 23 CA bids

Searching Quality Bidders (CA school district bids)...
  ✓ 30 open bids fetched, 1 flooring-relevant

Total: 232 unique CA bids (74 relevant to flooring)

Saving to Supabase...
  ✓ 13 new bids added · 219 existing updated

Sending scan summary...
  ✓ Email sent to ['leonardo.gutarra001@gmail.com']
  ✓ Scan summary sent (6 sources)
  Sending new-bid digest (4 relevant)...
  ✓ Email sent to ['ben@benlee.ventures', 'lee.joanne.c@gmail.com', 'floorcoveringunltd@msn.com', 'leonardo.gutarra001@gmail.com']

  232 total bids · 74 flooring/relevant
FCU Bid Scanner
==================================================
Searching 7 keyword groups across sources...

Searching BidNet Direct (CA public bids)...
  → Searching: "flooring"...
    ✓ 125 listed, 25 parsed
  → Searching: "carpet"...
    ✓ 20 listed, 20 parsed
  → Searching: "resilient flooring"...
    ✓ 0 listed, 0 parsed
  → Searching: "window covering"...
    ✓ 2 listed, 2 parsed
  → Searching: "blinds"...
    ✓ 5 listed, 5 parsed
  → Searching: "LVT vinyl"...
    ✓ 0 listed, 0 parsed
  → Searching: "tile installation"...
    ✓ 2 listed, 2 parsed

Searching Cal eProcure (CA state portal)...
  → "flooring": 100 rows, 100 parsed
  → "carpet": 4 rows, 4 parsed
  → "resilient flooring": 0 rows, 0 parsed
  → "window covering": 0 rows, 0 parsed
  → "blinds": 0 rows, 0 parsed
  → "LVT vinyl": 0 rows, 0 parsed
  → "tile installation": 0 rows, 0 parsed
  ✓ Cal eProcure total: 104 bids

Searching SoCal Plan Room...
  ✓ 2 open bids (0 flooring-relevant)

Searching Crisp Plan Room...
  ✓ 14 open bids fetched, 0 flooring-relevant

Searching Caltrans CCOP (all CA districts)...
  ✓ 149 projects scanned, 0 flooring-relevant

Searching SAM.gov (federal CA Contract Opportunities)...
  → "flooring"...
    ✓ 98 CA bids
  → "carpet"...
    ✓ 37 CA bids
  → "resilient flooring"...
    ✓ 0 CA bids
  → "window covering"...
    ✓ 4 CA bids
  → "blinds"...
    ✓ 14 CA bids
  → "LVT vinyl"...
    ✓ 0 CA bids
  → "tile installation"...
    ✓ 23 CA bids

Searching Quality Bidders (CA school district bids)...
  ✓ 28 open bids fetched, 1 flooring-relevant

Total: 325 unique CA bids (70 relevant to flooring)

Saving to Supabase...
  ✓ 5 new bids added · 320 existing updated

Sending scan summary...
  ✓ Email sent to ['leonardo.gutarra001@gmail.com']
  ✓ Scan summary sent (6 sources)

  325 total bids · 70 flooring/relevant
FCU Bid Scanner
==================================================
Searching 7 keyword groups across sources...

Searching BidNet Direct (CA public bids)...
  → Searching: "flooring"...
    ✓ 119 listed, 25 parsed
  → Searching: "carpet"...
    ✓ 20 listed, 20 parsed
  → Searching: "resilient flooring"...
    ✓ 0 listed, 0 parsed
  → Searching: "window covering"...
    ✓ 2 listed, 2 parsed
  → Searching: "blinds"...
    ✓ 4 listed, 4 parsed
  → Searching: "LVT vinyl"...
    ✓ 0 listed, 0 parsed
  → Searching: "tile installation"...
    ✓ 2 listed, 2 parsed

Searching Cal eProcure (CA state portal)...
  → "flooring": 8 rows, 8 parsed
  → "carpet": 6 rows, 6 parsed
  → "resilient flooring": 0 rows, 0 parsed
  → "window covering": 0 rows, 0 parsed
  → "blinds": 0 rows, 0 parsed
  → "LVT vinyl": 0 rows, 0 parsed
  → "tile installation": 0 rows, 0 parsed
  ✓ Cal eProcure total: 14 bids

Searching SoCal Plan Room...
  ✓ 2 open bids (0 flooring-relevant)

Searching Crisp Plan Room...
  ✓ 14 open bids fetched, 0 flooring-relevant

Searching Caltrans CCOP (all CA districts)...
  ✓ 149 projects scanned, 0 flooring-relevant

Searching SAM.gov (federal CA Contract Opportunities)...
  → "flooring"...
    ✓ 96 CA bids
  → "carpet"...
    ✓ 39 CA bids
  → "resilient flooring"...
    ✓ 0 CA bids
  → "window covering"...
    ✓ 4 CA bids
  → "blinds"...
    ✓ 15 CA bids
  → "LVT vinyl"...
    ✓ 0 CA bids
  → "tile installation"...
    ✓ 22 CA bids

Searching Quality Bidders (CA school district bids)...
  ✓ 23 open bids fetched, 1 flooring-relevant

Total: 227 unique CA bids (74 relevant to flooring)

Saving to Supabase...
  ✓ 15 new bids added · 212 existing updated

Sending scan summary...
  ✓ Email sent to ['leonardo.gutarra001@gmail.com']
  ✓ Scan summary sent (6 sources)
  Sending new-bid digest (7 relevant)...
  ✓ Email sent to ['ben@benlee.ventures', 'lee.joanne.c@gmail.com', 'floorcoveringunltd@msn.com', 'leonardo.gutarra001@gmail.com']

  227 total bids · 74 flooring/relevant
FCU Bid Scanner
==================================================
Searching 7 keyword groups across sources...

Searching BidNet Direct (CA public bids)...
  → Searching: "flooring"...
    ✓ 120 listed, 25 parsed
  → Searching: "carpet"...
    ✓ 21 listed, 21 parsed
  → Searching: "resilient flooring"...
    ✓ 0 listed, 0 parsed
  → Searching: "window covering"...
    ✓ 2 listed, 2 parsed
  → Searching: "blinds"...
    ✓ 4 listed, 4 parsed
  → Searching: "LVT vinyl"...
    ✓ 0 listed, 0 parsed
  → Searching: "tile installation"...
    ✓ 2 listed, 2 parsed

Searching Cal eProcure (CA state portal)...
  → "flooring": 100 rows, 100 parsed
  → "carpet": 6 rows, 6 parsed
  → "resilient flooring": 0 rows, 0 parsed
  → "window covering": 0 rows, 0 parsed
  → "blinds": 0 rows, 0 parsed
  → "LVT vinyl": 0 rows, 0 parsed
  → "tile installation": 0 rows, 0 parsed
  ✓ Cal eProcure total: 106 bids

Searching SoCal Plan Room...
  ✓ 2 open bids (0 flooring-relevant)

Searching Crisp Plan Room...
  ✓ 14 open bids fetched, 0 flooring-relevant

Searching Caltrans CCOP (all CA districts)...
  ✓ 149 projects scanned, 0 flooring-relevant

Searching SAM.gov (federal CA Contract Opportunities)...
  → "flooring"...
    ✓ 95 CA bids
  → "carpet"...
    ✓ 33 CA bids
  → "resilient flooring"...
    ✓ 0 CA bids
  → "window covering"...
    ✓ 4 CA bids
  → "blinds"...
    ✓ 14 CA bids
  → "LVT vinyl"...
    ✓ 0 CA bids
  → "tile installation"...
    ✓ 23 CA bids

Searching Quality Bidders (CA school district bids)...
  ✓ 22 open bids fetched, 1 flooring-relevant

Total: 314 unique CA bids (68 relevant to flooring)

Saving to Supabase...
  ✓ 9 new bids added · 305 existing updated

Sending scan summary...
  ✓ Email sent to ['leonardo.gutarra001@gmail.com']
  ✓ Scan summary sent (6 sources)
  Sending new-bid digest (1 relevant)...
  ✓ Email sent to ['ben@benlee.ventures', 'lee.joanne.c@gmail.com', 'floorcoveringunltd@msn.com', 'leonardo.gutarra001@gmail.com']

  314 total bids · 68 flooring/relevant
FCU Bid Scanner
==================================================
Searching 7 keyword groups across sources...

Searching BidNet Direct (CA public bids)...
  → Searching: "flooring"...
    ✓ 102 listed, 25 parsed
  → Searching: "carpet"...
    ✓ 19 listed, 19 parsed
  → Searching: "resilient flooring"...
    ✓ 0 listed, 0 parsed
  → Searching: "window covering"...
    ✓ 2 listed, 2 parsed
  → Searching: "blinds"...
    ✓ 3 listed, 3 parsed
  → Searching: "LVT vinyl"...
    ✓ 0 listed, 0 parsed
  → Searching: "tile installation"...
    ✓ 2 listed, 2 parsed

Searching Cal eProcure (CA state portal)...
  → "flooring": 100 rows, 100 parsed
  → "carpet": 8 rows, 8 parsed
  → "resilient flooring": 0 rows, 0 parsed
  → "window covering": 0 rows, 0 parsed
  → "blinds": 0 rows, 0 parsed
  → "LVT vinyl": 0 rows, 0 parsed
  → "tile installation": 0 rows, 0 parsed
  ✓ Cal eProcure total: 108 bids

Searching SoCal Plan Room...
  ✓ 2 open bids (0 flooring-relevant)

Searching Crisp Plan Room...
  ✓ 15 open bids fetched, 0 flooring-relevant

Searching Caltrans CCOP (all CA districts)...
  ✓ 149 projects scanned, 0 flooring-relevant

Searching SAM.gov (federal CA Contract Opportunities)...
  → "flooring"...
    ✓ 95 CA bids
  → "carpet"...
    ✓ 37 CA bids
  → "resilient flooring"...
    ✓ 0 CA bids
  → "window covering"...
    ✓ 4 CA bids
  → "blinds"...
    ✓ 15 CA bids
  → "LVT vinyl"...
    ✓ 0 CA bids
  → "tile installation"...
    ✓ 23 CA bids

Searching Quality Bidders (CA school district bids)...
  ✓ 22 open bids fetched, 1 flooring-relevant

Total: 319 unique CA bids (70 relevant to flooring)

Saving to Supabase...
  ✓ 10 new bids added · 309 existing updated

Sending scan summary...
  ✓ Email sent to ['leonardo.gutarra001@gmail.com']
  ✓ Scan summary sent (6 sources)
  Sending new-bid digest (4 relevant)...
  ✓ Email sent to ['ben@benlee.ventures', 'lee.joanne.c@gmail.com', 'floorcoveringunltd@msn.com', 'leonardo.gutarra001@gmail.com']

  319 total bids · 70 flooring/relevant
FCU Bid Scanner
==================================================
Searching 7 keyword groups across sources...

Searching BidNet Direct (CA public bids)...
  → Searching: "flooring"...
    ✓ 83 listed, 25 parsed
  → Searching: "carpet"...
    ✓ 16 listed, 16 parsed
  → Searching: "resilient flooring"...
    ✓ 3 listed, 3 parsed
  → Searching: "window covering"...
    ✓ 0 listed, 0 parsed
  → Searching: "blinds"...
    ✓ 5 listed, 5 parsed
  → Searching: "LVT vinyl"...
    ✓ 0 listed, 0 parsed
  → Searching: "tile installation"...
    ✓ 2 listed, 2 parsed

Searching Cal eProcure (CA state portal)...
  → "flooring": 4 rows, 4 parsed
  → "carpet": 6 rows, 6 parsed
  → "resilient flooring": 0 rows, 0 parsed
  → "window covering": 0 rows, 0 parsed
  → "blinds": 0 rows, 0 parsed
  → "LVT vinyl": 0 rows, 0 parsed
  → "tile installation": 0 rows, 0 parsed
  ✓ Cal eProcure total: 10 bids

Searching SoCal Plan Room...
  ✓ 2 open bids (0 flooring-relevant)

Searching Crisp Plan Room...
  ✓ 16 open bids fetched, 0 flooring-relevant

Searching Caltrans CCOP (all CA districts)...
  ✓ 149 projects scanned, 0 flooring-relevant

Searching SAM.gov (federal CA Contract Opportunities)...
  → "flooring"...
    ✓ 97 CA bids
  → "carpet"...
    ✓ 29 CA bids
  → "resilient flooring"...
    ✓ 0 CA bids
  → "window covering"...
    ✓ 5 CA bids
  → "blinds"...
    ✓ 12 CA bids
  → "LVT vinyl"...
    ✓ 0 CA bids
  → "tile installation"...
    ✓ 23 CA bids

Searching Quality Bidders (CA school district bids)...
  ✓ 19 open bids fetched, 0 flooring-relevant

Total: 213 unique CA bids (62 relevant to flooring)

Saving to Supabase...
  ✓ 0 new bids added · 213 existing updated

Sending scan summary...
  ⚠ Resend 403: {"statusCode":403,"message":"The bids.benlee.ventures domain is not verified. Please, add and verify your domain on https://resend.com/domains","name":"validation_error"}
  ✓ Scan summary sent (5 sources)

  213 total bids · 62 flooring/relevant
FCU Bid Scanner
==================================================
Searching 7 keyword groups across sources...

Searching BidNet Direct (CA public bids)...
  → Searching: "flooring"...
    ✓ 85 listed, 25 parsed
  → Searching: "carpet"...
    ✓ 17 listed, 17 parsed
  → Searching: "resilient flooring"...
    ✓ 3 listed, 3 parsed
  → Searching: "window covering"...
    ✓ 0 listed, 0 parsed
  → Searching: "blinds"...
    ✓ 6 listed, 6 parsed
  → Searching: "LVT vinyl"...
    ✓ 0 listed, 0 parsed
  → Searching: "tile installation"...
    ✓ 3 listed, 3 parsed

Searching Cal eProcure (CA state portal)...
  → "flooring": 4 rows, 4 parsed
  → "carpet": 6 rows, 6 parsed
  → "resilient flooring": 0 rows, 0 parsed
  → "window covering": 0 rows, 0 parsed
  → "blinds": 0 rows, 0 parsed
  → "LVT vinyl": 0 rows, 0 parsed
  → "tile installation": 0 rows, 0 parsed
  ✓ Cal eProcure total: 10 bids

Searching SoCal Plan Room...
  ✓ 2 open bids (0 flooring-relevant)

Searching Crisp Plan Room...
  ✓ 15 open bids fetched, 0 flooring-relevant

Searching Caltrans CCOP (all CA districts)...
  ✓ 149 projects scanned, 0 flooring-relevant

Searching SAM.gov (federal CA Contract Opportunities)...
  → "flooring"...
    ✓ 97 CA bids
  → "carpet"...
    ✓ 28 CA bids
  → "resilient flooring"...
    ✓ 0 CA bids
  → "window covering"...
    ✓ 5 CA bids
  → "blinds"...
    ✓ 13 CA bids
  → "LVT vinyl"...
    ✓ 0 CA bids
  → "tile installation"...
    ✓ 23 CA bids

Searching Quality Bidders (CA school district bids)...
  ✓ 20 open bids fetched, 0 flooring-relevant

Total: 213 unique CA bids (61 relevant to flooring)

Saving to Supabase...
  ✓ 8 new bids added · 205 existing updated

Sending scan summary...
  ⚠ Resend 403: {"statusCode":403,"message":"The bids.benlee.ventures domain is not verified. Please, add and verify your domain on https://resend.com/domains","name":"validation_error"}
  ✓ Scan summary sent (5 sources)

  213 total bids · 61 flooring/relevant
FCU Bid Scanner
==================================================
Searching 7 keyword groups across sources...

Searching BidNet Direct (CA public bids)...
  → Searching: "flooring"...
    ✓ 83 listed, 25 parsed
  → Searching: "carpet"...
    ✓ 18 listed, 18 parsed
  → Searching: "resilient flooring"...
    ✓ 3 listed, 3 parsed
  → Searching: "window covering"...
    ✓ 0 listed, 0 parsed
  → Searching: "blinds"...
    ✓ 6 listed, 6 parsed
  → Searching: "LVT vinyl"...
    ✓ 0 listed, 0 parsed
  → Searching: "tile installation"...
    ✓ 3 listed, 3 parsed

Searching Cal eProcure (CA state portal)...
  → "flooring": 4 rows, 4 parsed
  → "carpet": 6 rows, 6 parsed
  → "resilient flooring": 0 rows, 0 parsed
  → "window covering": 0 rows, 0 parsed
  → "blinds": 0 rows, 0 parsed
  → "LVT vinyl": 0 rows, 0 parsed
  → "tile installation": 0 rows, 0 parsed
  ✓ Cal eProcure total: 10 bids

Searching SoCal Plan Room...
  ✓ 1 open bids (0 flooring-relevant)

Searching Crisp Plan Room...
  ✓ 16 open bids fetched, 0 flooring-relevant

Searching Caltrans CCOP (all CA districts)...
  ✓ 149 projects scanned, 0 flooring-relevant

Searching SAM.gov (federal CA Contract Opportunities)...
  → "flooring"...
    ✓ 97 CA bids
  → "carpet"...
    ✓ 30 CA bids
  → "resilient flooring"...
    ✓ 0 CA bids
  → "window covering"...
    ✓ 5 CA bids
  → "blinds"...
    ✓ 13 CA bids
  → "LVT vinyl"...
    ✓ 0 CA bids
  → "tile installation"...
    ✓ 24 CA bids

Searching Quality Bidders (CA school district bids)...
  ✓ 20 open bids fetched, 0 flooring-relevant

Total: 216 unique CA bids (64 relevant to flooring)

Saving to Supabase...
  ✓ 9 new bids added · 207 existing updated

Sending scan summary...
  ⚠ Resend 403: {"statusCode":403,"message":"The bids.benlee.ventures domain is not verified. Please, add and verify your domain on https://resend.com/domains","name":"validation_error"}
  ✓ Scan summary sent (5 sources)
  Sending new-bid digest (4 relevant)...
  ⚠ Resend 403: {"statusCode":403,"message":"The bids.benlee.ventures domain is not verified. Please, add and verify your domain on https://resend.com/domains","name":"validation_error"}

  216 total bids · 64 flooring/relevant
FCU Bid Scanner
==================================================
Searching 7 keyword groups across sources...

Searching BidNet Direct (CA public bids)...
  → Searching: "flooring"...
    ✓ 82 listed, 25 parsed
  → Searching: "carpet"...
    ✓ 18 listed, 18 parsed
  → Searching: "resilient flooring"...
    ✓ 3 listed, 3 parsed
  → Searching: "window covering"...
    ✓ 1 listed, 1 parsed
  → Searching: "blinds"...
    ✓ 6 listed, 6 parsed
  → Searching: "LVT vinyl"...
    ✓ 0 listed, 0 parsed
  → Searching: "tile installation"...
    ✓ 3 listed, 3 parsed

Searching Cal eProcure (CA state portal)...
  → "flooring": 4 rows, 4 parsed
  → "carpet": 6 rows, 6 parsed
  → "resilient flooring": 0 rows, 0 parsed
  → "window covering": 0 rows, 0 parsed
  → "blinds": 0 rows, 0 parsed
  → "LVT vinyl": 0 rows, 0 parsed
  → "tile installation": 0 rows, 0 parsed
  ✓ Cal eProcure total: 10 bids

Searching SoCal Plan Room...
  ✓ 1 open bids (0 flooring-relevant)

Searching Crisp Plan Room...
  ✓ 14 open bids fetched, 0 flooring-relevant

Searching Caltrans CCOP (all CA districts)...
  ✓ 149 projects scanned, 0 flooring-relevant

Searching SAM.gov (federal CA Contract Opportunities)...
  → "flooring"...
    ✓ 96 CA bids
  → "carpet"...
    ✓ 36 CA bids
  → "resilient flooring"...
    ✓ 0 CA bids
  → "window covering"...
    ✓ 5 CA bids
  → "blinds"...
    ✓ 13 CA bids
  → "LVT vinyl"...
    ✓ 0 CA bids
  → "tile installation"...
    ✓ 22 CA bids

Searching Quality Bidders (CA school district bids)...
  ✓ 21 open bids fetched, 0 flooring-relevant

Total: 218 unique CA bids (68 relevant to flooring)

Saving to Supabase...
  ✓ 17 new bids added · 201 existing updated

Sending scan summary...
  ⚠ Resend 403: {"statusCode":403,"message":"The bids.benlee.ventures domain is not verified. Please, add and verify your domain on https://resend.com/domains","name":"validation_error"}
  ✓ Scan summary sent (5 sources)
  Sending new-bid digest (8 relevant)...
  ⚠ Resend 403: {"statusCode":403,"message":"The bids.benlee.ventures domain is not verified. Please, add and verify your domain on https://resend.com/domains","name":"validation_error"}

  218 total bids · 68 flooring/relevant
FCU Bid Scanner
==================================================
Searching 7 keyword groups across sources...

Searching BidNet Direct (CA public bids)...
  → Searching: "flooring"...
    ✓ 83 listed, 25 parsed
  → Searching: "carpet"...
    ✓ 19 listed, 19 parsed
  → Searching: "resilient flooring"...
    ✓ 1 listed, 1 parsed
  → Searching: "window covering"...
    ✓ 2 listed, 2 parsed
  → Searching: "blinds"...
    ✓ 2 listed, 2 parsed
  → Searching: "LVT vinyl"...
    ✓ 0 listed, 0 parsed
  → Searching: "tile installation"...
    ✓ 1 listed, 1 parsed

Searching Cal eProcure (CA state portal)...
  ⚠ Cal eProcure unavailable: Page.goto: Timeout 30000ms exceeded.
Call log:
  - navigating to "https://caleprocure.ca.gov/pages/Events-BS3/event-search.aspx", waiting until "networkidle"

  ✓ Cal eProcure total: 0 bids

Searching SoCal Plan Room...
  ✓ 1 open bids (0 flooring-relevant)

Searching Crisp Plan Room...
  ✓ 14 open bids fetched, 0 flooring-relevant

Searching Caltrans CCOP (all CA districts)...
  ✓ 149 projects scanned, 0 flooring-relevant

Searching SAM.gov (federal CA Contract Opportunities)...
  → "flooring"...
    ✓ 97 CA bids
  → "carpet"...
    ✓ 44 CA bids
  → "resilient flooring"...
    ✓ 1 CA bids
  → "window covering"...
    ✓ 8 CA bids
  → "blinds"...
    ✓ 14 CA bids
  → "LVT vinyl"...
    ✓ 0 CA bids
  → "tile installation"...
    ✓ 26 CA bids

Searching Quality Bidders (CA school district bids)...
  ✓ 18 open bids fetched, 0 flooring-relevant

Total: 238 unique CA bids (75 relevant to flooring)

Saving to Supabase...
  ✓ 3 new bids added · 235 existing updated

Sending scan summary...
  ✓ Email sent to ['leonardo.gutarra001@gmail.com']
  ✓ Scan summary sent (4 sources)
  Sending new-bid digest (1 relevant)...
  ✓ Email sent to ['ben@benlee.ventures', 'lee.joanne.c@gmail.com', 'floorcoveringunltd@msn.com', 'leonardo.gutarra001@gmail.com']

  238 total bids · 75 flooring/relevant
FCU Bid Scanner
==================================================
Searching 7 keyword groups across sources...

Searching BidNet Direct (CA public bids)...
  → Searching: "flooring"...
    ✓ 81 listed, 24 parsed
  → Searching: "carpet"...
    ✓ 19 listed, 19 parsed
  → Searching: "resilient flooring"...
    ✓ 1 listed, 1 parsed
  → Searching: "window covering"...
    ✓ 1 listed, 1 parsed
  → Searching: "blinds"...
    ✓ 2 listed, 2 parsed
  → Searching: "LVT vinyl"...
    ✓ 0 listed, 0 parsed
  → Searching: "tile installation"...
    ✓ 1 listed, 1 parsed

Searching Cal eProcure (CA state portal)...
  → "flooring": 2 rows, 2 parsed
  → "carpet": 2 rows, 2 parsed
  → "resilient flooring": 2 rows, 2 parsed
  → "window covering": 2 rows, 2 parsed
  → "blinds": 2 rows, 2 parsed
  → "LVT vinyl": 1 rows, 1 parsed
  → "tile installation": 2 rows, 2 parsed
  ✓ Cal eProcure total: 13 bids

Searching SoCal Plan Room...
  ✓ 1 open bids (0 flooring-relevant)

Searching Crisp Plan Room...
  ✓ 13 open bids fetched, 0 flooring-relevant

Searching Caltrans CCOP (all CA districts)...
  ✓ 149 projects scanned, 0 flooring-relevant

Searching SAM.gov (federal CA Contract Opportunities)...
  → "flooring"...
    ✓ 96 CA bids
  → "carpet"...
    ✓ 42 CA bids
  → "resilient flooring"...
    ✓ 1 CA bids
  → "window covering"...
    ✓ 8 CA bids
  → "blinds"...
    ✓ 14 CA bids
  → "LVT vinyl"...
    ✓ 0 CA bids
  → "tile installation"...
    ✓ 26 CA bids

Searching Quality Bidders (CA school district bids)...
  ✓ 18 open bids fetched, 0 flooring-relevant

Total: 236 unique CA bids (75 relevant to flooring)

Saving to Supabase...
  ✓ 7 new bids added · 229 existing updated

Sending scan summary...
  ✓ Email sent to ['leonardo.gutarra001@gmail.com']
  ✓ Scan summary sent (5 sources)
  Sending new-bid digest (2 relevant)...
  ✓ Email sent to ['ben@benlee.ventures', 'lee.joanne.c@gmail.com', 'floorcoveringunltd@msn.com', 'leonardo.gutarra001@gmail.com']

  236 total bids · 75 flooring/relevant
FCU Bid Scanner
==================================================
Searching 7 keyword groups across sources...

Searching BidNet Direct (CA public bids)...
  → Searching: "flooring"...
    ✓ 80 listed, 25 parsed
  → Searching: "carpet"...
    ✓ 20 listed, 20 parsed
  → Searching: "resilient flooring"...
    ✓ 1 listed, 1 parsed
  → Searching: "window covering"...
    ✓ 1 listed, 1 parsed
  → Searching: "blinds"...
    ✓ 3 listed, 3 parsed
  → Searching: "LVT vinyl"...
    ✓ 0 listed, 0 parsed
  → Searching: "tile installation"...
    ✓ 1 listed, 1 parsed

Searching Cal eProcure (CA state portal)...
  → "flooring": 100 rows, 100 parsed
  → "carpet": 2 rows, 2 parsed
  → "resilient flooring": 2 rows, 2 parsed
  → "window covering": 1 rows, 1 parsed
  → "blinds": 2 rows, 2 parsed
  → "LVT vinyl": 2 rows, 2 parsed
  → "tile installation": 2 rows, 2 parsed
  ✓ Cal eProcure total: 111 bids

Searching SoCal Plan Room...
  ✓ 1 open bids (0 flooring-relevant)

Searching Crisp Plan Room...
  ✓ 10 open bids fetched, 0 flooring-relevant

Searching Caltrans CCOP (all CA districts)...
  ✓ 149 projects scanned, 0 flooring-relevant

Searching SAM.gov (federal CA Contract Opportunities)...
  → "flooring"...
    ✓ 96 CA bids
  → "carpet"...
    ✓ 46 CA bids
  → "resilient flooring"...
    ✓ 1 CA bids
  → "window covering"...
    ✓ 8 CA bids
  → "blinds"...
    ✓ 14 CA bids
  → "LVT vinyl"...
    ✓ 0 CA bids
  → "tile installation"...
    ✓ 25 CA bids

Searching Quality Bidders (CA school district bids)...
  ✓ 12 open bids fetched, 0 flooring-relevant

Total: 331 unique CA bids (76 relevant to flooring)

Saving to Supabase...
  ✓ 13 new bids added · 318 existing updated

Sending scan summary...
  ✓ Email sent to ['leonardo.gutarra001@gmail.com']
  ✓ Scan summary sent (5 sources)
  Sending new-bid digest (2 relevant)...
  ✓ Email sent to ['ben@benlee.ventures', 'lee.joanne.c@gmail.com', 'floorcoveringunltd@msn.com', 'leonardo.gutarra001@gmail.com']

  331 total bids · 76 flooring/relevant
FCU Bid Scanner
==================================================
Searching 7 keyword groups across sources...

Searching BidNet Direct (CA public bids)...
  → Searching: "flooring"...
    ✓ 74 listed, 25 parsed
  → Searching: "carpet"...
    ✓ 22 listed, 22 parsed
  → Searching: "resilient flooring"...
    ✓ 1 listed, 1 parsed
  → Searching: "window covering"...
    ✓ 1 listed, 1 parsed
  → Searching: "blinds"...
    ✓ 3 listed, 3 parsed
  → Searching: "LVT vinyl"...
    ✓ 0 listed, 0 parsed
  → Searching: "tile installation"...
    ✓ 1 listed, 1 parsed

Searching Cal eProcure (CA state portal)...
  → "flooring": 2 rows, 2 parsed
  → "carpet": 2 rows, 2 parsed
  → "resilient flooring": 2 rows, 2 parsed
  → "window covering": 2 rows, 2 parsed
  → "blinds": 2 rows, 2 parsed
  → "LVT vinyl": 2 rows, 2 parsed
  → "tile installation": 2 rows, 2 parsed
  ✓ Cal eProcure total: 14 bids

Searching SoCal Plan Room...
  ✓ 1 open bids (0 flooring-relevant)

Searching Crisp Plan Room...
  ✓ 12 open bids fetched, 0 flooring-relevant

Searching Caltrans CCOP (all CA districts)...
  ✓ 149 projects scanned, 0 flooring-relevant

Searching SAM.gov (federal CA Contract Opportunities)...
  → "flooring"...
    ✓ 97 CA bids
  → "carpet"...
    ✓ 47 CA bids
  → "resilient flooring"...
    ✓ 1 CA bids
  → "window covering"...
    ✓ 8 CA bids
  → "blinds"...
    ✓ 14 CA bids
  → "LVT vinyl"...
    ✓ 0 CA bids
  → "tile installation"...
    ✓ 25 CA bids

Searching Quality Bidders (CA school district bids)...
  ✓ 12 open bids fetched, 0 flooring-relevant

Total: 242 unique CA bids (80 relevant to flooring)

Saving to Supabase...
  ✓ 15 new bids added · 227 existing updated

Sending scan summary...
  ✓ Email sent to ['leonardo.gutarra001@gmail.com']
  ✓ Scan summary sent (5 sources)
  Sending new-bid digest (5 relevant)...
  ✓ Email sent to ['ben@benlee.ventures', 'lee.joanne.c@gmail.com', 'floorcoveringunltd@msn.com', 'leonardo.gutarra001@gmail.com']

  242 total bids · 80 flooring/relevant
FCU Bid Scanner
==================================================
Searching 7 keyword groups across sources...

Searching BidNet Direct (CA public bids)...
  → Searching: "flooring"...
    ✓ 74 listed, 25 parsed
  → Searching: "carpet"...
    ✓ 22 listed, 22 parsed
  → Searching: "resilient flooring"...
    ✓ 1 listed, 1 parsed
  → Searching: "window covering"...
    ✓ 1 listed, 1 parsed
  → Searching: "blinds"...
    ✓ 3 listed, 3 parsed
  → Searching: "LVT vinyl"...
    ✓ 0 listed, 0 parsed
  → Searching: "tile installation"...
    ✓ 1 listed, 1 parsed

Searching Cal eProcure (CA state portal)...
  → "flooring": 100 rows, 100 parsed
  → "carpet": 2 rows, 2 parsed
  → "resilient flooring": 1 rows, 1 parsed
  → "window covering": 2 rows, 2 parsed
  → "blinds": 2 rows, 2 parsed
  → "LVT vinyl": 2 rows, 2 parsed
  → "tile installation": 2 rows, 2 parsed
  ✓ Cal eProcure total: 111 bids

Searching SoCal Plan Room...
  ✓ 1 open bids (0 flooring-relevant)

Searching Crisp Plan Room...
  ✓ 13 open bids fetched, 0 flooring-relevant

Searching Caltrans CCOP (all CA districts)...
  ✓ 149 projects scanned, 0 flooring-relevant

Searching SAM.gov (federal CA Contract Opportunities)...
  → "flooring"...
    ✓ 96 CA bids
  → "carpet"...
    ✓ 52 CA bids
  → "resilient flooring"...
    ✓ 1 CA bids
  → "window covering"...
    ✓ 7 CA bids
  → "blinds"...
    ✓ 14 CA bids
  → "LVT vinyl"...
    ✓ 0 CA bids
  → "tile installation"...
    ✓ 25 CA bids

Searching Quality Bidders (CA school district bids)...
  ✓ 13 open bids fetched, 0 flooring-relevant

Total: 342 unique CA bids (80 relevant to flooring)

Saving to Supabase...
  ✓ 9 new bids added · 333 existing updated

Sending scan summary...
  ✓ Email sent to ['leonardo.gutarra001@gmail.com']
  ✓ Scan summary sent (5 sources)
  Sending new-bid digest (2 relevant)...
  ✓ Email sent to ['ben@benlee.ventures', 'lee.joanne.c@gmail.com', 'floorcoveringunltd@msn.com', 'leonardo.gutarra001@gmail.com']

  342 total bids · 80 flooring/relevant
FCU Bid Scanner
==================================================
Searching 7 keyword groups across sources...

Searching BidNet Direct (CA public bids)...
  → Searching: "flooring"...
    ✓ 76 listed, 25 parsed
  → Searching: "carpet"...
    ✓ 22 listed, 22 parsed
  → Searching: "resilient flooring"...
    ✓ 1 listed, 1 parsed
  → Searching: "window covering"...
    ✓ 0 listed, 0 parsed
  → Searching: "blinds"...
    ✓ 2 listed, 2 parsed
  → Searching: "LVT vinyl"...
    ✓ 0 listed, 0 parsed
  → Searching: "tile installation"...
    ✓ 0 listed, 0 parsed

Searching Cal eProcure (CA state portal)...
  → "flooring": 100 rows, 100 parsed
  → "carpet": 2 rows, 2 parsed
  → "resilient flooring": 2 rows, 2 parsed
  → "window covering": 2 rows, 2 parsed
  → "blinds": 1 rows, 1 parsed
  → "LVT vinyl": 1 rows, 1 parsed
  → "tile installation": 2 rows, 2 parsed
  ✓ Cal eProcure total: 110 bids

Searching SoCal Plan Room...
  ✓ 1 open bids (0 flooring-relevant)

Searching Crisp Plan Room...
  ✓ 11 open bids fetched, 0 flooring-relevant

Searching Caltrans CCOP (all CA districts)...
  ✓ 149 projects scanned, 0 flooring-relevant

Searching SAM.gov (federal CA Contract Opportunities)...
  → "flooring"...
    ✓ 95 CA bids
  → "carpet"...
    ✓ 50 CA bids
  → "resilient flooring"...
    ✓ 1 CA bids
  → "window covering"...
    ✓ 8 CA bids
  → "blinds"...
    ✓ 14 CA bids
  → "LVT vinyl"...
    ✓ 0 CA bids
  → "tile installation"...
    ✓ 25 CA bids

Searching Quality Bidders (CA school district bids)...
  ✓ 11 open bids fetched, 0 flooring-relevant

Total: 337 unique CA bids (76 relevant to flooring)

Saving to Supabase...
  ✓ 8 new bids added · 329 existing updated

Sending scan summary...
  ✓ Email sent to ['leonardo.gutarra001@gmail.com']
  ✓ Scan summary sent (5 sources)

  337 total bids · 76 flooring/relevant
FCU Bid Scanner
==================================================
Searching 7 keyword groups across sources...

Searching BidNet Direct (CA public bids)...
  → Searching: "flooring"...
    ✓ 80 listed, 25 parsed
  → Searching: "carpet"...
    ✓ 23 listed, 23 parsed
  → Searching: "resilient flooring"...
    ✓ 1 listed, 1 parsed
  → Searching: "window covering"...
    ✓ 0 listed, 0 parsed
  → Searching: "blinds"...
    ✓ 1 listed, 1 parsed
  → Searching: "LVT vinyl"...
    ✓ 0 listed, 0 parsed
  → Searching: "tile installation"...
    ✓ 0 listed, 0 parsed

Searching Cal eProcure (CA state portal)...
  → "flooring": 2 rows, 2 parsed
  → "carpet": 2 rows, 2 parsed
  → "resilient flooring": 2 rows, 2 parsed
  → "window covering": 2 rows, 2 parsed
  → "blinds": 1 rows, 1 parsed
  → "LVT vinyl": 1 rows, 1 parsed
  → "tile installation": 2 rows, 2 parsed
  ✓ Cal eProcure total: 12 bids

Searching SoCal Plan Room...
  ✓ 1 open bids (0 flooring-relevant)

Searching Crisp Plan Room...
  ✓ 10 open bids fetched, 0 flooring-relevant

Searching Caltrans CCOP (all CA districts)...
  ✓ 149 projects scanned, 0 flooring-relevant

Searching SAM.gov (federal CA Contract Opportunities)...
  → "flooring"...
    ✓ 93 CA bids
  → "carpet"...
    ✓ 54 CA bids
  → "resilient flooring"...
    ✓ 1 CA bids
  → "window covering"...
    ✓ 8 CA bids
  → "blinds"...
    ✓ 14 CA bids
  → "LVT vinyl"...
    ✓ 0 CA bids
  → "tile installation"...
    ✓ 26 CA bids

Searching Quality Bidders (CA school district bids)...
  ✓ 11 open bids fetched, 0 flooring-relevant

Total: 239 unique CA bids (82 relevant to flooring)

Saving to Supabase...
  ✓ 19 new bids added · 220 existing updated

Sending scan summary...
  ✓ Email sent to ['leonardo.gutarra001@gmail.com']
  ✓ Scan summary sent (5 sources)
  Sending new-bid digest (9 relevant)...
  ✓ Email sent to ['ben@benlee.ventures', 'lee.joanne.c@gmail.com', 'floorcoveringunltd@msn.com', 'leonardo.gutarra001@gmail.com']

  239 total bids · 82 flooring/relevant
FCU Bid Scanner
==================================================
Searching 7 keyword groups across sources...

Searching BidNet Direct (CA public bids)...
  → Searching: "flooring"...
    ✓ 84 listed, 25 parsed
  → Searching: "carpet"...
    ✓ 23 listed, 23 parsed
  → Searching: "resilient flooring"...
    ✓ 0 listed, 0 parsed
  → Searching: "window covering"...
    ✓ 0 listed, 0 parsed
  → Searching: "blinds"...
    ✓ 2 listed, 2 parsed
  → Searching: "LVT vinyl"...
    ✓ 0 listed, 0 parsed
  → Searching: "tile installation"...
    ✓ 0 listed, 0 parsed

Searching Cal eProcure (CA state portal)...
  → "flooring": 2 rows, 2 parsed
  → "carpet": 2 rows, 2 parsed
  → "resilient flooring": 2 rows, 2 parsed
  → "window covering": 2 rows, 2 parsed
  → "blinds": 1 rows, 1 parsed
  → "LVT vinyl": 2 rows, 2 parsed
  → "tile installation": 2 rows, 2 parsed
  ✓ Cal eProcure total: 13 bids

Searching SoCal Plan Room...
  ✓ 1 open bids (0 flooring-relevant)

Searching Crisp Plan Room...
  ✓ 10 open bids fetched, 0 flooring-relevant

Searching Caltrans CCOP (all CA districts)...
  ✓ 149 projects scanned, 0 flooring-relevant

Searching SAM.gov (federal CA Contract Opportunities)...
  → "flooring"...
    ✓ 92 CA bids
  → "carpet"...
    ✓ 53 CA bids
  → "resilient flooring"...
    ✓ 1 CA bids
  → "window covering"...
    ✓ 8 CA bids
  → "blinds"...
    ✓ 17 CA bids
  → "LVT vinyl"...
    ✓ 0 CA bids
  → "tile installation"...
    ✓ 28 CA bids

Searching Quality Bidders (CA school district bids)...
  ✓ 11 open bids fetched, 0 flooring-relevant

Total: 239 unique CA bids (82 relevant to flooring)

Saving to Supabase...
  ✓ 18 new bids added · 221 existing updated

Sending scan summary...
  ✓ Email sent to ['leonardo.gutarra001@gmail.com']
  ✓ Scan summary sent (5 sources)
  Sending new-bid digest (5 relevant)...
  ✓ Email sent to ['ben@benlee.ventures', 'lee.joanne.c@gmail.com', 'floorcoveringunltd@msn.com', 'leonardo.gutarra001@gmail.com']

  239 total bids · 82 flooring/relevant
FCU Bid Scanner
==================================================
Searching 7 keyword groups across sources...

Searching BidNet Direct (CA public bids)...
  → Searching: "flooring"...
    ✓ 82 listed, 25 parsed
  → Searching: "carpet"...
    ✓ 24 listed, 24 parsed
  → Searching: "resilient flooring"...
    ✓ 0 listed, 0 parsed
  → Searching: "window covering"...
    ✓ 0 listed, 0 parsed
  → Searching: "blinds"...
    ✓ 3 listed, 3 parsed
  → Searching: "LVT vinyl"...
    ✓ 0 listed, 0 parsed
  → Searching: "tile installation"...
    ✓ 0 listed, 0 parsed

Searching Cal eProcure (CA state portal)...
  → "flooring": 2 rows, 2 parsed
  → "carpet": 1 rows, 1 parsed
  → "resilient flooring": 2 rows, 2 parsed
  → "window covering": 1 rows, 1 parsed
  → "blinds": 2 rows, 2 parsed
  → "LVT vinyl": 2 rows, 2 parsed
  → "tile installation": 2 rows, 2 parsed
  ✓ Cal eProcure total: 12 bids

Searching SoCal Plan Room...
  ✓ 0 open bids (0 flooring-relevant)

Searching Crisp Plan Room...
  ✓ 9 open bids fetched, 0 flooring-relevant

Searching Caltrans CCOP (all CA districts)...
  ✓ 149 projects scanned, 0 flooring-relevant

Searching SAM.gov (federal CA Contract Opportunities)...
  → "flooring"...
    ✓ 92 CA bids
  → "carpet"...
    ✓ 48 CA bids
  → "resilient flooring"...
    ✓ 1 CA bids
  → "window covering"...
    ✓ 7 CA bids
  → "blinds"...
    ✓ 16 CA bids
  → "LVT vinyl"...
    ✓ 0 CA bids
  → "tile installation"...
    ✓ 26 CA bids

Searching Quality Bidders (CA school district bids)...
  ✓ 9 open bids fetched, 0 flooring-relevant

Total: 231 unique CA bids (81 relevant to flooring)

Saving to Supabase...
  ✓ 12 new bids added · 219 existing updated

Sending scan summary...
  ✓ Email sent to ['leonardo.gutarra001@gmail.com']
  ✓ Scan summary sent (4 sources)
  Sending new-bid digest (3 relevant)...
  ✓ Email sent to ['ben@benlee.ventures', 'lee.joanne.c@gmail.com', 'floorcoveringunltd@msn.com', 'leonardo.gutarra001@gmail.com']

  231 total bids · 81 flooring/relevant
FCU Bid Scanner
==================================================
Searching 7 keyword groups across sources...

Searching BidNet Direct (CA public bids)...
  → Searching: "flooring"...
    ✓ 81 listed, 25 parsed
  → Searching: "carpet"...
    ✓ 23 listed, 23 parsed
  → Searching: "resilient flooring"...
    ✓ 0 listed, 0 parsed
  → Searching: "window covering"...
    ✓ 0 listed, 0 parsed
  → Searching: "blinds"...
    ✓ 3 listed, 3 parsed
  → Searching: "LVT vinyl"...
    ✓ 0 listed, 0 parsed
  → Searching: "tile installation"...
    ✓ 0 listed, 0 parsed

Searching Cal eProcure (CA state portal)...
  → "flooring": 0 rows, 0 parsed
  → "carpet": 0 rows, 0 parsed
  → "resilient flooring": 0 rows, 0 parsed
  → "window covering": 0 rows, 0 parsed
  → "blinds": 0 rows, 0 parsed
  → "LVT vinyl": 0 rows, 0 parsed
  → "tile installation": 0 rows, 0 parsed
  ✓ Cal eProcure total: 0 bids

Searching SoCal Plan Room...
  ✓ 0 open bids (0 flooring-relevant)

Searching Crisp Plan Room...
  ✓ 10 open bids fetched, 0 flooring-relevant

Searching Caltrans CCOP (all CA districts)...
  ✓ 149 projects scanned, 0 flooring-relevant

Searching SAM.gov (federal CA Contract Opportunities)...
  → "flooring"...
    ✓ 91 CA bids
  → "carpet"...
    ✓ 51 CA bids
  → "resilient flooring"...
    ✓ 2 CA bids
  → "window covering"...
    ✓ 7 CA bids
  → "blinds"...
    ✓ 16 CA bids
  → "LVT vinyl"...
    ✓ 0 CA bids
  → "tile installation"...
    ✓ 25 CA bids

Searching Quality Bidders (CA school district bids)...
  ✓ 9 open bids fetched, 0 flooring-relevant

Total: 231 unique CA bids (82 relevant to flooring)

Saving to Supabase...
  ✓ 9 new bids added · 222 existing updated

Sending scan summary...
  ✓ Email sent to ['leonardo.gutarra001@gmail.com']
  ✓ Scan summary sent (3 sources)
  Sending new-bid digest (4 relevant)...
  ✓ Email sent to ['ben@benlee.ventures', 'lee.joanne.c@gmail.com', 'floorcoveringunltd@msn.com', 'leonardo.gutarra001@gmail.com']

  231 total bids · 82 flooring/relevant
FCU Bid Scanner
==================================================
Searching 7 keyword groups across sources...

Searching BidNet Direct (CA public bids)...
  → Searching: "flooring"...
    ✓ 76 listed, 25 parsed
  → Searching: "carpet"...
    ✓ 21 listed, 21 parsed
  → Searching: "resilient flooring"...
    ✓ 0 listed, 0 parsed
  → Searching: "window covering"...
    ✓ 0 listed, 0 parsed
  → Searching: "blinds"...
    ✓ 3 listed, 3 parsed
  → Searching: "LVT vinyl"...
    ✓ 0 listed, 0 parsed
  → Searching: "tile installation"...
    ✓ 0 listed, 0 parsed

Searching Cal eProcure (CA state portal)...
  → "flooring": 0 rows, 0 parsed
  → "carpet": 0 rows, 0 parsed
  → "resilient flooring": 0 rows, 0 parsed
  → "window covering": 0 rows, 0 parsed
  → "blinds": 0 rows, 0 parsed
  → "LVT vinyl": 0 rows, 0 parsed
  → "tile installation": 0 rows, 0 parsed
  ✓ Cal eProcure total: 0 bids

Searching SoCal Plan Room...
  ✓ 0 open bids (0 flooring-relevant)

Searching Crisp Plan Room...
  ✓ 10 open bids fetched, 0 flooring-relevant

Searching Caltrans CCOP (all CA districts)...
  ✓ 149 projects scanned, 0 flooring-relevant

Searching SAM.gov (federal CA Contract Opportunities)...
  → "flooring"...
    ✓ 92 CA bids
  → "carpet"...
    ✓ 52 CA bids
  → "resilient flooring"...
    ✓ 1 CA bids
  → "window covering"...
    ✓ 7 CA bids
  → "blinds"...
    ✓ 17 CA bids
  → "LVT vinyl"...
    ✓ 0 CA bids
  → "tile installation"...
    ✓ 25 CA bids

Searching Quality Bidders (CA school district bids)...
  ✓ 8 open bids fetched, 0 flooring-relevant

Total: 231 unique CA bids (86 relevant to flooring)

Saving to Supabase...
  ✓ 10 new bids added · 221 existing updated

Sending scan summary...
  ✓ Email sent to ['leonardo.gutarra001@gmail.com']
  ✓ Scan summary sent (3 sources)
  Sending new-bid digest (5 relevant)...
  ✓ Email sent to ['ben@benlee.ventures', 'lee.joanne.c@gmail.com', 'floorcoveringunltd@msn.com', 'leonardo.gutarra001@gmail.com']

  231 total bids · 86 flooring/relevant
FCU Bid Scanner
==================================================
Searching 7 keyword groups across sources...

Searching BidNet Direct (CA public bids)...
  → Searching: "flooring"...
    ✓ 74 listed, 25 parsed
  → Searching: "carpet"...
    ✓ 21 listed, 21 parsed
  → Searching: "resilient flooring"...
    ✓ 0 listed, 0 parsed
  → Searching: "window covering"...
    ✓ 0 listed, 0 parsed
  → Searching: "blinds"...
    ✓ 3 listed, 3 parsed
  → Searching: "LVT vinyl"...
    ✓ 0 listed, 0 parsed
  → Searching: "tile installation"...
    ✓ 0 listed, 0 parsed

Searching Cal eProcure (CA state portal)...
  → "flooring": 0 rows, 0 parsed
  → "carpet": 0 rows, 0 parsed
  → "resilient flooring": 0 rows, 0 parsed
  → "window covering": 0 rows, 0 parsed
  → "blinds": 0 rows, 0 parsed
  → "LVT vinyl": 0 rows, 0 parsed
  → "tile installation": 0 rows, 0 parsed
  ✓ Cal eProcure total: 0 bids

Searching SoCal Plan Room...
  ✓ 0 open bids (0 flooring-relevant)

Searching Crisp Plan Room...
  ✓ 0 open bids fetched, 0 flooring-relevant

Searching Caltrans CCOP (all CA districts)...
  ✓ 149 projects scanned, 0 flooring-relevant

Searching SAM.gov (federal CA Contract Opportunities)...
  → "flooring"...
    ✓ 92 CA bids
  → "carpet"...
    ✓ 50 CA bids
  → "resilient flooring"...
    ✓ 1 CA bids
  → "window covering"...
    ✓ 8 CA bids
  → "blinds"...
    ✓ 18 CA bids
  → "LVT vinyl"...
    ✓ 0 CA bids
  → "tile installation"...
    ✓ 25 CA bids

Searching Quality Bidders (CA school district bids)...
  ✓ 8 open bids fetched, 0 flooring-relevant

Total: 221 unique CA bids (86 relevant to flooring)

Saving to Supabase...
  ✓ 10 new bids added · 211 existing updated

Sending scan summary...
  ✓ Email sent to ['leonardo.gutarra001@gmail.com']
  ✓ Scan summary sent (2 sources)
  Sending new-bid digest (4 relevant)...
  ✓ Email sent to ['ben@benlee.ventures', 'lee.joanne.c@gmail.com', 'floorcoveringunltd@msn.com', 'leonardo.gutarra001@gmail.com']

  221 total bids · 86 flooring/relevant
FCU Bid Scanner
==================================================
Searching 7 keyword groups across sources...

Searching BidNet Direct (CA public bids)...
  → Searching: "flooring"...
    ✓ 72 listed, 25 parsed
  → Searching: "carpet"...
    ✓ 19 listed, 19 parsed
  → Searching: "resilient flooring"...
    ✓ 0 listed, 0 parsed
  → Searching: "window covering"...
    ✓ 0 listed, 0 parsed
  → Searching: "blinds"...
    ✓ 3 listed, 3 parsed
  → Searching: "LVT vinyl"...
    ✓ 0 listed, 0 parsed
  → Searching: "tile installation"...
    ✓ 0 listed, 0 parsed

Searching Cal eProcure (CA state portal)...
  → "flooring": 0 rows, 0 parsed
  → "carpet": 0 rows, 0 parsed
  → "resilient flooring": 0 rows, 0 parsed
  → "window covering": 0 rows, 0 parsed
  → "blinds": 0 rows, 0 parsed
  → "LVT vinyl": 0 rows, 0 parsed
  → "tile installation": 0 rows, 0 parsed
  ✓ Cal eProcure total: 0 bids

Searching SoCal Plan Room...
  ✓ 0 open bids (0 flooring-relevant)

Searching Crisp Plan Room...
  ✓ 12 open bids fetched, 0 flooring-relevant

Searching Caltrans CCOP (all CA districts)...
  ✓ 149 projects scanned, 0 flooring-relevant

Searching SAM.gov (federal CA Contract Opportunities)...
  → "flooring"...
    ✓ 93 CA bids
  → "carpet"...
    ✓ 50 CA bids
  → "resilient flooring"...
    ✓ 1 CA bids
  → "window covering"...
    ✓ 7 CA bids
  → "blinds"...
    ✓ 17 CA bids
  → "LVT vinyl"...
    ✓ 0 CA bids
  → "tile installation"...
    ✓ 24 CA bids

Searching Quality Bidders (CA school district bids)...
  ✓ 7 open bids fetched, 0 flooring-relevant

Total: 229 unique CA bids (86 relevant to flooring)

Saving to Supabase...
  ✓ 15 new bids added · 214 existing updated

Sending scan summary...
  ✓ Email sent to ['leonardo.gutarra001@gmail.com']
  ✓ Scan summary sent (3 sources)
  Sending new-bid digest (5 relevant)...
  ✓ Email sent to ['ben@benlee.ventures', 'lee.joanne.c@gmail.com', 'floorcoveringunltd@msn.com', 'leonardo.gutarra001@gmail.com']

  229 total bids · 86 flooring/relevant
FCU Bid Scanner
==================================================
Searching 7 keyword groups across sources...

Searching BidNet Direct (CA public bids)...
  → Searching: "flooring"...
    ✓ 75 listed, 25 parsed
  → Searching: "carpet"...
    ✓ 21 listed, 21 parsed
  → Searching: "resilient flooring"...
    ✓ 0 listed, 0 parsed
  → Searching: "window covering"...
    ✓ 0 listed, 0 parsed
  → Searching: "blinds"...
    ✓ 3 listed, 3 parsed
  → Searching: "LVT vinyl"...
    ✓ 0 listed, 0 parsed
  → Searching: "tile installation"...
    ✓ 0 listed, 0 parsed

Searching Cal eProcure (CA state portal)...
  → "flooring": 0 rows, 0 parsed
  → "carpet": 0 rows, 0 parsed
  → "resilient flooring": 0 rows, 0 parsed
  → "window covering": 0 rows, 0 parsed
  → "blinds": 0 rows, 0 parsed
  → "LVT vinyl": 0 rows, 0 parsed
  → "tile installation": 100 rows, 100 parsed
  ✓ Cal eProcure total: 100 bids

Searching SoCal Plan Room...
  ✓ 0 open bids (0 flooring-relevant)

Searching Crisp Plan Room...
  ✓ 11 open bids fetched, 0 flooring-relevant

Searching Caltrans CCOP (all CA districts)...
  ✓ 149 projects scanned, 0 flooring-relevant

Searching SAM.gov (federal CA Contract Opportunities)...
  → "flooring"...
    ✓ 93 CA bids
  → "carpet"...
    ✓ 46 CA bids
  → "resilient flooring"...
    ✓ 1 CA bids
  → "window covering"...
    ✓ 7 CA bids
  → "blinds"...
    ✓ 17 CA bids
  → "LVT vinyl"...
    ✓ 0 CA bids
  → "tile installation"...
    ✓ 24 CA bids

Searching Quality Bidders (CA school district bids)...
  ✓ 8 open bids fetched, 0 flooring-relevant

Total: 324 unique CA bids (85 relevant to flooring)

Saving to Supabase...
  ✓ 10 new bids added · 314 existing updated

Sending scan summary...
  ✓ Email sent to ['leonardo.gutarra001@gmail.com']
  ✓ Scan summary sent (4 sources)
  Sending new-bid digest (2 relevant)...
  ✓ Email sent to ['ben@benlee.ventures', 'lee.joanne.c@gmail.com', 'floorcoveringunltd@msn.com', 'leonardo.gutarra001@gmail.com']

  324 total bids · 85 flooring/relevant
FCU Bid Scanner
==================================================
Searching 7 keyword groups across sources...

Searching BidNet Direct (CA public bids)...
  → Searching: "flooring"...
    ✓ 74 listed, 25 parsed
  → Searching: "carpet"...
    ✓ 19 listed, 19 parsed
  → Searching: "resilient flooring"...
    ✓ 0 listed, 0 parsed
  → Searching: "window covering"...
    ✓ 0 listed, 0 parsed
  → Searching: "blinds"...
    ✓ 3 listed, 3 parsed
  → Searching: "LVT vinyl"...
    ✓ 0 listed, 0 parsed
  → Searching: "tile installation"...
    ✓ 0 listed, 0 parsed

Searching Cal eProcure (CA state portal)...
  → "flooring": 0 rows, 0 parsed
  → "carpet": 0 rows, 0 parsed
  → "resilient flooring": 0 rows, 0 parsed
  → "window covering": 0 rows, 0 parsed
  → "blinds": 0 rows, 0 parsed
  → "LVT vinyl": 0 rows, 0 parsed
  → "tile installation": 0 rows, 0 parsed
  ✓ Cal eProcure total: 0 bids

Searching SoCal Plan Room...
  ✓ 0 open bids (0 flooring-relevant)

Searching Crisp Plan Room...
  ✓ 11 open bids fetched, 0 flooring-relevant

Searching Caltrans CCOP (all CA districts)...
  ✓ 149 projects scanned, 0 flooring-relevant

Searching SAM.gov (federal CA Contract Opportunities)...
  → "flooring"...
    ✓ 93 CA bids
  → "carpet"...
    ✓ 49 CA bids
  → "resilient flooring"...
    ✓ 1 CA bids
  → "window covering"...
    ✓ 9 CA bids
  → "blinds"...
    ✓ 17 CA bids
  → "LVT vinyl"...
    ✓ 0 CA bids
  → "tile installation"...
    ✓ 25 CA bids

Searching Quality Bidders (CA school district bids)...
  ✓ 8 open bids fetched, 0 flooring-relevant

Total: 231 unique CA bids (88 relevant to flooring)

Saving to Supabase...
  ✓ 12 new bids added · 219 existing updated

Sending scan summary...
  ✓ Email sent to ['leonardo.gutarra001@gmail.com']
  ✓ Scan summary sent (3 sources)
  Sending new-bid digest (6 relevant)...
  ✓ Email sent to ['ben@benlee.ventures', 'lee.joanne.c@gmail.com', 'floorcoveringunltd@msn.com', 'leonardo.gutarra001@gmail.com']

  231 total bids · 88 flooring/relevant
FCU Bid Scanner
==================================================
Searching 7 keyword groups across sources...

Searching BidNet Direct (CA public bids)...
  → Searching: "flooring"...
    ✓ 71 listed, 25 parsed
  → Searching: "carpet"...
    ✓ 17 listed, 17 parsed
  → Searching: "resilient flooring"...
    ✓ 0 listed, 0 parsed
  → Searching: "window covering"...
    ✓ 0 listed, 0 parsed
  → Searching: "blinds"...
    ✓ 3 listed, 3 parsed
  → Searching: "LVT vinyl"...
    ✓ 0 listed, 0 parsed
  → Searching: "tile installation"...
    ✓ 0 listed, 0 parsed

Searching Cal eProcure (CA state portal)...
  → "flooring": 0 rows, 0 parsed
  → "carpet": 0 rows, 0 parsed
  → "resilient flooring": 0 rows, 0 parsed
  → "window covering": 0 rows, 0 parsed
  → "blinds": 0 rows, 0 parsed
  → "LVT vinyl": 0 rows, 0 parsed
  → "tile installation": 0 rows, 0 parsed
  ✓ Cal eProcure total: 0 bids

Searching SoCal Plan Room...
  ✓ 0 open bids (0 flooring-relevant)

Searching Crisp Plan Room...
  ✓ 13 open bids fetched, 0 flooring-relevant

Searching Caltrans CCOP (all CA districts)...
  ✓ 149 projects scanned, 0 flooring-relevant

Searching SAM.gov (federal CA Contract Opportunities)...
  → "flooring"...
    ✓ 92 CA bids
  → "carpet"...
    ✓ 49 CA bids
  → "resilient flooring"...
    ✓ 1 CA bids
  → "window covering"...
    ✓ 10 CA bids
  → "blinds"...
    ✓ 18 CA bids
  → "LVT vinyl"...
    ✓ 0 CA bids
  → "tile installation"...
    ✓ 25 CA bids

Searching Quality Bidders (CA school district bids)...
  ✓ 8 open bids fetched, 0 flooring-relevant

Total: 234 unique CA bids (90 relevant to flooring)

Saving to Supabase...
  ✓ 15 new bids added · 219 existing updated

Sending scan summary...
  ✓ Email sent to ['leonardo.gutarra001@gmail.com']
  ✓ Scan summary sent (3 sources)
  Sending new-bid digest (6 relevant)...
  ✓ Email sent to ['ben@benlee.ventures', 'lee.joanne.c@gmail.com', 'floorcoveringunltd@msn.com', 'leonardo.gutarra001@gmail.com']

  234 total bids · 90 flooring/relevant
FCU Bid Scanner
==================================================
Searching 7 keyword groups across sources...

Searching BidNet Direct (CA public bids)...
  → Searching: "flooring"...
    ✓ 67 listed, 25 parsed
  → Searching: "carpet"...
    ✓ 16 listed, 16 parsed
  → Searching: "resilient flooring"...
    ✓ 0 listed, 0 parsed
  → Searching: "window covering"...
    ✓ 0 listed, 0 parsed
  → Searching: "blinds"...
    ✓ 2 listed, 2 parsed
  → Searching: "LVT vinyl"...
    ✓ 0 listed, 0 parsed
  → Searching: "tile installation"...
    ✓ 0 listed, 0 parsed

Searching Cal eProcure (CA state portal)...
  → "flooring": 0 rows, 0 parsed
  → "carpet": 0 rows, 0 parsed
  → "resilient flooring": 0 rows, 0 parsed
  → "window covering": 0 rows, 0 parsed
  → "blinds": 0 rows, 0 parsed
  → "LVT vinyl": 0 rows, 0 parsed
  → "tile installation": 0 rows, 0 parsed
  ✓ Cal eProcure total: 0 bids

Searching SoCal Plan Room...
  ✓ 0 open bids (0 flooring-relevant)

Searching Crisp Plan Room...
  ✓ 13 open bids fetched, 0 flooring-relevant

Searching Caltrans CCOP (all CA districts)...
  ✓ 149 projects scanned, 0 flooring-relevant

Searching SAM.gov (federal CA Contract Opportunities)...
  → "flooring"...
    ✓ 92 CA bids
  → "carpet"...
    ✓ 54 CA bids
  → "resilient flooring"...
    ✓ 1 CA bids
  → "window covering"...
    ✓ 11 CA bids
  → "blinds"...
    ✓ 19 CA bids
  → "LVT vinyl"...
    ✓ 0 CA bids
  → "tile installation"...
    ✓ 27 CA bids

Searching Quality Bidders (CA school district bids)...
  ✓ 8 open bids fetched, 0 flooring-relevant

Total: 241 unique CA bids (96 relevant to flooring)

Saving to Supabase...
  ✓ 13 new bids added · 228 existing updated

Sending scan summary...
  ✓ Email sent to ['leonardo.gutarra001@gmail.com']
  ✓ Scan summary sent (3 sources)
  Sending new-bid digest (6 relevant)...
  ✓ Email sent to ['ben@benlee.ventures', 'lee.joanne.c@gmail.com', 'floorcoveringunltd@msn.com', 'leonardo.gutarra001@gmail.com']

  241 total bids · 96 flooring/relevant
FCU Bid Scanner
==================================================
Searching 7 keyword groups across sources...

Searching BidNet Direct (CA public bids)...
  → Searching: "flooring"...
    ✓ 71 listed, 25 parsed
  → Searching: "carpet"...
    ✓ 14 listed, 14 parsed
  → Searching: "resilient flooring"...
    ✓ 0 listed, 0 parsed
  → Searching: "window covering"...
    ✓ 0 listed, 0 parsed
  → Searching: "blinds"...
    ✓ 2 listed, 2 parsed
  → Searching: "LVT vinyl"...
    ✓ 0 listed, 0 parsed
  → Searching: "tile installation"...
    ✓ 0 listed, 0 parsed

Searching Cal eProcure (CA state portal)...
  → "flooring": 0 rows, 0 parsed
  → "carpet": 0 rows, 0 parsed
  → "resilient flooring": 0 rows, 0 parsed
  → "window covering": 0 rows, 0 parsed
  → "blinds": 0 rows, 0 parsed
  → "LVT vinyl": 0 rows, 0 parsed
  ⚠ Cal eProcure error for 'tile installation': ElementHandle.click: Timeout 30000ms exceeded.
Call log:
  - attempting click action
    2 × waiting for element to be visible, enabled and stable
      - element is visible, enabled and stable
      - scrolling into view if needed
      - done scrolling
      - <div class="overlay">↵    </div> from <div id="loadingContainer">…</div> subtree intercepts pointer events
    - retrying click action
    - waiting 20ms
    2 × waiting for element to be visible, enabled and stable
      - element is visible, enabled and stable
      - scrolling into view if needed
      - done scrolling
      - <div class="overlay">↵    </div> from <div id="loadingContainer">…</div> subtree intercepts pointer events
    - retrying click action
      - waiting 100ms
    42 × waiting for element to be visible, enabled and stable
       - element is visible, enabled and stable
       - scrolling into view if needed
       - done scrolling
       - <div class="overlay">↵    </div> from <div id="loadingContainer">…</div> subtree intercepts pointer events
     - retrying click action
       - waiting 500ms

  ✓ Cal eProcure total: 0 bids

Searching SoCal Plan Room...
  ✓ 0 open bids (0 flooring-relevant)

Searching Crisp Plan Room...
  ✓ 11 open bids fetched, 0 flooring-relevant

Searching Caltrans CCOP (all CA districts)...
  ✓ 149 projects scanned, 0 flooring-relevant

Searching SAM.gov (federal CA Contract Opportunities)...
  → "flooring"...
    ✓ 92 CA bids
  → "carpet"...
    ✓ 54 CA bids
  → "resilient flooring"...
    ✓ 1 CA bids
  → "window covering"...
    ✓ 11 CA bids
  → "blinds"...
    ✓ 18 CA bids
  → "LVT vinyl"...
    ✓ 0 CA bids
  → "tile installation"...
    ✓ 26 CA bids

Searching Quality Bidders (CA school district bids)...
  ✓ 9 open bids fetched, 0 flooring-relevant

Total: 237 unique CA bids (94 relevant to flooring)

Saving to Supabase...
  ✓ 10 new bids added · 227 existing updated

Sending scan summary...
  ✓ Email sent to ['leonardo.gutarra001@gmail.com']
  ✓ Scan summary sent (3 sources)
  Sending new-bid digest (4 relevant)...
  ✓ Email sent to ['ben@benlee.ventures', 'lee.joanne.c@gmail.com', 'floorcoveringunltd@msn.com', 'leonardo.gutarra001@gmail.com']

  237 total bids · 94 flooring/relevant
FCU Bid Scanner
==================================================
Searching 7 keyword groups across sources...

Searching BidNet Direct (CA public bids)...
  → Searching: "flooring"...
    ✓ 69 listed, 25 parsed
  → Searching: "carpet"...
    ✓ 15 listed, 15 parsed
  → Searching: "resilient flooring"...
    ✓ 0 listed, 0 parsed
  → Searching: "window covering"...
    ✓ 0 listed, 0 parsed
  → Searching: "blinds"...
    ✓ 2 listed, 2 parsed
  → Searching: "LVT vinyl"...
    ✓ 0 listed, 0 parsed
  → Searching: "tile installation"...
    ✓ 0 listed, 0 parsed

Searching Cal eProcure (CA state portal)...
  → "flooring": 0 rows, 0 parsed
  → "carpet": 0 rows, 0 parsed
  → "resilient flooring": 0 rows, 0 parsed
  → "window covering": 0 rows, 0 parsed
  → "blinds": 0 rows, 0 parsed
  → "LVT vinyl": 0 rows, 0 parsed
  → "tile installation": 0 rows, 0 parsed
  ✓ Cal eProcure total: 0 bids

Searching SoCal Plan Room...
  ✓ 0 open bids (0 flooring-relevant)

Searching Crisp Plan Room...
  ✓ 9 open bids fetched, 0 flooring-relevant

Searching Caltrans CCOP (all CA districts)...
  ✓ 149 projects scanned, 0 flooring-relevant

Searching SAM.gov (federal CA Contract Opportunities)...
  → "flooring"...
    ✓ 98 CA bids
  → "carpet"...
    ✓ 55 CA bids
  → "resilient flooring"...
    ✓ 2 CA bids
  → "window covering"...
    ✓ 12 CA bids
  → "blinds"...
    ✓ 18 CA bids
  → "LVT vinyl"...
    ✓ 0 CA bids
  → "tile installation"...
    ✓ 22 CA bids

Searching Quality Bidders (CA school district bids)...
  ✓ 11 open bids fetched, 0 flooring-relevant

Total: 243 unique CA bids (99 relevant to flooring)

Saving to Supabase...
  ✓ 25 new bids added · 218 existing updated

Sending scan summary...
  ✓ Email sent to ['leonardo.gutarra001@gmail.com']
  ✓ Scan summary sent (3 sources)
  Sending new-bid digest (9 relevant)...
  ✓ Email sent to ['ben@benlee.ventures', 'lee.joanne.c@gmail.com', 'floorcoveringunltd@msn.com', 'leonardo.gutarra001@gmail.com']

  243 total bids · 99 flooring/relevant
FCU Bid Scanner
==================================================
Searching 7 keyword groups across sources...

Searching BidNet Direct (CA public bids)...
  → Searching: "flooring"...
    ✓ 77 listed, 25 parsed
  → Searching: "carpet"...
    ✓ 17 listed, 17 parsed
  → Searching: "resilient flooring"...
    ✓ 0 listed, 0 parsed
  → Searching: "window covering"...
    ✓ 0 listed, 0 parsed
  → Searching: "blinds"...
    ✓ 3 listed, 3 parsed
  → Searching: "LVT vinyl"...
    ✓ 0 listed, 0 parsed
  → Searching: "tile installation"...
    ✓ 0 listed, 0 parsed

Searching Cal eProcure (CA state portal)...
  → "flooring": 0 rows, 0 parsed
  → "carpet": 0 rows, 0 parsed
  → "resilient flooring": 0 rows, 0 parsed
  → "window covering": 0 rows, 0 parsed
  → "blinds": 0 rows, 0 parsed
  → "LVT vinyl": 0 rows, 0 parsed
  → "tile installation": 0 rows, 0 parsed
  ✓ Cal eProcure total: 0 bids

Searching SoCal Plan Room...
  ✓ 0 open bids (0 flooring-relevant)

Searching Crisp Plan Room...
  ✓ 10 open bids fetched, 0 flooring-relevant

Searching Caltrans CCOP (all CA districts)...
  ✓ 149 projects scanned, 0 flooring-relevant

Searching SAM.gov (federal CA Contract Opportunities)...
  → "flooring"...
    ✓ 98 CA bids
  → "carpet"...
    ✓ 57 CA bids
  → "resilient flooring"...
    ✓ 2 CA bids
  → "window covering"...
    ✓ 12 CA bids
  → "blinds"...
    ✓ 18 CA bids
  → "LVT vinyl"...
    ✓ 0 CA bids
  → "tile installation"...
    ✓ 22 CA bids

Searching Quality Bidders (CA school district bids)...
  ✓ 11 open bids fetched, 0 flooring-relevant

Total: 250 unique CA bids (101 relevant to flooring)

Saving to Supabase...
  ✓ 15 new bids added · 235 existing updated

Sending scan summary...
  ✓ Email sent to ['leonardo.gutarra001@gmail.com']
  ✓ Scan summary sent (3 sources)
  Sending new-bid digest (5 relevant)...
  ✓ Email sent to ['ben@benlee.ventures', 'lee.joanne.c@gmail.com', 'floorcoveringunltd@msn.com', 'leonardo.gutarra001@gmail.com']

  250 total bids · 101 flooring/relevant
FCU Bid Scanner
==================================================
Searching 7 keyword groups across sources...

Searching BidNet Direct (CA public bids)...
  → Searching: "flooring"...
    ✓ 75 listed, 25 parsed
  → Searching: "carpet"...
    ✓ 18 listed, 18 parsed
  → Searching: "resilient flooring"...
    ✓ 0 listed, 0 parsed
  → Searching: "window covering"...
    ✓ 0 listed, 0 parsed
  → Searching: "blinds"...
    ✓ 3 listed, 3 parsed
  → Searching: "LVT vinyl"...
    ✓ 0 listed, 0 parsed
  → Searching: "tile installation"...
    ✓ 0 listed, 0 parsed

Searching Cal eProcure (CA state portal)...
  → "flooring": 0 rows, 0 parsed
  → "carpet": 0 rows, 0 parsed
  → "resilient flooring": 0 rows, 0 parsed
  → "window covering": 0 rows, 0 parsed
  → "blinds": 0 rows, 0 parsed
  → "LVT vinyl": 0 rows, 0 parsed
  → "tile installation": 0 rows, 0 parsed
  ✓ Cal eProcure total: 0 bids

Searching SoCal Plan Room...
  ✓ 0 open bids (0 flooring-relevant)

Searching Crisp Plan Room...
  ✓ 9 open bids fetched, 0 flooring-relevant

Searching Caltrans CCOP (all CA districts)...
  ✓ 149 projects scanned, 0 flooring-relevant

Searching SAM.gov (federal CA Contract Opportunities)...
  → "flooring"...
    ✓ 97 CA bids
  → "carpet"...
    ✓ 57 CA bids
  → "resilient flooring"...
    ✓ 2 CA bids
  → "window covering"...
    ✓ 12 CA bids
  → "blinds"...
    ✓ 18 CA bids
  → "LVT vinyl"...
    ✓ 0 CA bids
  → "tile installation"...
    ✓ 22 CA bids

Searching Quality Bidders (CA school district bids)...
  ✓ 11 open bids fetched, 0 flooring-relevant

Total: 247 unique CA bids (100 relevant to flooring)

Saving to Supabase...
  ✓ 10 new bids added · 237 existing updated

Sending scan summary...
  ✓ Email sent to ['leonardo.gutarra001@gmail.com']
  ✓ Scan summary sent (3 sources)
  Sending new-bid digest (4 relevant)...
  ✓ Email sent to ['ben@benlee.ventures', 'lee.joanne.c@gmail.com', 'floorcoveringunltd@msn.com', 'leonardo.gutarra001@gmail.com']

Syncing new relevant bids to Airtable tracker...
  ✓ 4 new row(s) added to Opportunities

  247 total bids · 100 flooring/relevant
FCU Bid Scanner
==================================================
Searching 7 keyword groups across sources...

Searching BidNet Direct (CA public bids)...
  → Searching: "flooring"...
    ✓ 72 listed, 25 parsed
  → Searching: "carpet"...
    ✓ 20 listed, 20 parsed
  → Searching: "resilient flooring"...
    ✓ 0 listed, 0 parsed
  → Searching: "window covering"...
    ✓ 1 listed, 1 parsed
  → Searching: "blinds"...
    ✓ 4 listed, 4 parsed
  → Searching: "LVT vinyl"...
    ✓ 0 listed, 0 parsed
  → Searching: "tile installation"...
    ✓ 0 listed, 0 parsed

Searching Cal eProcure (CA state portal)...
  ⚠ Cal eProcure unavailable: Page.goto: Timeout 30000ms exceeded.
Call log:
  - navigating to "https://caleprocure.ca.gov/pages/Events-BS3/event-search.aspx", waiting until "networkidle"

  ✓ Cal eProcure total: 0 bids

Searching SoCal Plan Room...
  ✓ 0 open bids (0 flooring-relevant)

Searching Crisp Plan Room...
  ✓ 11 open bids fetched, 0 flooring-relevant

Searching Caltrans CCOP (all CA districts)...
  ✓ 149 projects scanned, 0 flooring-relevant

Searching SAM.gov (federal CA Contract Opportunities)...
  → "flooring"...
    ✓ 98 CA bids
  → "carpet"...
    ✓ 58 CA bids
  → "resilient flooring"...
    ✓ 2 CA bids
  → "window covering"...
    ✓ 0 CA bids
  → "blinds"...
    ✓ 18 CA bids
  → "LVT vinyl"...
    ✓ 0 CA bids
  → "tile installation"...
    ✓ 19 CA bids

Searching Quality Bidders (CA school district bids)...
  ✓ 13 open bids fetched, 0 flooring-relevant

Total: 235 unique CA bids (96 relevant to flooring)

Saving to Supabase...
  ✓ 18 new bids added · 217 existing updated

Sending scan summary...
  ✓ Email sent to ['leonardo.gutarra001@gmail.com']
  ✓ Scan summary sent (3 sources)
  Sending new-bid digest (7 relevant)...
  ✓ Email sent to ['ben@benlee.ventures', 'lee.joanne.c@gmail.com', 'floorcoveringunltd@msn.com', 'leonardo.gutarra001@gmail.com']

Syncing new relevant bids to Airtable tracker...
  ✓ 1 new row(s) added to Opportunities

  235 total bids · 96 flooring/relevant
